date,year,month,region,nhpi,status,nhpi_growth_pct
1986-01-01,1986,1,Alberta,26.4,,
1986-02-01,1986,2,Alberta,26.8,,1.5151515151515138
1986-03-01,1986,3,Alberta,26.9,,0.3731343283581934
1986-04-01,1986,4,Alberta,26.9,,0.0
1986-05-01,1986,5,Alberta,26.9,,0.0
1986-06-01,1986,6,Alberta,27.0,,0.3717472118959231
1986-07-01,1986,7,Alberta,27.0,,0.0
1986-08-01,1986,8,Alberta,27.1,,0.37037037037037646
1986-09-01,1986,9,Alberta,27.1,,0.0
1986-10-01,1986,10,Alberta,27.1,,0.0
1986-11-01,1986,11,Alberta,27.2,,0.36900369003689537
1986-12-01,1986,12,Alberta,27.2,,0.0
1987-01-01,1987,1,Alberta,27.2,,0.0
1987-02-01,1987,2,Alberta,27.4,,0.7352941176470562
1987-03-01,1987,3,Alberta,27.6,,0.7299270072992803
1987-04-01,1987,4,Alberta,27.7,,0.36231884057971175
1987-05-01,1987,5,Alberta,27.9,,0.7220216606498076
1987-06-01,1987,6,Alberta,28.0,,0.35842293906811484
1987-07-01,1987,7,Alberta,28.1,,0.3571428571428559
1987-08-01,1987,8,Alberta,28.3,,0.7117437722419906
1987-09-01,1987,9,Alberta,28.4,,0.35335689045936647
1987-10-01,1987,10,Alberta,28.7,,1.0563380281690238
1987-11-01,1987,11,Alberta,28.8,,0.34843205574912606
1987-12-01,1987,12,Alberta,28.8,,0.0
1988-01-01,1988,1,Alberta,29.3,,1.736111111111116
1988-02-01,1988,2,Alberta,29.4,,0.3412969283276279
1988-03-01,1988,3,Alberta,29.5,,0.3401360544217802
1988-04-01,1988,4,Alberta,29.7,,0.6779661016949046
1988-05-01,1988,5,Alberta,29.8,,0.33670033670034627
1988-06-01,1988,6,Alberta,29.9,,0.3355704697986406
1988-07-01,1988,7,Alberta,30.1,,0.6688963210702337
1988-08-01,1988,8,Alberta,30.4,,0.9966777408637828
1988-09-01,1988,9,Alberta,30.4,,0.0
1988-10-01,1988,10,Alberta,30.5,,0.328947368421062
1988-11-01,1988,11,Alberta,30.7,,0.6557377049180246
1988-12-01,1988,12,Alberta,30.7,,0.0
1989-01-01,1989,1,Alberta,30.8,,0.32573289902280145
1989-02-01,1989,2,Alberta,31.2,,1.298701298701288
1989-03-01,1989,3,Alberta,31.4,,0.6410256410256387
1989-04-01,1989,4,Alberta,31.5,,0.31847133757962887
1989-05-01,1989,5,Alberta,31.8,,0.952380952380949
1989-06-01,1989,6,Alberta,32.0,,0.6289308176100628
1989-07-01,1989,7,Alberta,32.1,,0.31250000000000444
1989-08-01,1989,8,Alberta,32.5,,1.2461059190031154
1989-09-01,1989,9,Alberta,32.9,,1.2307692307692353
1989-10-01,1989,10,Alberta,33.4,,1.5197568389057725
1989-11-01,1989,11,Alberta,33.8,,1.197604790419149
1989-12-01,1989,12,Alberta,34.6,,2.366863905325456
1990-01-01,1990,1,Alberta,35.1,,1.4450867052023142
1990-02-01,1990,2,Alberta,36.0,,2.564102564102555
1990-03-01,1990,3,Alberta,37.0,,2.777777777777768
1990-04-01,1990,4,Alberta,37.3,,0.8108108108108025
1990-05-01,1990,5,Alberta,37.2,,-0.2680965147452974
1990-06-01,1990,6,Alberta,37.2,,0.0
1990-07-01,1990,7,Alberta,37.0,,-0.5376344086021612
1990-08-01,1990,8,Alberta,37.1,,0.2702702702702675
1990-09-01,1990,9,Alberta,37.1,,0.0
1990-10-01,1990,10,Alberta,37.1,,0.0
1990-11-01,1990,11,Alberta,37.2,,0.26954177897573484
1990-12-01,1990,12,Alberta,36.6,,-1.6129032258064502
1991-01-01,1991,1,Alberta,36.7,,0.2732240437158584
1991-02-01,1991,2,Alberta,36.6,,-0.27247956403270157
1991-03-01,1991,3,Alberta,36.7,,0.2732240437158584
1991-04-01,1991,4,Alberta,36.4,,-0.8174386920981047
1991-05-01,1991,5,Alberta,36.5,,0.27472527472527375
1991-06-01,1991,6,Alberta,36.6,,0.273972602739736
1991-07-01,1991,7,Alberta,36.4,,-0.5464480874317057
1991-08-01,1991,8,Alberta,36.6,,0.5494505494505475
1991-09-01,1991,9,Alberta,36.6,,0.0
1991-10-01,1991,10,Alberta,36.6,,0.0
1991-11-01,1991,11,Alberta,36.5,,-0.2732240437158473
1991-12-01,1991,12,Alberta,36.6,,0.273972602739736
1992-01-01,1992,1,Alberta,36.4,,-0.5464480874317057
1992-02-01,1992,2,Alberta,36.3,,-0.27472527472527375
1992-03-01,1992,3,Alberta,36.6,,0.826446280991755
1992-04-01,1992,4,Alberta,36.7,,0.2732240437158584
1992-05-01,1992,5,Alberta,36.8,,0.27247956403269047
1992-06-01,1992,6,Alberta,36.9,,0.27173913043478937
1992-07-01,1992,7,Alberta,36.9,,0.0
1992-08-01,1992,8,Alberta,36.9,,0.0
1992-09-01,1992,9,Alberta,37.0,,0.27100271002711285
1992-10-01,1992,10,Alberta,37.1,,0.2702702702702675
1992-11-01,1992,11,Alberta,37.1,,0.0
1992-12-01,1992,12,Alberta,37.2,,0.26954177897573484
1993-01-01,1993,1,Alberta,37.2,,0.0
1993-02-01,1993,2,Alberta,37.6,,1.0752688172043001
1993-03-01,1993,3,Alberta,38.5,,2.393617021276584
1993-04-01,1993,4,Alberta,38.4,,-0.2597402597402598
1993-05-01,1993,5,Alberta,38.4,,0.0
1993-06-01,1993,6,Alberta,38.0,,-1.041666666666663
1993-07-01,1993,7,Alberta,38.0,,0.0
1993-08-01,1993,8,Alberta,37.9,,-0.2631578947368429
1993-09-01,1993,9,Alberta,38.0,,0.26385224274407815
1993-10-01,1993,10,Alberta,38.0,,0.0
1993-11-01,1993,11,Alberta,38.0,,0.0
1993-12-01,1993,12,Alberta,38.3,,0.7894736842105177
1994-01-01,1994,1,Alberta,38.6,,0.783289817232391
1994-02-01,1994,2,Alberta,38.6,,0.0
1994-03-01,1994,3,Alberta,38.8,,0.5181347150258864
1994-04-01,1994,4,Alberta,38.8,,0.0
1994-05-01,1994,5,Alberta,38.6,,-0.5154639175257603
1994-06-01,1994,6,Alberta,38.7,,0.2590673575129543
1994-07-01,1994,7,Alberta,38.7,,0.0
1994-08-01,1994,8,Alberta,38.7,,0.0
1994-09-01,1994,9,Alberta,38.8,,0.2583979328165231
1994-10-01,1994,10,Alberta,38.8,,0.0
1994-11-01,1994,11,Alberta,38.7,,-0.2577319587628746
1994-12-01,1994,12,Alberta,38.7,,0.0
1995-01-01,1995,1,Alberta,38.7,,0.0
1995-02-01,1995,2,Alberta,38.5,,-0.5167958656330796
1995-03-01,1995,3,Alberta,38.8,,0.7792207792207684
1995-04-01,1995,4,Alberta,38.8,,0.0
1995-05-01,1995,5,Alberta,38.8,,0.0
1995-06-01,1995,6,Alberta,38.7,,-0.2577319587628746
1995-07-01,1995,7,Alberta,38.7,,0.0
1995-08-01,1995,8,Alberta,38.7,,0.0
1995-09-01,1995,9,Alberta,38.7,,0.0
1995-10-01,1995,10,Alberta,38.7,,0.0
1995-11-01,1995,11,Alberta,38.6,,-0.25839793281654533
1995-12-01,1995,12,Alberta,38.6,,0.0
1996-01-01,1996,1,Alberta,38.6,,0.0
1996-02-01,1996,2,Alberta,38.6,,0.0
1996-03-01,1996,3,Alberta,38.6,,0.0
1996-04-01,1996,4,Alberta,38.6,,0.0
1996-05-01,1996,5,Alberta,38.5,,-0.2590673575129543
1996-06-01,1996,6,Alberta,38.7,,0.5194805194805197
1996-07-01,1996,7,Alberta,38.8,,0.2583979328165231
1996-08-01,1996,8,Alberta,38.8,,0.0
1996-09-01,1996,9,Alberta,39.0,,0.5154639175257714
1996-10-01,1996,10,Alberta,39.1,,0.2564102564102555
1996-11-01,1996,11,Alberta,39.4,,0.7672634271099765
1996-12-01,1996,12,Alberta,39.8,,1.0152284263959421
1997-01-01,1997,1,Alberta,40.0,,0.5025125628140836
1997-02-01,1997,2,Alberta,40.1,,0.24999999999999467
1997-03-01,1997,3,Alberta,40.3,,0.4987531172069737
1997-04-01,1997,4,Alberta,40.4,,0.24813895781639062
1997-05-01,1997,5,Alberta,40.5,,0.24752475247524774
1997-06-01,1997,6,Alberta,40.7,,0.4938271604938427
1997-07-01,1997,7,Alberta,40.8,,0.24570024570023108
1997-08-01,1997,8,Alberta,40.9,,0.2450980392156854
1997-09-01,1997,9,Alberta,41.1,,0.4889975550122383
1997-10-01,1997,10,Alberta,41.5,,0.9732360097323589
1997-11-01,1997,11,Alberta,41.6,,0.24096385542169418
1997-12-01,1997,12,Alberta,42.0,,0.9615384615384581
1998-01-01,1998,1,Alberta,42.5,,1.1904761904761862
1998-02-01,1998,2,Alberta,42.6,,0.23529411764706687
1998-03-01,1998,3,Alberta,42.8,,0.46948356807510194
1998-04-01,1998,4,Alberta,43.0,,0.4672897196261738
1998-05-01,1998,5,Alberta,43.2,,0.46511627906977715
1998-06-01,1998,6,Alberta,43.6,,0.92592592592593
1998-07-01,1998,7,Alberta,43.8,,0.4587155963302614
1998-08-01,1998,8,Alberta,43.9,,0.22831050228311334
1998-09-01,1998,9,Alberta,44.0,,0.2277904328018332
1998-10-01,1998,10,Alberta,44.0,,0.0
1998-11-01,1998,11,Alberta,44.1,,0.2272727272727204
1998-12-01,1998,12,Alberta,44.4,,0.6802721088435382
1999-01-01,1999,1,Alberta,44.6,,0.45045045045044585
1999-02-01,1999,2,Alberta,44.7,,0.22421524663678305
1999-03-01,1999,3,Alberta,44.9,,0.4474272930648615
1999-04-01,1999,4,Alberta,45.0,,0.22271714922048602
1999-05-01,1999,5,Alberta,45.0,,0.0
1999-06-01,1999,6,Alberta,45.1,,0.22222222222223476
1999-07-01,1999,7,Alberta,45.3,,0.44345898004434225
1999-08-01,1999,8,Alberta,45.4,,0.22075055187638082
1999-09-01,1999,9,Alberta,45.7,,0.6607929515418665
1999-10-01,1999,10,Alberta,45.7,,0.0
1999-11-01,1999,11,Alberta,45.8,,0.2188183807439792
1999-12-01,1999,12,Alberta,45.9,,0.21834061135370675
2000-01-01,2000,1,Alberta,46.0,,0.21786492374729072
2000-02-01,2000,2,Alberta,46.0,,0.0
2000-03-01,2000,3,Alberta,46.1,,0.21739130434783593
2000-04-01,2000,4,Alberta,46.1,,0.0
2000-05-01,2000,5,Alberta,46.3,,0.433839479392617
2000-06-01,2000,6,Alberta,46.2,,-0.21598272138227959
2000-07-01,2000,7,Alberta,46.3,,0.21645021645020357
2000-08-01,2000,8,Alberta,46.4,,0.2159827213823018
2000-09-01,2000,9,Alberta,46.4,,0.0
2000-10-01,2000,10,Alberta,46.5,,0.21551724137931494
2000-11-01,2000,11,Alberta,46.6,,0.21505376344086446
2000-12-01,2000,12,Alberta,46.6,,0.0
2001-01-01,2001,1,Alberta,46.7,,0.21459227467810482
2001-02-01,2001,2,Alberta,46.7,,0.0
2001-03-01,2001,3,Alberta,46.8,,0.21413276231261325
2001-04-01,2001,4,Alberta,46.9,,0.21367521367521292
2001-05-01,2001,5,Alberta,46.9,,0.0
2001-06-01,2001,6,Alberta,47.3,,0.8528784648187626
2001-07-01,2001,7,Alberta,47.5,,0.42283298097252064
2001-08-01,2001,8,Alberta,47.6,,0.21052631578948322
2001-09-01,2001,9,Alberta,47.7,,0.21008403361344463
2001-10-01,2001,10,Alberta,47.8,,0.20964360587001352
2001-11-01,2001,11,Alberta,48.1,,0.6276150627615218
2001-12-01,2001,12,Alberta,48.1,,0.0
2002-01-01,2002,1,Alberta,48.3,,0.4158004158004047
2002-02-01,2002,2,Alberta,48.8,,1.0351966873705987
2002-03-01,2002,3,Alberta,49.2,,0.819672131147553
2002-04-01,2002,4,Alberta,49.4,,0.40650406504063596
2002-05-01,2002,5,Alberta,49.9,,1.0121457489878471
2002-06-01,2002,6,Alberta,50.2,,0.6012024048096309
2002-07-01,2002,7,Alberta,50.4,,0.3984063745019917
2002-08-01,2002,8,Alberta,50.6,,0.3968253968253954
2002-09-01,2002,9,Alberta,50.7,,0.19762845849802257
2002-10-01,2002,10,Alberta,50.9,,0.39447731755424265
2002-11-01,2002,11,Alberta,51.2,,0.5893909626719207
2002-12-01,2002,12,Alberta,51.5,,0.5859375
2003-01-01,2003,1,Alberta,51.7,,0.3883495145631022
2003-02-01,2003,2,Alberta,51.9,,0.3868471953578201
2003-03-01,2003,3,Alberta,52.2,,0.5780346820809301
2003-04-01,2003,4,Alberta,52.2,,0.0
2003-05-01,2003,5,Alberta,52.4,,0.3831417624520883
2003-06-01,2003,6,Alberta,52.6,,0.3816793893129722
2003-07-01,2003,7,Alberta,52.7,,0.19011406844107182
2003-08-01,2003,8,Alberta,52.7,,0.0
2003-09-01,2003,9,Alberta,53.2,,0.9487666034155628
2003-10-01,2003,10,Alberta,53.7,,0.9398496240601517
2003-11-01,2003,11,Alberta,53.9,,0.3724394785847185
2003-12-01,2003,12,Alberta,54.4,,0.927643784786647
2004-01-01,2004,1,Alberta,54.4,,0.0
2004-02-01,2004,2,Alberta,54.5,,0.18382352941177516
2004-03-01,2004,3,Alberta,54.7,,0.3669724770642313
2004-04-01,2004,4,Alberta,55.0,,0.5484460694698212
2004-05-01,2004,5,Alberta,55.2,,0.363636363636366
2004-06-01,2004,6,Alberta,55.5,,0.5434782608695565
2004-07-01,2004,7,Alberta,55.7,,0.3603603603603567
2004-08-01,2004,8,Alberta,55.8,,0.17953321364452268
2004-09-01,2004,9,Alberta,56.1,,0.5376344086021501
2004-10-01,2004,10,Alberta,56.3,,0.35650623885916666
2004-11-01,2004,11,Alberta,56.4,,0.1776198934280604
2004-12-01,2004,12,Alberta,56.5,,0.17730496453900457
2005-01-01,2005,1,Alberta,56.6,,0.1769911504424737
2005-02-01,2005,2,Alberta,56.9,,0.5300353356890497
2005-03-01,2005,3,Alberta,57.1,,0.35149384885764245
2005-04-01,2005,4,Alberta,57.4,,0.5253940455341555
2005-05-01,2005,5,Alberta,57.7,,0.5226480836237002
2005-06-01,2005,6,Alberta,58.5,,1.3864818024263315
2005-07-01,2005,7,Alberta,58.6,,0.17094017094017033
2005-08-01,2005,8,Alberta,58.9,,0.5119453924914641
2005-09-01,2005,9,Alberta,59.9,,1.6977928692699429
2005-10-01,2005,10,Alberta,61.5,,2.6711185308848195
2005-11-01,2005,11,Alberta,63.0,,2.4390243902439046
2005-12-01,2005,12,Alberta,65.3,,3.650793650793638
2006-01-01,2006,1,Alberta,66.7,,2.14395099540583
2006-02-01,2006,2,Alberta,67.8,,1.6491754122938351
2006-03-01,2006,3,Alberta,70.8,,4.424778761061954
2006-04-01,2006,4,Alberta,74.0,,4.519774011299438
2006-05-01,2006,5,Alberta,77.9,,5.270270270270272
2006-06-01,2006,6,Alberta,82.6,,6.033376123234913
2006-07-01,2006,7,Alberta,85.7,,3.7530266343825724
2006-08-01,2006,8,Alberta,89.7,,4.667444574095692
2006-09-01,2006,9,Alberta,91.1,,1.5607580824972045
2006-10-01,2006,10,Alberta,91.6,,0.5488474204171201
2006-11-01,2006,11,Alberta,92.9,,1.4192139737991383
2006-12-01,2006,12,Alberta,92.7,,-0.21528525296017342
2007-01-01,2007,1,Alberta,93.7,,1.0787486515641875
2007-02-01,2007,2,Alberta,94.8,,1.1739594450373536
2007-03-01,2007,3,Alberta,95.1,,0.31645569620253333
2007-04-01,2007,4,Alberta,97.9,,2.9442691903259766
2007-05-01,2007,5,Alberta,99.6,,1.7364657814095796
2007-06-01,2007,6,Alberta,100.2,,0.6024096385542244
2007-07-01,2007,7,Alberta,103.4,,3.1936127744510934
2007-08-01,2007,8,Alberta,103.6,,0.19342359767891004
2007-09-01,2007,9,Alberta,104.0,,0.38610038610038533
2007-10-01,2007,10,Alberta,104.0,,0.0
2007-11-01,2007,11,Alberta,104.0,,0.0
2007-12-01,2007,12,Alberta,104.3,,0.28846153846153744
2008-01-01,2008,1,Alberta,104.2,,-0.09587727708532112
2008-02-01,2008,2,Alberta,103.6,,-0.5758157389635365
2008-03-01,2008,3,Alberta,103.3,,-0.28957528957528345
2008-04-01,2008,4,Alberta,102.6,,-0.6776379477250738
2008-05-01,2008,5,Alberta,101.2,,-1.3645224171539905
2008-06-01,2008,6,Alberta,100.8,,-0.39525691699605625
2008-07-01,2008,7,Alberta,100.6,,-0.1984126984126977
2008-08-01,2008,8,Alberta,100.1,,-0.497017892644136
2008-09-01,2008,9,Alberta,100.4,,0.29970029970030065
2008-10-01,2008,10,Alberta,99.3,,-1.0956175298804882
2008-11-01,2008,11,Alberta,98.7,,-0.6042296072507503
2008-12-01,2008,12,Alberta,97.8,,-0.911854103343468
2009-01-01,2009,1,Alberta,95.5,,-2.3517382413087873
2009-02-01,2009,2,Alberta,93.6,,-1.9895287958115238
2009-03-01,2009,3,Alberta,92.5,,-1.175213675213671
2009-04-01,2009,4,Alberta,91.7,,-0.8648648648648671
2009-05-01,2009,5,Alberta,91.3,,-0.4362050163576936
2009-06-01,2009,6,Alberta,90.9,,-0.4381161007666945
2009-07-01,2009,7,Alberta,91.3,,0.44004400440043057
2009-08-01,2009,8,Alberta,91.2,,-0.10952902519166807
2009-09-01,2009,9,Alberta,91.5,,0.3289473684210398
2009-10-01,2009,10,Alberta,91.5,,0.0
2009-11-01,2009,11,Alberta,91.7,,0.21857923497268228
2009-12-01,2009,12,Alberta,91.7,,0.0
2010-01-01,2010,1,Alberta,92.1,,0.4362050163576825
2010-02-01,2010,2,Alberta,92.3,,0.21715526601520097
2010-03-01,2010,3,Alberta,92.3,,0.0
2010-04-01,2010,4,Alberta,92.6,,0.3250270855904569
2010-05-01,2010,5,Alberta,92.7,,0.1079913606911509
2010-06-01,2010,6,Alberta,92.6,,-0.10787486515643208
2010-07-01,2010,7,Alberta,92.6,,0.0
2010-08-01,2010,8,Alberta,92.6,,0.0
2010-09-01,2010,9,Alberta,92.7,,0.1079913606911509
2010-10-01,2010,10,Alberta,92.4,,-0.3236245954692518
2010-11-01,2010,11,Alberta,92.5,,0.10822510822510178
2010-12-01,2010,12,Alberta,92.5,,0.0
2011-01-01,2011,1,Alberta,92.6,,0.108108108108107
2011-02-01,2011,2,Alberta,93.0,,0.4319654427645814
2011-03-01,2011,3,Alberta,92.8,,-0.21505376344086446
2011-04-01,2011,4,Alberta,92.7,,-0.10775862068964637
2011-05-01,2011,5,Alberta,93.0,,0.3236245954692629
2011-06-01,2011,6,Alberta,93.0,,0.0
2011-07-01,2011,7,Alberta,92.7,,-0.3225806451612856
2011-08-01,2011,8,Alberta,92.7,,0.0
2011-09-01,2011,9,Alberta,92.8,,0.10787486515642097
2011-10-01,2011,10,Alberta,93.1,,0.3232758620689724
2011-11-01,2011,11,Alberta,93.0,,-0.10741138560687036
2011-12-01,2011,12,Alberta,93.1,,0.10752688172042113
2012-01-01,2012,1,Alberta,93.2,,0.10741138560688146
2012-02-01,2012,2,Alberta,93.2,,0.0
2012-03-01,2012,3,Alberta,93.6,,0.42918454935620964
2012-04-01,2012,4,Alberta,93.7,,0.10683760683760646
2012-05-01,2012,5,Alberta,93.9,,0.2134471718249653
2012-06-01,2012,6,Alberta,94.1,,0.21299254526090383
2012-07-01,2012,7,Alberta,94.2,,0.10626992561106885
2012-08-01,2012,8,Alberta,94.2,,0.0
2012-09-01,2012,9,Alberta,94.4,,0.2123142250530785
2012-10-01,2012,10,Alberta,94.6,,0.21186440677964935
2012-11-01,2012,11,Alberta,94.6,,0.0
2012-12-01,2012,12,Alberta,94.9,,0.3171247357294016
2013-01-01,2013,1,Alberta,95.1,,0.21074815595363283
2013-02-01,2013,2,Alberta,95.6,,0.525762355415349
2013-03-01,2013,3,Alberta,95.7,,0.10460251046024993
2013-04-01,2013,4,Alberta,96.1,,0.4179728317659226
2013-05-01,2013,5,Alberta,96.4,,0.3121748178980255
2013-06-01,2013,6,Alberta,96.7,,0.3112033195020736
2013-07-01,2013,7,Alberta,96.9,,0.20682523267838704
2013-08-01,2013,8,Alberta,97.3,,0.41279669762641635
2013-09-01,2013,9,Alberta,97.4,,0.10277492291881352
2013-10-01,2013,10,Alberta,97.4,,0.0
2013-11-01,2013,11,Alberta,97.5,,0.10266940451744144
2013-12-01,2013,12,Alberta,97.6,,0.10256410256410664
2014-01-01,2014,1,Alberta,98.2,,0.6147540983606703
2014-02-01,2014,2,Alberta,98.7,,0.5091649694501044
2014-03-01,2014,3,Alberta,99.1,,0.4052684903748549
2014-04-01,2014,4,Alberta,99.3,,0.20181634712412855
2014-05-01,2014,5,Alberta,99.9,,0.6042296072507725
2014-06-01,2014,6,Alberta,100.0,,0.10010010010008674
2014-07-01,2014,7,Alberta,100.1,,0.09999999999998899
2014-08-01,2014,8,Alberta,100.5,,0.3996003996004083
2014-09-01,2014,9,Alberta,100.8,,0.29850746268655914
2014-10-01,2014,10,Alberta,100.8,,0.0
2014-11-01,2014,11,Alberta,101.0,,0.1984126984126977
2014-12-01,2014,12,Alberta,101.1,,0.0990099009900991
2015-01-01,2015,1,Alberta,101.0,,-0.09891196834816984
2015-02-01,2015,2,Alberta,101.0,,0.0
2015-03-01,2015,3,Alberta,100.8,,-0.1980198019801982
2015-04-01,2015,4,Alberta,100.6,,-0.1984126984126977
2015-05-01,2015,5,Alberta,100.6,,0.0
2015-06-01,2015,6,Alberta,100.6,,0.0
2015-07-01,2015,7,Alberta,100.5,,-0.09940357852882276
2015-08-01,2015,8,Alberta,100.5,,0.0
2015-09-01,2015,9,Alberta,100.5,,0.0
2015-10-01,2015,10,Alberta,100.7,,0.19900497512437276
2015-11-01,2015,11,Alberta,100.7,,0.0
2015-12-01,2015,12,Alberta,100.7,,0.0
2016-01-01,2016,1,Alberta,100.7,,0.0
2016-02-01,2016,2,Alberta,100.4,,-0.2979145978152853
2016-03-01,2016,3,Alberta,100.4,,0.0
2016-04-01,2016,4,Alberta,100.4,,0.0
2016-05-01,2016,5,Alberta,100.5,,0.09960159362549792
2016-06-01,2016,6,Alberta,100.0,,-0.497512437810943
2016-07-01,2016,7,Alberta,100.1,,0.09999999999998899
2016-08-01,2016,8,Alberta,100.0,,-0.09990009990009652
2016-09-01,2016,9,Alberta,99.8,,-0.20000000000000018
2016-10-01,2016,10,Alberta,99.7,,-0.10020040080159776
2016-11-01,2016,11,Alberta,99.8,,0.10030090270811698
2016-12-01,2016,12,Alberta,100.0,,0.20040080160321772
2017-01-01,2017,1,Alberta,100.0,,0.0
2017-02-01,2017,2,Alberta,100.0,,0.0
2017-03-01,2017,3,Alberta,100.0,,0.0
2017-04-01,2017,4,Alberta,99.9,,-0.09999999999998899
2017-05-01,2017,5,Alberta,99.7,,-0.2002002002002068
2017-06-01,2017,6,Alberta,99.6,,-0.10030090270812808
2017-07-01,2017,7,Alberta,100.1,,0.5020080321285203
2017-08-01,2017,8,Alberta,100.1,,0.0
2017-09-01,2017,9,Alberta,100.1,,0.0
2017-10-01,2017,10,Alberta,100.1,,0.0
2017-11-01,2017,11,Alberta,100.2,,0.09990009990010762
2017-12-01,2017,12,Alberta,100.1,,-0.09980039920161055
2018-01-01,2018,1,Alberta,100.1,,0.0
2018-02-01,2018,2,Alberta,99.8,,-0.29970029970030065
2018-03-01,2018,3,Alberta,99.6,,-0.2004008016032066
2018-04-01,2018,4,Alberta,99.6,,0.0
2018-05-01,2018,5,Alberta,99.6,,0.0
2018-06-01,2018,6,Alberta,99.8,,0.20080321285140812
2018-07-01,2018,7,Alberta,99.9,,0.10020040080160886
2018-08-01,2018,8,Alberta,99.4,,-0.5005005005005003
2018-09-01,2018,9,Alberta,99.4,,0.0
2018-10-01,2018,10,Alberta,99.3,,-0.1006036217303885
2018-11-01,2018,11,Alberta,99.3,,0.0
2018-12-01,2018,12,Alberta,99.4,,0.10070493454179541
2019-01-01,2019,1,Alberta,99.3,,-0.1006036217303885
2019-02-01,2019,2,Alberta,99.2,,-0.10070493454178431
2019-03-01,2019,3,Alberta,99.1,,-0.10080645161291146
2019-04-01,2019,4,Alberta,98.8,,-0.3027245206861706
2019-05-01,2019,5,Alberta,98.6,,-0.2024291497975783
2019-06-01,2019,6,Alberta,98.0,,-0.6085192697768749
2019-07-01,2019,7,Alberta,97.6,,-0.40816326530612734
2019-08-01,2019,8,Alberta,97.7,,0.10245901639345245
2019-09-01,2019,9,Alberta,97.7,,0.0
2019-10-01,2019,10,Alberta,97.5,,-0.20470829068577334
2019-11-01,2019,11,Alberta,97.0,,-0.512820512820511
2019-12-01,2019,12,Alberta,97.2,,0.20618556701030855
2020-01-01,2020,1,Alberta,97.2,,0.0
2020-02-01,2020,2,Alberta,97.4,,0.2057613168724215
2020-03-01,2020,3,Alberta,97.4,,0.0
2020-04-01,2020,4,Alberta,97.2,,-0.2053388090349051
2020-05-01,2020,5,Alberta,97.2,,0.0
2020-06-01,2020,6,Alberta,97.1,,-0.10288065843622185
2020-07-01,2020,7,Alberta,96.7,,-0.4119464469618861
2020-08-01,2020,8,Alberta,96.7,,0.0
2020-09-01,2020,9,Alberta,97.1,,0.4136504653567741
2020-10-01,2020,10,Alberta,97.4,,0.308959835221434
2020-11-01,2020,11,Alberta,97.8,,0.4106776180698102
2020-12-01,2020,12,Alberta,97.7,,-0.10224948875254825
2021-01-01,2021,1,Alberta,98.0,,0.3070624360286489
2021-02-01,2021,2,Alberta,98.8,,0.8163265306122325
2021-03-01,2021,3,Alberta,99.5,,0.7085020242914908
2021-04-01,2021,4,Alberta,101.0,,1.5075376884422065
2021-05-01,2021,5,Alberta,104.1,,3.069306930693072
2021-06-01,2021,6,Alberta,106.2,,2.017291066282434
2021-07-01,2021,7,Alberta,106.6,,0.37664783427493465
2021-08-01,2021,8,Alberta,106.5,,-0.09380863039398779
2021-09-01,2021,9,Alberta,106.4,,-0.09389671361501595
2021-10-01,2021,10,Alberta,106.4,,0.0
2021-11-01,2021,11,Alberta,106.4,,0.0
2021-12-01,2021,12,Alberta,106.8,,0.3759398496240518
2022-01-01,2022,1,Alberta,108.6,,1.6853932584269593
2022-02-01,2022,2,Alberta,112.2,,3.314917127071837
2022-03-01,2022,3,Alberta,115.5,,2.941176470588225
2022-04-01,2022,4,Alberta,116.7,,1.0389610389610393
2022-05-01,2022,5,Alberta,118.3,,1.371036846615259
2022-06-01,2022,6,Alberta,118.4,,0.08453085376163294
2022-07-01,2022,7,Alberta,118.0,,-0.33783783783783994
2022-08-01,2022,8,Alberta,118.2,,0.16949152542373724
2022-09-01,2022,9,Alberta,118.0,,-0.16920473773266442
2022-10-01,2022,10,Alberta,117.7,,-0.25423728813559476
2022-11-01,2022,11,Alberta,117.5,,-0.1699235344095218
2022-12-01,2022,12,Alberta,117.4,,-0.08510638297871687
2023-01-01,2023,1,Alberta,117.3,,-0.08517887563884718
2023-02-01,2023,2,Alberta,116.9,,-0.34100596760442414
2023-03-01,2023,3,Alberta,117.1,,0.17108639863130382
2023-04-01,2023,4,Alberta,117.0,,-0.0853970964987183
2023-05-01,2023,5,Alberta,117.4,,0.34188034188034067
2023-06-01,2023,6,Alberta,117.4,,0.0
2023-07-01,2023,7,Alberta,117.6,,0.17035775127767216
2023-08-01,2023,8,Alberta,118.1,,0.42517006802720303
2023-09-01,2023,9,Alberta,117.9,,-0.16934801016087464
2023-10-01,2023,10,Alberta,117.9,,0.0
2023-11-01,2023,11,Alberta,117.6,,-0.2544529262086592
2023-12-01,2023,12,Alberta,117.8,,0.1700680272108901
2024-01-01,2024,1,Alberta,118.0,,0.1697792869270076
2024-02-01,2024,2,Alberta,118.2,,0.16949152542373724
2024-03-01,2024,3,Alberta,118.6,,0.33840947546530664
2024-04-01,2024,4,Alberta,119.7,,0.927487352445211
2024-05-01,2024,5,Alberta,120.6,,0.7518796992481036
2024-06-01,2024,6,Alberta,121.2,,0.4975124378109541
2024-07-01,2024,7,Alberta,122.2,,0.8250825082508184
2024-08-01,2024,8,Alberta,121.9,,-0.24549918166939522
2024-09-01,2024,9,Alberta,122.1,,0.1640689089417391
2024-10-01,2024,10,Alberta,122.2,,0.08190008190009923
2024-11-01,2024,11,Alberta,122.3,,0.08183306055646877
2024-12-01,2024,12,Alberta,122.0,,-0.24529844644316512
2025-01-01,2025,1,Alberta,122.2,,0.16393442622950616
2025-02-01,2025,2,Alberta,122.0,,-0.16366612111292644
2025-03-01,2025,3,Alberta,121.8,,-0.16393442622950616
2025-04-01,2025,4,Alberta,120.7,,-0.9031198686371034
2025-05-01,2025,5,Alberta,120.6,,-0.08285004142503105
2025-06-01,2025,6,Alberta,120.0,,-0.497512437810943
2025-07-01,2025,7,Alberta,120.0,,0.0
2025-08-01,2025,8,Alberta,119.1,,-0.7500000000000062
2025-09-01,2025,9,Alberta,118.9,,-0.16792611251048584
2025-10-01,2025,10,Alberta,118.3,,-0.5046257359125339
2025-11-01,2025,11,Alberta,118.7,,0.33812341504648735
2025-12-01,2025,12,Alberta,118.5,,-0.16849199663016012
2026-01-01,2026,1,Alberta,118.0,,-0.42194092827003704
2026-02-01,2026,2,Alberta,119.4,,1.1864406779661163
2026-03-01,2026,3,Alberta,120.1,,0.5862646566163976
2026-04-01,2026,4,Alberta,119.0,,-0.9159034138218058
2026-05-01,2026,5,Alberta,118.4,,-0.5042016806722671
2026-06-01,2026,6,Alberta,118.7,,0.2533783783783772
1986-01-01,1986,1,British Columbia,66.3,,
1986-02-01,1986,2,British Columbia,66.4,,0.15082956259429015
1986-03-01,1986,3,British Columbia,66.4,,0.0
1986-04-01,1986,4,British Columbia,66.8,,0.6024096385542022
1986-05-01,1986,5,British Columbia,67.1,,0.44910179640718084
1986-06-01,1986,6,British Columbia,66.9,,-0.29806259314454353
1986-07-01,1986,7,British Columbia,66.8,,-0.1494768310911887
1986-08-01,1986,8,British Columbia,66.8,,0.0
1986-09-01,1986,9,British Columbia,67.2,,0.5988023952095967
1986-10-01,1986,10,British Columbia,67.2,,0.0
1986-11-01,1986,11,British Columbia,67.1,,-0.14880952380953438
1986-12-01,1986,12,British Columbia,67.1,,0.0
1987-01-01,1987,1,British Columbia,67.1,,0.0
1987-02-01,1987,2,British Columbia,68.0,,1.3412816691505292
1987-03-01,1987,3,British Columbia,68.8,,1.17647058823529
1987-04-01,1987,4,British Columbia,69.0,,0.29069767441860517
1987-05-01,1987,5,British Columbia,69.0,,0.0
1987-06-01,1987,6,British Columbia,69.0,,0.0
1987-07-01,1987,7,British Columbia,69.0,,0.0
1987-08-01,1987,8,British Columbia,69.6,,0.8695652173912993
1987-09-01,1987,9,British Columbia,70.5,,1.2931034482758674
1987-10-01,1987,10,British Columbia,70.6,,0.14184397163119478
1987-11-01,1987,11,British Columbia,70.7,,0.14164305949009304
1987-12-01,1987,12,British Columbia,70.7,,0.0
1988-01-01,1988,1,British Columbia,70.9,,0.28288543140029265
1988-02-01,1988,2,British Columbia,71.5,,0.8462623413258097
1988-03-01,1988,3,British Columbia,71.6,,0.13986013986013734
1988-04-01,1988,4,British Columbia,72.0,,0.5586592178770999
1988-05-01,1988,5,British Columbia,71.9,,-0.1388888888888773
1988-06-01,1988,6,British Columbia,72.8,,1.2517385257301727
1988-07-01,1988,7,British Columbia,73.0,,0.27472527472527375
1988-08-01,1988,8,British Columbia,73.5,,0.6849315068493178
1988-09-01,1988,9,British Columbia,74.2,,0.952380952380949
1988-10-01,1988,10,British Columbia,74.5,,0.40431266846361336
1988-11-01,1988,11,British Columbia,75.3,,1.0738255033557076
1988-12-01,1988,12,British Columbia,75.7,,0.5312084993359889
1989-01-01,1989,1,British Columbia,76.9,,1.5852047556142779
1989-02-01,1989,2,British Columbia,80.6,,4.811443433029883
1989-03-01,1989,3,British Columbia,81.4,,0.992555831265518
1989-04-01,1989,4,British Columbia,83.2,,2.211302211302213
1989-05-01,1989,5,British Columbia,82.8,,-0.48076923076924016
1989-06-01,1989,6,British Columbia,83.5,,0.8454106280193274
1989-07-01,1989,7,British Columbia,85.2,,2.0359281437125842
1989-08-01,1989,8,British Columbia,84.0,,-1.4084507042253502
1989-09-01,1989,9,British Columbia,85.6,,1.904761904761898
1989-10-01,1989,10,British Columbia,86.1,,0.5841121495327117
1989-11-01,1989,11,British Columbia,88.2,,2.4390243902439046
1989-12-01,1989,12,British Columbia,90.0,,2.0408163265306145
1990-01-01,1990,1,British Columbia,93.1,,3.4444444444444278
1990-02-01,1990,2,British Columbia,93.5,,0.42964554242750363
1990-03-01,1990,3,British Columbia,93.5,,0.0
1990-04-01,1990,4,British Columbia,93.3,,-0.21390374331551332
1990-05-01,1990,5,British Columbia,91.7,,-1.7148981779206762
1990-06-01,1990,6,British Columbia,90.3,,-1.526717557251911
1990-07-01,1990,7,British Columbia,90.1,,-0.22148394241418012
1990-08-01,1990,8,British Columbia,87.4,,-2.9966703662597016
1990-09-01,1990,9,British Columbia,85.0,,-2.7459954233409634
1990-10-01,1990,10,British Columbia,83.9,,-1.2941176470588123
1990-11-01,1990,11,British Columbia,82.6,,-1.5494636471990564
1990-12-01,1990,12,British Columbia,82.1,,-0.6053268765133124
1991-01-01,1991,1,British Columbia,81.8,,-0.3654080389768555
1991-02-01,1991,2,British Columbia,79.9,,-2.322738386308054
1991-03-01,1991,3,British Columbia,81.4,,1.8773466833541974
1991-04-01,1991,4,British Columbia,81.7,,0.3685503685503688
1991-05-01,1991,5,British Columbia,82.8,,1.346389228886169
1991-06-01,1991,6,British Columbia,82.9,,0.12077294685990392
1991-07-01,1991,7,British Columbia,84.1,,1.4475271411338753
1991-08-01,1991,8,British Columbia,84.1,,0.0
1991-09-01,1991,9,British Columbia,84.2,,0.11890606420927874
1991-10-01,1991,10,British Columbia,84.5,,0.3562945368170922
1991-11-01,1991,11,British Columbia,85.0,,0.591715976331364
1991-12-01,1991,12,British Columbia,84.9,,-0.11764705882352233
1992-01-01,1992,1,British Columbia,85.3,,0.4711425206124664
1992-02-01,1992,2,British Columbia,86.8,,1.7584994138335253
1992-03-01,1992,3,British Columbia,87.2,,0.4608294930875667
1992-04-01,1992,4,British Columbia,88.5,,1.4908256880733939
1992-05-01,1992,5,British Columbia,89.2,,0.7909604519773961
1992-06-01,1992,6,British Columbia,89.8,,0.6726457399103047
1992-07-01,1992,7,British Columbia,91.2,,1.5590200445434466
1992-08-01,1992,8,British Columbia,91.6,,0.43859649122806044
1992-09-01,1992,9,British Columbia,91.9,,0.3275109170305823
1992-10-01,1992,10,British Columbia,92.6,,0.7616974972796342
1992-11-01,1992,11,British Columbia,93.3,,0.7559395248380119
1992-12-01,1992,12,British Columbia,93.0,,-0.3215434083601254
1993-01-01,1993,1,British Columbia,92.7,,-0.3225806451612856
1993-02-01,1993,2,British Columbia,94.1,,1.5102481121898492
1993-03-01,1993,3,British Columbia,94.8,,0.7438894792773709
1993-04-01,1993,4,British Columbia,96.7,,2.0042194092827037
1993-05-01,1993,5,British Columbia,96.0,,-0.7238883143743546
1993-06-01,1993,6,British Columbia,96.4,,0.4166666666666652
1993-07-01,1993,7,British Columbia,97.9,,1.556016597510368
1993-08-01,1993,8,British Columbia,98.0,,0.10214504596526286
1993-09-01,1993,9,British Columbia,97.9,,-0.10204081632652073
1993-10-01,1993,10,British Columbia,97.9,,0.0
1993-11-01,1993,11,British Columbia,97.8,,-0.10214504596527396
1993-12-01,1993,12,British Columbia,97.2,,-0.6134969325153339
1994-01-01,1994,1,British Columbia,97.1,,-0.10288065843622185
1994-02-01,1994,2,British Columbia,97.1,,0.0
1994-03-01,1994,3,British Columbia,96.6,,-0.5149330587023715
1994-04-01,1994,4,British Columbia,96.6,,0.0
1994-05-01,1994,5,British Columbia,96.2,,-0.41407867494822614
1994-06-01,1994,6,British Columbia,96.1,,-0.10395010395011228
1994-07-01,1994,7,British Columbia,95.8,,-0.3121748178980255
1994-08-01,1994,8,British Columbia,95.7,,-0.10438413361169019
1994-09-01,1994,9,British Columbia,95.4,,-0.31347962382445305
1994-10-01,1994,10,British Columbia,94.9,,-0.524109014675056
1994-11-01,1994,11,British Columbia,94.5,,-0.42149631190727677
1994-12-01,1994,12,British Columbia,94.0,,-0.5291005291005346
1995-01-01,1995,1,British Columbia,93.6,,-0.42553191489361764
1995-02-01,1995,2,British Columbia,92.9,,-0.7478632478632341
1995-03-01,1995,3,British Columbia,92.1,,-0.8611410118407048
1995-04-01,1995,4,British Columbia,91.7,,-0.43431053203039083
1995-05-01,1995,5,British Columbia,91.5,,-0.21810250817885235
1995-06-01,1995,6,British Columbia,90.9,,-0.6557377049180246
1995-07-01,1995,7,British Columbia,90.3,,-0.660066006600668
1995-08-01,1995,8,British Columbia,90.2,,-0.11074197120708451
1995-09-01,1995,9,British Columbia,89.8,,-0.44345898004435336
1995-10-01,1995,10,British Columbia,88.4,,-1.5590200445434244
1995-11-01,1995,11,British Columbia,88.0,,-0.4524886877828149
1995-12-01,1995,12,British Columbia,87.7,,-0.3409090909090917
1996-01-01,1996,1,British Columbia,87.3,,-0.45610034207526073
1996-02-01,1996,2,British Columbia,87.0,,-0.3436426116838476
1996-03-01,1996,3,British Columbia,86.2,,-0.9195402298850519
1996-04-01,1996,4,British Columbia,85.3,,-1.044083526682138
1996-05-01,1996,5,British Columbia,85.1,,-0.23446658851113966
1996-06-01,1996,6,British Columbia,84.8,,-0.3525264394829586
1996-07-01,1996,7,British Columbia,84.6,,-0.2358490566037763
1996-08-01,1996,8,British Columbia,84.4,,-0.23640661938533203
1996-09-01,1996,9,British Columbia,84.4,,0.0
1996-10-01,1996,10,British Columbia,83.8,,-0.7109004739336622
1996-11-01,1996,11,British Columbia,83.9,,0.11933174224345588
1996-12-01,1996,12,British Columbia,83.5,,-0.47675804529202503
1997-01-01,1997,1,British Columbia,83.3,,-0.23952095808383866
1997-02-01,1997,2,British Columbia,83.5,,0.24009603841537164
1997-03-01,1997,3,British Columbia,83.2,,-0.3592814371257469
1997-04-01,1997,4,British Columbia,83.4,,0.24038461538462563
1997-05-01,1997,5,British Columbia,83.3,,-0.11990407673861947
1997-06-01,1997,6,British Columbia,82.9,,-0.48019207683072107
1997-07-01,1997,7,British Columbia,82.4,,-0.6031363088057851
1997-08-01,1997,8,British Columbia,82.0,,-0.4854368932038944
1997-09-01,1997,9,British Columbia,81.7,,-0.3658536585365857
1997-10-01,1997,10,British Columbia,80.9,,-0.9791921664626613
1997-11-01,1997,11,British Columbia,80.6,,-0.370828182941918
1997-12-01,1997,12,British Columbia,80.8,,0.24813895781639062
1998-01-01,1998,1,British Columbia,80.0,,-0.990099009900991
1998-02-01,1998,2,British Columbia,79.8,,-0.2500000000000058
1998-03-01,1998,3,British Columbia,79.6,,-0.25062656641604564
1998-04-01,1998,4,British Columbia,78.7,,-1.1306532663316493
1998-05-01,1998,5,British Columbia,78.6,,-0.12706480304957024
1998-06-01,1998,6,British Columbia,78.1,,-0.6361323155216314
1998-07-01,1998,7,British Columbia,78.1,,0.0
1998-08-01,1998,8,British Columbia,77.8,,-0.3841229193341844
1998-09-01,1998,9,British Columbia,77.2,,-0.7712082262210762
1998-10-01,1998,10,British Columbia,76.8,,-0.5181347150259086
1998-11-01,1998,11,British Columbia,76.5,,-0.390625
1998-12-01,1998,12,British Columbia,76.3,,-0.2614379084967311
1999-01-01,1999,1,British Columbia,75.7,,-0.7863695937090354
1999-02-01,1999,2,British Columbia,75.3,,-0.528401585204763
1999-03-01,1999,3,British Columbia,75.3,,0.0
1999-04-01,1999,4,British Columbia,75.3,,0.0
1999-05-01,1999,5,British Columbia,75.1,,-0.26560424966799445
1999-06-01,1999,6,British Columbia,75.0,,-0.13315579227695107
1999-07-01,1999,7,British Columbia,75.0,,0.0
1999-08-01,1999,8,British Columbia,74.8,,-0.2666666666666706
1999-09-01,1999,9,British Columbia,74.5,,-0.40106951871657914
1999-10-01,1999,10,British Columbia,74.4,,-0.13422818791946067
1999-11-01,1999,11,British Columbia,74.4,,0.0
1999-12-01,1999,12,British Columbia,74.4,,0.0
2000-01-01,2000,1,British Columbia,74.3,,-0.13440860215054862
2000-02-01,2000,2,British Columbia,74.4,,0.1345895020188559
2000-03-01,2000,3,British Columbia,74.1,,-0.40322580645162365
2000-04-01,2000,4,British Columbia,74.1,,0.0
2000-05-01,2000,5,British Columbia,74.1,,0.0
2000-06-01,2000,6,British Columbia,74.0,,-0.13495276653170407
2000-07-01,2000,7,British Columbia,73.9,,-0.13513513513512265
2000-08-01,2000,8,British Columbia,73.9,,0.0
2000-09-01,2000,9,British Columbia,73.9,,0.0
2000-10-01,2000,10,British Columbia,73.9,,0.0
2000-11-01,2000,11,British Columbia,73.9,,0.0
2000-12-01,2000,12,British Columbia,73.6,,-0.4059539918809363
2001-01-01,2001,1,British Columbia,73.7,,0.13586956521740579
2001-02-01,2001,2,British Columbia,73.8,,0.13568521031206426
2001-03-01,2001,3,British Columbia,74.0,,0.27100271002711285
2001-04-01,2001,4,British Columbia,74.0,,0.0
2001-05-01,2001,5,British Columbia,74.2,,0.2702702702702675
2001-06-01,2001,6,British Columbia,74.3,,0.13477088948785632
2001-07-01,2001,7,British Columbia,74.6,,0.40376850605652326
2001-08-01,2001,8,British Columbia,74.8,,0.2680965147453085
2001-09-01,2001,9,British Columbia,75.0,,0.2673796791443861
2001-10-01,2001,10,British Columbia,75.3,,0.40000000000000036
2001-11-01,2001,11,British Columbia,75.4,,0.13280212483401943
2001-12-01,2001,12,British Columbia,75.4,,0.0
2002-01-01,2002,1,British Columbia,75.6,,0.2652519893899141
2002-02-01,2002,2,British Columbia,75.7,,0.1322751322751392
2002-03-01,2002,3,British Columbia,76.0,,0.39630118890356947
2002-04-01,2002,4,British Columbia,76.2,,0.263157894736854
2002-05-01,2002,5,British Columbia,76.5,,0.3937007874015741
2002-06-01,2002,6,British Columbia,76.5,,0.0
2002-07-01,2002,7,British Columbia,76.5,,0.0
2002-08-01,2002,8,British Columbia,76.5,,0.0
2002-09-01,2002,9,British Columbia,76.7,,0.2614379084967311
2002-10-01,2002,10,British Columbia,77.1,,0.5215123859191539
2002-11-01,2002,11,British Columbia,77.2,,0.12970168612194133
2002-12-01,2002,12,British Columbia,77.2,,0.0
2003-01-01,2003,1,British Columbia,77.4,,0.2590673575129543
2003-02-01,2003,2,British Columbia,78.1,,0.9043927648578753
2003-03-01,2003,3,British Columbia,78.3,,0.256081946222797
2003-04-01,2003,4,British Columbia,78.6,,0.3831417624521105
2003-05-01,2003,5,British Columbia,79.2,,0.7633587786259666
2003-06-01,2003,6,British Columbia,79.4,,0.2525252525252597
2003-07-01,2003,7,British Columbia,79.6,,0.25188916876572875
2003-08-01,2003,8,British Columbia,79.6,,0.0
2003-09-01,2003,9,British Columbia,79.7,,0.12562814070353756
2003-10-01,2003,10,British Columbia,80.2,,0.6273525721455453
2003-11-01,2003,11,British Columbia,80.5,,0.37406483790523026
2003-12-01,2003,12,British Columbia,80.6,,0.1242236024844745
2004-01-01,2004,1,British Columbia,81.7,,1.3647642679900818
2004-02-01,2004,2,British Columbia,81.9,,0.2447980416156792
2004-03-01,2004,3,British Columbia,82.3,,0.48840048840048667
2004-04-01,2004,4,British Columbia,82.7,,0.486026731470246
2004-05-01,2004,5,British Columbia,83.4,,0.846432889963733
2004-06-01,2004,6,British Columbia,83.5,,0.11990407673860837
2004-07-01,2004,7,British Columbia,83.7,,0.23952095808383866
2004-08-01,2004,8,British Columbia,84.2,,0.5973715651135025
2004-09-01,2004,9,British Columbia,84.3,,0.11876484560569
2004-10-01,2004,10,British Columbia,84.4,,0.11862396204034287
2004-11-01,2004,11,British Columbia,84.7,,0.35545023696681444
2004-12-01,2004,12,British Columbia,85.0,,0.35419126328217754
2005-01-01,2005,1,British Columbia,85.0,,0.0
2005-02-01,2005,2,British Columbia,85.2,,0.23529411764706687
2005-03-01,2005,3,British Columbia,85.3,,0.11737089201877549
2005-04-01,2005,4,British Columbia,86.4,,1.2895662368112681
2005-05-01,2005,5,British Columbia,87.6,,1.388888888888884
2005-06-01,2005,6,British Columbia,87.7,,0.11415525114155667
2005-07-01,2005,7,British Columbia,88.1,,0.45610034207523853
2005-08-01,2005,8,British Columbia,88.5,,0.4540295119182858
2005-09-01,2005,9,British Columbia,88.8,,0.3389830508474523
2005-10-01,2005,10,British Columbia,88.8,,0.0
2005-11-01,2005,11,British Columbia,89.0,,0.22522522522523403
2005-12-01,2005,12,British Columbia,89.2,,0.22471910112360494
2006-01-01,2006,1,British Columbia,90.1,,1.0089686098654571
2006-02-01,2006,2,British Columbia,90.8,,0.7769145394006749
2006-03-01,2006,3,British Columbia,91.1,,0.330396475770911
2006-04-01,2006,4,British Columbia,91.9,,0.8781558726674188
2006-05-01,2006,5,British Columbia,92.1,,0.21762785636560977
2006-06-01,2006,6,British Columbia,92.3,,0.21715526601520097
2006-07-01,2006,7,British Columbia,92.7,,0.43336944745395733
2006-08-01,2006,8,British Columbia,94.8,,2.265372168284774
2006-09-01,2006,9,British Columbia,95.3,,0.527426160337563
2006-10-01,2006,10,British Columbia,95.7,,0.41972717733473885
2006-11-01,2006,11,British Columbia,95.8,,0.10449320794148065
2006-12-01,2006,12,British Columbia,95.7,,-0.10438413361169019
2007-01-01,2007,1,British Columbia,95.7,,0.0
2007-02-01,2007,2,British Columbia,95.7,,0.0
2007-03-01,2007,3,British Columbia,96.7,,1.0449320794148287
2007-04-01,2007,4,British Columbia,97.3,,0.6204756980351611
2007-05-01,2007,5,British Columbia,99.5,,2.261048304213764
2007-06-01,2007,6,British Columbia,100.3,,0.8040201005025116
2007-07-01,2007,7,British Columbia,100.4,,0.09970089730808596
2007-08-01,2007,8,British Columbia,100.5,,0.09960159362549792
2007-09-01,2007,9,British Columbia,100.5,,0.0
2007-10-01,2007,10,British Columbia,101.1,,0.5970149253731183
2007-11-01,2007,11,British Columbia,101.4,,0.29673590504453173
2007-12-01,2007,12,British Columbia,101.4,,0.0
2008-01-01,2008,1,British Columbia,101.5,,0.09861932938854956
2008-02-01,2008,2,British Columbia,101.6,,0.09852216748766907
2008-03-01,2008,3,British Columbia,102.2,,0.5905511811023612
2008-04-01,2008,4,British Columbia,102.2,,0.0
2008-05-01,2008,5,British Columbia,101.9,,-0.29354207436399493
2008-06-01,2008,6,British Columbia,101.9,,0.0
2008-07-01,2008,7,British Columbia,101.9,,0.0
2008-08-01,2008,8,British Columbia,101.8,,-0.09813542688911214
2008-09-01,2008,9,British Columbia,101.8,,0.0
2008-10-01,2008,10,British Columbia,100.6,,-1.1787819253438192
2008-11-01,2008,11,British Columbia,99.0,,-1.5904572564612307
2008-12-01,2008,12,British Columbia,99.0,,0.0
2009-01-01,2009,1,British Columbia,98.1,,-0.909090909090915
2009-02-01,2009,2,British Columbia,95.4,,-2.752293577981635
2009-03-01,2009,3,British Columbia,94.3,,-1.1530398322851187
2009-04-01,2009,4,British Columbia,93.3,,-1.0604453870625696
2009-05-01,2009,5,British Columbia,93.6,,0.3215434083601254
2009-06-01,2009,6,British Columbia,92.8,,-0.8547008547008517
2009-07-01,2009,7,British Columbia,93.4,,0.6465517241379448
2009-08-01,2009,8,British Columbia,93.6,,0.21413276231261325
2009-09-01,2009,9,British Columbia,94.8,,1.2820512820512775
2009-10-01,2009,10,British Columbia,95.3,,0.527426160337563
2009-11-01,2009,11,British Columbia,95.6,,0.31479538300105414
2009-12-01,2009,12,British Columbia,96.1,,0.5230125523012497
2010-01-01,2010,1,British Columbia,96.5,,0.41623309053069324
2010-02-01,2010,2,British Columbia,97.0,,0.5181347150259086
2010-03-01,2010,3,British Columbia,97.5,,0.5154639175257714
2010-04-01,2010,4,British Columbia,97.8,,0.3076923076922977
2010-05-01,2010,5,British Columbia,98.0,,0.2044989775051187
2010-06-01,2010,6,British Columbia,97.9,,-0.10204081632652073
2010-07-01,2010,7,British Columbia,97.2,,-0.7150153217568955
2010-08-01,2010,8,British Columbia,97.2,,0.0
2010-09-01,2010,9,British Columbia,96.8,,-0.4115226337448652
2010-10-01,2010,10,British Columbia,96.8,,0.0
2010-11-01,2010,11,British Columbia,96.6,,-0.20661157024793875
2010-12-01,2010,12,British Columbia,96.5,,-0.10351966873705098
2011-01-01,2011,1,British Columbia,96.6,,0.10362694300518616
2011-02-01,2011,2,British Columbia,96.6,,0.0
2011-03-01,2011,3,British Columbia,96.8,,0.20703933747412417
2011-04-01,2011,4,British Columbia,96.9,,0.10330578512398603
2011-05-01,2011,5,British Columbia,97.1,,0.20639834881319707
2011-06-01,2011,6,British Columbia,97.1,,0.0
2011-07-01,2011,7,British Columbia,97.1,,0.0
2011-08-01,2011,8,British Columbia,96.7,,-0.4119464469618861
2011-09-01,2011,9,British Columbia,96.8,,0.10341261633919352
2011-10-01,2011,10,British Columbia,96.6,,-0.20661157024793875
2011-11-01,2011,11,British Columbia,96.3,,-0.31055900621117516
2011-12-01,2011,12,British Columbia,96.1,,-0.20768431983385627
2012-01-01,2012,1,British Columbia,96.3,,0.20811654526535772
2012-02-01,2012,2,British Columbia,96.2,,-0.10384215991692258
2012-03-01,2012,3,British Columbia,96.0,,-0.20790020790021346
2012-04-01,2012,4,British Columbia,96.0,,0.0
2012-05-01,2012,5,British Columbia,96.0,,0.0
2012-06-01,2012,6,British Columbia,96.1,,0.10416666666666075
2012-07-01,2012,7,British Columbia,96.1,,0.0
2012-08-01,2012,8,British Columbia,96.0,,-0.10405827263266776
2012-09-01,2012,9,British Columbia,95.9,,-0.10416666666666075
2012-10-01,2012,10,British Columbia,96.1,,0.2085505735140547
2012-11-01,2012,11,British Columbia,95.7,,-0.41623309053069324
2012-12-01,2012,12,British Columbia,95.4,,-0.31347962382445305
2013-01-01,2013,1,British Columbia,95.3,,-0.10482180293501786
2013-02-01,2013,2,British Columbia,95.4,,0.10493179433368471
2013-03-01,2013,3,British Columbia,95.2,,-0.20964360587002462
2013-04-01,2013,4,British Columbia,95.3,,0.10504201680672232
2013-05-01,2013,5,British Columbia,95.1,,-0.20986358866736943
2013-06-01,2013,6,British Columbia,94.9,,-0.2103049421661285
2013-07-01,2013,7,British Columbia,95.1,,0.21074815595363283
2013-08-01,2013,8,British Columbia,94.8,,-0.3154574132492094
2013-09-01,2013,9,British Columbia,94.8,,0.0
2013-10-01,2013,10,British Columbia,94.6,,-0.21097046413502962
2013-11-01,2013,11,British Columbia,94.5,,-0.10570824524311906
2013-12-01,2013,12,British Columbia,94.3,,-0.2116402116402183
2014-01-01,2014,1,British Columbia,94.3,,0.0
2014-02-01,2014,2,British Columbia,94.3,,0.0
2014-03-01,2014,3,British Columbia,94.2,,-0.10604453870625141
2014-04-01,2014,4,British Columbia,93.9,,-0.31847133757961776
2014-05-01,2014,5,British Columbia,93.7,,-0.21299254526091493
2014-06-01,2014,6,British Columbia,93.6,,-0.10672358591249376
2014-07-01,2014,7,British Columbia,93.5,,-0.10683760683759536
2014-08-01,2014,8,British Columbia,93.7,,0.21390374331551332
2014-09-01,2014,9,British Columbia,93.7,,0.0
2014-10-01,2014,10,British Columbia,94.0,,0.32017075773744796
2014-11-01,2014,11,British Columbia,93.8,,-0.21276595744681437
2014-12-01,2014,12,British Columbia,93.8,,0.0
2015-01-01,2015,1,British Columbia,93.6,,-0.2132196162046962
2015-02-01,2015,2,British Columbia,93.6,,0.0
2015-03-01,2015,3,British Columbia,93.6,,0.0
2015-04-01,2015,4,British Columbia,94.2,,0.641025641025661
2015-05-01,2015,5,British Columbia,94.2,,0.0
2015-06-01,2015,6,British Columbia,94.4,,0.2123142250530785
2015-07-01,2015,7,British Columbia,94.7,,0.3177966101694851
2015-08-01,2015,8,British Columbia,94.7,,0.0
2015-09-01,2015,9,British Columbia,95.1,,0.42238648363250864
2015-10-01,2015,10,British Columbia,95.3,,0.2103049421661396
2015-11-01,2015,11,British Columbia,95.8,,0.5246589716684236
2015-12-01,2015,12,British Columbia,95.9,,0.10438413361169019
2016-01-01,2016,1,British Columbia,96.3,,0.4171011470281538
2016-02-01,2016,2,British Columbia,97.1,,0.8307372793354029
2016-03-01,2016,3,British Columbia,97.4,,0.308959835221434
2016-04-01,2016,4,British Columbia,97.7,,0.30800821355236874
2016-05-01,2016,5,British Columbia,98.8,,1.1258955987717423
2016-06-01,2016,6,British Columbia,99.2,,0.4048582995951566
2016-07-01,2016,7,British Columbia,99.7,,0.504032258064524
2016-08-01,2016,8,British Columbia,99.7,,0.0
2016-09-01,2016,9,British Columbia,100.0,,0.30090270812437314
2016-10-01,2016,10,British Columbia,100.3,,0.29999999999998916
2016-11-01,2016,11,British Columbia,100.0,,-0.29910269192422456
2016-12-01,2016,12,British Columbia,100.0,,0.0
2017-01-01,2017,1,British Columbia,99.9,,-0.09999999999998899
2017-02-01,2017,2,British Columbia,100.0,,0.10010010010008674
2017-03-01,2017,3,British Columbia,100.5,,0.49999999999998934
2017-04-01,2017,4,British Columbia,101.5,,0.995024875621886
2017-05-01,2017,5,British Columbia,103.4,,1.871921182266023
2017-06-01,2017,6,British Columbia,104.7,,1.2572533849129597
2017-07-01,2017,7,British Columbia,106.5,,1.7191977077363862
2017-08-01,2017,8,British Columbia,106.6,,0.09389671361501595
2017-09-01,2017,9,British Columbia,107.3,,0.6566604127579811
2017-10-01,2017,10,British Columbia,107.6,,0.2795899347623365
2017-11-01,2017,11,British Columbia,107.6,,0.0
2017-12-01,2017,12,British Columbia,107.8,,0.18587360594795044
2018-01-01,2018,1,British Columbia,107.8,,0.0
2018-02-01,2018,2,British Columbia,107.8,,0.0
2018-03-01,2018,3,British Columbia,107.9,,0.09276437847867136
2018-04-01,2018,4,British Columbia,107.9,,0.0
2018-05-01,2018,5,British Columbia,107.9,,0.0
2018-06-01,2018,6,British Columbia,108.0,,0.0926784059314123
2018-07-01,2018,7,British Columbia,107.9,,-0.09259259259258856
2018-08-01,2018,8,British Columbia,107.8,,-0.0926784059314234
2018-09-01,2018,9,British Columbia,108.0,,0.18552875695732052
2018-10-01,2018,10,British Columbia,108.0,,0.0
2018-11-01,2018,11,British Columbia,107.8,,-0.18518518518518823
2018-12-01,2018,12,British Columbia,107.7,,-0.09276437847866026
2019-01-01,2019,1,British Columbia,107.6,,-0.09285051067782213
2019-02-01,2019,2,British Columbia,107.4,,-0.18587360594793934
2019-03-01,2019,3,British Columbia,107.4,,0.0
2019-04-01,2019,4,British Columbia,107.2,,-0.18621973929237035
2019-05-01,2019,5,British Columbia,106.9,,-0.2798507462686506
2019-06-01,2019,6,British Columbia,106.8,,-0.0935453695042221
2019-07-01,2019,7,British Columbia,106.4,,-0.3745318352059823
2019-08-01,2019,8,British Columbia,106.4,,0.0
2019-09-01,2019,9,British Columbia,106.0,,-0.3759398496240629
2019-10-01,2019,10,British Columbia,105.8,,-0.18867924528301883
2019-11-01,2019,11,British Columbia,105.3,,-0.472589792060496
2019-12-01,2019,12,British Columbia,105.7,,0.3798670465337217
2020-01-01,2020,1,British Columbia,105.5,,-0.18921475875118832
2020-02-01,2020,2,British Columbia,105.9,,0.37914691943128354
2020-03-01,2020,3,British Columbia,106.3,,0.37771482530688516
2020-04-01,2020,4,British Columbia,106.3,,0.0
2020-05-01,2020,5,British Columbia,106.3,,0.0
2020-06-01,2020,6,British Columbia,106.4,,0.09407337723426057
2020-07-01,2020,7,British Columbia,107.2,,0.7518796992481258
2020-08-01,2020,8,British Columbia,108.1,,0.8395522388059629
2020-09-01,2020,9,British Columbia,110.2,,1.942645698427392
2020-10-01,2020,10,British Columbia,111.5,,1.1796733212341204
2020-11-01,2020,11,British Columbia,111.8,,0.2690582959641308
2020-12-01,2020,12,British Columbia,111.9,,0.08944543828266482
2021-01-01,2021,1,British Columbia,112.3,,0.3574620196604039
2021-02-01,2021,2,British Columbia,116.3,,3.5618878005342802
2021-03-01,2021,3,British Columbia,117.2,,0.7738607050730817
2021-04-01,2021,4,British Columbia,118.9,,1.4505119453924964
2021-05-01,2021,5,British Columbia,120.0,,0.925147182506314
2021-06-01,2021,6,British Columbia,119.7,,-0.24999999999999467
2021-07-01,2021,7,British Columbia,120.3,,0.5012531328320691
2021-08-01,2021,8,British Columbia,120.8,,0.41562759767248547
2021-09-01,2021,9,British Columbia,121.9,,0.9105960264900625
2021-10-01,2021,10,British Columbia,123.3,,1.1484823625922846
2021-11-01,2021,11,British Columbia,124.0,,0.5677210056772131
2021-12-01,2021,12,British Columbia,124.1,,0.08064516129031585
2022-01-01,2022,1,British Columbia,126.2,,1.692183722804197
2022-02-01,2022,2,British Columbia,127.0,,0.6339144215530945
2022-03-01,2022,3,British Columbia,127.7,,0.5511811023622082
2022-04-01,2022,4,British Columbia,127.9,,0.1566170712607784
2022-05-01,2022,5,British Columbia,128.0,,0.07818608287724071
2022-06-01,2022,6,British Columbia,128.1,,0.07812499999999556
2022-07-01,2022,7,British Columbia,128.7,,0.4683840749414525
2022-08-01,2022,8,British Columbia,128.7,,0.0
2022-09-01,2022,9,British Columbia,128.7,,0.0
2022-10-01,2022,10,British Columbia,127.8,,-0.6993006993006978
2022-11-01,2022,11,British Columbia,127.7,,-0.07824726134584292
2022-12-01,2022,12,British Columbia,127.6,,-0.0783085356303892
2023-01-01,2023,1,British Columbia,127.1,,-0.39184952978056353
2023-02-01,2023,2,British Columbia,126.8,,-0.2360346184106965
2023-03-01,2023,3,British Columbia,126.8,,0.0
2023-04-01,2023,4,British Columbia,126.8,,0.0
2023-05-01,2023,5,British Columbia,127.0,,0.1577287066246047
2023-06-01,2023,6,British Columbia,127.5,,0.3937007874015741
2023-07-01,2023,7,British Columbia,127.3,,-0.15686274509804088
2023-08-01,2023,8,British Columbia,127.9,,0.47132757266301617
2023-09-01,2023,9,British Columbia,127.4,,-0.3909304143862369
2023-10-01,2023,10,British Columbia,127.4,,0.0
2023-11-01,2023,11,British Columbia,127.3,,-0.07849293563579884
2023-12-01,2023,12,British Columbia,127.3,,0.0
2024-01-01,2024,1,British Columbia,127.1,,-0.15710919088767206
2024-02-01,2024,2,British Columbia,127.2,,0.07867820613691734
2024-03-01,2024,3,British Columbia,127.2,,0.0
2024-04-01,2024,4,British Columbia,127.8,,0.4716981132075526
2024-05-01,2024,5,British Columbia,127.9,,0.07824726134586513
2024-06-01,2024,6,British Columbia,127.0,,-0.703674745895233
2024-07-01,2024,7,British Columbia,127.4,,0.31496062992126816
2024-08-01,2024,8,British Columbia,127.5,,0.07849293563579884
2024-09-01,2024,9,British Columbia,127.3,,-0.15686274509804088
2024-10-01,2024,10,British Columbia,126.6,,-0.5498821681068411
2024-11-01,2024,11,British Columbia,126.6,,0.0
2024-12-01,2024,12,British Columbia,126.6,,0.0
2025-01-01,2025,1,British Columbia,126.7,,0.07898894154818592
2025-02-01,2025,2,British Columbia,126.8,,0.0789265982636067
2025-03-01,2025,3,British Columbia,126.9,,0.07886435331230235
2025-04-01,2025,4,British Columbia,126.8,,-0.07880220646179215
2025-05-01,2025,5,British Columbia,126.3,,-0.39432176656151174
2025-06-01,2025,6,British Columbia,126.1,,-0.15835312747426444
2025-07-01,2025,7,British Columbia,126.0,,-0.07930214115781098
2025-08-01,2025,8,British Columbia,125.2,,-0.6349206349206327
2025-09-01,2025,9,British Columbia,125.4,,0.15974440894568342
2025-10-01,2025,10,British Columbia,125.1,,-0.23923444976077235
2025-11-01,2025,11,British Columbia,124.9,,-0.1598721023181371
2025-12-01,2025,12,British Columbia,124.6,,-0.24019215372298452
2026-01-01,2026,1,British Columbia,124.3,,-0.24077046548955927
2026-02-01,2026,2,British Columbia,124.2,,-0.08045052292839916
2026-03-01,2026,3,British Columbia,123.8,,-0.32206119162641045
2026-04-01,2026,4,British Columbia,123.6,,-0.1615508885298933
2026-05-01,2026,5,British Columbia,122.7,,-0.7281553398058138
2026-06-01,2026,6,British Columbia,122.2,,-0.4074979625101838
1981-01-01,1981,1,Canada,38.2,,
1981-02-01,1981,2,Canada,38.7,,1.308900523560208
1981-03-01,1981,3,Canada,39.3,,1.5503875968992054
1981-04-01,1981,4,Canada,39.9,,1.526717557251911
1981-05-01,1981,5,Canada,40.6,,1.7543859649122862
1981-06-01,1981,6,Canada,40.8,,0.49261083743841194
1981-07-01,1981,7,Canada,40.8,,0.0
1981-08-01,1981,8,Canada,40.6,,-0.4901960784313597
1981-09-01,1981,9,Canada,40.4,,-0.49261083743843415
1981-10-01,1981,10,Canada,40.3,,-0.24752475247524774
1981-11-01,1981,11,Canada,40.2,,-0.2481389578163684
1981-12-01,1981,12,Canada,40.3,,0.24875621890545485
1982-01-01,1982,1,Canada,40.3,,0.0
1982-02-01,1982,2,Canada,40.3,,0.0
1982-03-01,1982,3,Canada,40.1,,-0.4962779156327479
1982-04-01,1982,4,Canada,39.9,,-0.4987531172069848
1982-05-01,1982,5,Canada,39.6,,-0.7518796992481147
1982-06-01,1982,6,Canada,39.3,,-0.757575757575768
1982-07-01,1982,7,Canada,39.0,,-0.7633587786259444
1982-08-01,1982,8,Canada,38.8,,-0.5128205128205221
1982-09-01,1982,9,Canada,38.4,,-1.0309278350515427
1982-10-01,1982,10,Canada,38.3,,-0.26041666666667407
1982-11-01,1982,11,Canada,38.0,,-0.7832898172323688
1982-12-01,1982,12,Canada,37.9,,-0.2631578947368429
1983-01-01,1983,1,Canada,37.9,,0.0
1983-02-01,1983,2,Canada,37.9,,0.0
1983-03-01,1983,3,Canada,37.8,,-0.26385224274406704
1983-04-01,1983,4,Canada,37.8,,0.0
1983-05-01,1983,5,Canada,37.7,,-0.2645502645502451
1983-06-01,1983,6,Canada,37.8,,0.2652519893899141
1983-07-01,1983,7,Canada,37.8,,0.0
1983-08-01,1983,8,Canada,38.0,,0.5291005291005346
1983-09-01,1983,9,Canada,38.0,,0.0
1983-10-01,1983,10,Canada,37.9,,-0.2631578947368429
1983-11-01,1983,11,Canada,38.0,,0.26385224274407815
1983-12-01,1983,12,Canada,37.9,,-0.2631578947368429
1984-01-01,1984,1,Canada,38.0,,0.26385224274407815
1984-02-01,1984,2,Canada,38.0,,0.0
1984-03-01,1984,3,Canada,38.1,,0.263157894736854
1984-04-01,1984,4,Canada,38.2,,0.2624671916010568
1984-05-01,1984,5,Canada,38.2,,0.0
1984-06-01,1984,6,Canada,38.1,,-0.2617801047120505
1984-07-01,1984,7,Canada,38.1,,0.0
1984-08-01,1984,8,Canada,38.0,,-0.2624671916010568
1984-09-01,1984,9,Canada,37.9,,-0.2631578947368429
1984-10-01,1984,10,Canada,37.9,,0.0
1984-11-01,1984,11,Canada,37.8,,-0.26385224274406704
1984-12-01,1984,12,Canada,37.9,,0.2645502645502784
1985-01-01,1985,1,Canada,38.0,,0.26385224274407815
1985-02-01,1985,2,Canada,38.0,,0.0
1985-03-01,1985,3,Canada,38.1,,0.263157894736854
1985-04-01,1985,4,Canada,38.1,,0.0
1985-05-01,1985,5,Canada,38.1,,0.0
1985-06-01,1985,6,Canada,38.3,,0.5249343832020914
1985-07-01,1985,7,Canada,38.4,,0.26109660574413773
1985-08-01,1985,8,Canada,38.5,,0.26041666666667407
1985-09-01,1985,9,Canada,38.8,,0.7792207792207684
1985-10-01,1985,10,Canada,38.9,,0.2577319587628857
1985-11-01,1985,11,Canada,39.2,,0.7712082262210984
1985-12-01,1985,12,Canada,39.3,,0.25510204081631294
1986-01-01,1986,1,Canada,39.8,,1.2722646310432628
1986-02-01,1986,2,Canada,40.3,,1.2562814070351758
1986-03-01,1986,3,Canada,40.6,,0.7444168734491496
1986-04-01,1986,4,Canada,40.8,,0.49261083743841194
1986-05-01,1986,5,Canada,41.1,,0.7352941176470784
1986-06-01,1986,6,Canada,41.3,,0.48661800486617945
1986-07-01,1986,7,Canada,41.6,,0.7263922518159882
1986-08-01,1986,8,Canada,42.0,,0.9615384615384581
1986-09-01,1986,9,Canada,42.8,,1.904761904761898
1986-10-01,1986,10,Canada,43.2,,0.9345794392523477
1986-11-01,1986,11,Canada,43.8,,1.388888888888884
1986-12-01,1986,12,Canada,44.0,,0.4566210045662267
1987-01-01,1987,1,Canada,44.4,,0.9090909090909038
1987-02-01,1987,2,Canada,45.2,,1.8018018018018056
1987-03-01,1987,3,Canada,46.6,,3.0973451327433565
1987-04-01,1987,4,Canada,47.1,,1.0729613733905685
1987-05-01,1987,5,Canada,47.5,,0.849256900212314
1987-06-01,1987,6,Canada,47.7,,0.42105263157894424
1987-07-01,1987,7,Canada,48.0,,0.6289308176100628
1987-08-01,1987,8,Canada,48.2,,0.4166666666666652
1987-09-01,1987,9,Canada,48.7,,1.0373443983402453
1987-10-01,1987,10,Canada,48.9,,0.4106776180698102
1987-11-01,1987,11,Canada,49.1,,0.4089979550102374
1987-12-01,1987,12,Canada,49.1,,0.0
1988-01-01,1988,1,Canada,49.3,,0.40733197556006573
1988-02-01,1988,2,Canada,49.8,,1.0141987829614507
1988-03-01,1988,3,Canada,50.3,,1.0040160642570184
1988-04-01,1988,4,Canada,51.2,,1.7892644135188984
1988-05-01,1988,5,Canada,51.9,,1.3671875
1988-06-01,1988,6,Canada,52.3,,0.7707129094412402
1988-07-01,1988,7,Canada,52.5,,0.3824091778202643
1988-08-01,1988,8,Canada,53.0,,0.952380952380949
1988-09-01,1988,9,Canada,53.9,,1.6981132075471583
1988-10-01,1988,10,Canada,54.3,,0.7421150278293043
1988-11-01,1988,11,Canada,55.0,,1.2891344383057168
1988-12-01,1988,12,Canada,55.8,,1.4545454545454417
1989-01-01,1989,1,Canada,56.3,,0.8960573476702427
1989-02-01,1989,2,Canada,57.7,,2.486678507992912
1989-03-01,1989,3,Canada,58.6,,1.5597920277296229
1989-04-01,1989,4,Canada,59.1,,0.8532423208191142
1989-05-01,1989,5,Canada,59.3,,0.33840947546530664
1989-06-01,1989,6,Canada,59.6,,0.5059021922428464
1989-07-01,1989,7,Canada,59.8,,0.3355704697986406
1989-08-01,1989,8,Canada,59.8,,0.0
1989-09-01,1989,9,Canada,60.1,,0.5016722408026864
1989-10-01,1989,10,Canada,60.4,,0.4991680532445919
1989-11-01,1989,11,Canada,60.8,,0.6622516556291425
1989-12-01,1989,12,Canada,61.1,,0.49342105263159297
1990-01-01,1990,1,Canada,61.7,,0.9819967266775809
1990-02-01,1990,2,Canada,61.8,,0.16207455429497752
1990-03-01,1990,3,Canada,61.9,,0.16181229773462036
1990-04-01,1990,4,Canada,61.8,,-0.1615508885298933
1990-05-01,1990,5,Canada,61.5,,-0.4854368932038833
1990-06-01,1990,6,Canada,60.8,,-1.1382113821138296
1990-07-01,1990,7,Canada,60.4,,-0.6578947368421018
1990-08-01,1990,8,Canada,59.8,,-0.9933774834437137
1990-09-01,1990,9,Canada,59.0,,-1.3377926421404673
1990-10-01,1990,10,Canada,58.6,,-0.6779661016949157
1990-11-01,1990,11,Canada,58.0,,-1.0238907849829393
1990-12-01,1990,12,Canada,57.8,,-0.34482758620689724
1991-01-01,1991,1,Canada,56.9,,-1.557093425605538
1991-02-01,1991,2,Canada,55.8,,-1.9332161687170446
1991-03-01,1991,3,Canada,56.0,,0.35842293906811484
1991-04-01,1991,4,Canada,55.8,,-0.357142857142867
1991-05-01,1991,5,Canada,56.2,,0.7168458781362075
1991-06-01,1991,6,Canada,56.2,,0.0
1991-07-01,1991,7,Canada,56.3,,0.177935943060481
1991-08-01,1991,8,Canada,56.2,,-0.1776198934280493
1991-09-01,1991,9,Canada,56.2,,0.0
1991-10-01,1991,10,Canada,56.2,,0.0
1991-11-01,1991,11,Canada,55.9,,-0.5338078291814985
1991-12-01,1991,12,Canada,55.9,,0.0
1992-01-01,1992,1,Canada,55.8,,-0.17889087656529634
1992-02-01,1992,2,Canada,55.8,,0.0
1992-03-01,1992,3,Canada,55.9,,0.17921146953405742
1992-04-01,1992,4,Canada,56.0,,0.17889087656530744
1992-05-01,1992,5,Canada,56.0,,0.0
1992-06-01,1992,6,Canada,56.2,,0.3571428571428559
1992-07-01,1992,7,Canada,56.3,,0.177935943060481
1992-08-01,1992,8,Canada,56.3,,0.0
1992-09-01,1992,9,Canada,56.2,,-0.1776198934280493
1992-10-01,1992,10,Canada,56.3,,0.177935943060481
1992-11-01,1992,11,Canada,56.3,,0.0
1992-12-01,1992,12,Canada,56.3,,0.0
1993-01-01,1993,1,Canada,56.2,,-0.1776198934280493
1993-02-01,1993,2,Canada,56.4,,0.3558718861209842
1993-03-01,1993,3,Canada,56.7,,0.5319148936170359
1993-04-01,1993,4,Canada,57.0,,0.5291005291005346
1993-05-01,1993,5,Canada,56.8,,-0.35087719298245723
1993-06-01,1993,6,Canada,56.9,,0.17605633802817433
1993-07-01,1993,7,Canada,57.0,,0.17574692442883233
1993-08-01,1993,8,Canada,57.1,,0.17543859649122862
1993-09-01,1993,9,Canada,57.1,,0.0
1993-10-01,1993,10,Canada,57.0,,-0.17513134851138146
1993-11-01,1993,11,Canada,57.0,,0.0
1993-12-01,1993,12,Canada,56.9,,-0.17543859649122862
1994-01-01,1994,1,Canada,57.0,,0.17574692442883233
1994-02-01,1994,2,Canada,56.9,,-0.17543859649122862
1994-03-01,1994,3,Canada,56.9,,0.0
1994-04-01,1994,4,Canada,56.9,,0.0
1994-05-01,1994,5,Canada,56.9,,0.0
1994-06-01,1994,6,Canada,57.0,,0.17574692442883233
1994-07-01,1994,7,Canada,56.9,,-0.17543859649122862
1994-08-01,1994,8,Canada,57.0,,0.17574692442883233
1994-09-01,1994,9,Canada,57.0,,0.0
1994-10-01,1994,10,Canada,56.9,,-0.17543859649122862
1994-11-01,1994,11,Canada,56.8,,-0.17574692442882123
1994-12-01,1994,12,Canada,56.8,,0.0
1995-01-01,1995,1,Canada,56.8,,0.0
1995-02-01,1995,2,Canada,56.7,,-0.17605633802816323
1995-03-01,1995,3,Canada,56.6,,-0.17636684303351524
1995-04-01,1995,4,Canada,56.5,,-0.17667844522968323
1995-05-01,1995,5,Canada,56.4,,-0.1769911504424848
1995-06-01,1995,6,Canada,56.3,,-0.17730496453900457
1995-07-01,1995,7,Canada,56.2,,-0.1776198934280493
1995-08-01,1995,8,Canada,56.2,,0.0
1995-09-01,1995,9,Canada,56.2,,0.0
1995-10-01,1995,10,Canada,55.9,,-0.5338078291814985
1995-11-01,1995,11,Canada,55.6,,-0.5366726296958779
1995-12-01,1995,12,Canada,55.7,,0.17985611510791255
1996-01-01,1996,1,Canada,55.6,,-0.17953321364452268
1996-02-01,1996,2,Canada,55.4,,-0.3597122302158362
1996-03-01,1996,3,Canada,55.3,,-0.18050541516245744
1996-04-01,1996,4,Canada,55.1,,-0.3616636528028905
1996-05-01,1996,5,Canada,55.0,,-0.1814882032667886
1996-06-01,1996,6,Canada,55.1,,0.1818181818181941
1996-07-01,1996,7,Canada,55.0,,-0.1814882032667886
1996-08-01,1996,8,Canada,55.0,,0.0
1996-09-01,1996,9,Canada,55.0,,0.0
1996-10-01,1996,10,Canada,55.0,,0.0
1996-11-01,1996,11,Canada,55.2,,0.363636363636366
1996-12-01,1996,12,Canada,55.2,,0.0
1997-01-01,1997,1,Canada,55.3,,0.18115942028984477
1997-02-01,1997,2,Canada,55.4,,0.1808318264014508
1997-03-01,1997,3,Canada,55.5,,0.18050541516245744
1997-04-01,1997,4,Canada,55.5,,0.0
1997-05-01,1997,5,Canada,55.6,,0.18018018018017834
1997-06-01,1997,6,Canada,55.6,,0.0
1997-07-01,1997,7,Canada,55.6,,0.0
1997-08-01,1997,8,Canada,55.6,,0.0
1997-09-01,1997,9,Canada,55.6,,0.0
1997-10-01,1997,10,Canada,55.6,,0.0
1997-11-01,1997,11,Canada,55.8,,0.3597122302158251
1997-12-01,1997,12,Canada,55.9,,0.17921146953405742
1998-01-01,1998,1,Canada,56.0,,0.17889087656530744
1998-02-01,1998,2,Canada,56.0,,0.0
1998-03-01,1998,3,Canada,56.0,,0.0
1998-04-01,1998,4,Canada,56.0,,0.0
1998-05-01,1998,5,Canada,56.1,,0.17857142857142794
1998-06-01,1998,6,Canada,56.2,,0.17825311942958333
1998-07-01,1998,7,Canada,56.2,,0.0
1998-08-01,1998,8,Canada,56.2,,0.0
1998-09-01,1998,9,Canada,56.2,,0.0
1998-10-01,1998,10,Canada,56.2,,0.0
1998-11-01,1998,11,Canada,56.2,,0.0
1998-12-01,1998,12,Canada,56.3,,0.177935943060481
1999-01-01,1999,1,Canada,56.3,,0.0
1999-02-01,1999,2,Canada,56.3,,0.0
1999-03-01,1999,3,Canada,56.4,,0.1776198934280604
1999-04-01,1999,4,Canada,56.4,,0.0
1999-05-01,1999,5,Canada,56.4,,0.0
1999-06-01,1999,6,Canada,56.4,,0.0
1999-07-01,1999,7,Canada,56.5,,0.17730496453900457
1999-08-01,1999,8,Canada,56.7,,0.3539823008849696
1999-09-01,1999,9,Canada,56.8,,0.17636684303350414
1999-10-01,1999,10,Canada,56.9,,0.17605633802817433
1999-11-01,1999,11,Canada,57.1,,0.35149384885764245
1999-12-01,1999,12,Canada,57.2,,0.17513134851139256
2000-01-01,2000,1,Canada,57.2,,0.0
2000-02-01,2000,2,Canada,57.4,,0.34965034965033226
2000-03-01,2000,3,Canada,57.5,,0.17421602787457413
2000-04-01,2000,4,Canada,57.6,,0.17391304347826875
2000-05-01,2000,5,Canada,57.8,,0.3472222222222099
2000-06-01,2000,6,Canada,57.8,,0.0
2000-07-01,2000,7,Canada,57.9,,0.17301038062282892
2000-08-01,2000,8,Canada,58.1,,0.3454231433505983
2000-09-01,2000,9,Canada,58.2,,0.1721170395869276
2000-10-01,2000,10,Canada,58.3,,0.1718213058419238
2000-11-01,2000,11,Canada,58.5,,0.34305317324185847
2000-12-01,2000,12,Canada,58.6,,0.17094017094017033
2001-01-01,2001,1,Canada,58.7,,0.17064846416381396
2001-02-01,2001,2,Canada,58.8,,0.17035775127767216
2001-03-01,2001,3,Canada,59.0,,0.3401360544217802
2001-04-01,2001,4,Canada,59.2,,0.3389830508474523
2001-05-01,2001,5,Canada,59.3,,0.16891891891890332
2001-06-01,2001,6,Canada,59.5,,0.3372681281618828
2001-07-01,2001,7,Canada,59.6,,0.1680672268907557
2001-08-01,2001,8,Canada,59.7,,0.1677852348993314
2001-09-01,2001,9,Canada,59.9,,0.3350083752093669
2001-10-01,2001,10,Canada,59.9,,0.0
2001-11-01,2001,11,Canada,60.1,,0.33388981636059967
2001-12-01,2001,12,Canada,60.2,,0.16638935108153063
2002-01-01,2002,1,Canada,60.4,,0.33222591362125353
2002-02-01,2002,2,Canada,60.8,,0.6622516556291425
2002-03-01,2002,3,Canada,61.0,,0.328947368421062
2002-04-01,2002,4,Canada,61.4,,0.6557377049180246
2002-05-01,2002,5,Canada,61.8,,0.6514657980456029
2002-06-01,2002,6,Canada,61.9,,0.16181229773462036
2002-07-01,2002,7,Canada,62.0,,0.1615508885298933
2002-08-01,2002,8,Canada,62.3,,0.4838709677419395
2002-09-01,2002,9,Canada,62.4,,0.16051364365972098
2002-10-01,2002,10,Canada,62.7,,0.48076923076922906
2002-11-01,2002,11,Canada,63.1,,0.6379585326953707
2002-12-01,2002,12,Canada,63.3,,0.31695721077653616
2003-01-01,2003,1,Canada,63.4,,0.15797788309637184
2003-02-01,2003,2,Canada,63.8,,0.6309148264984188
2003-03-01,2003,3,Canada,63.9,,0.15673981191222097
2003-04-01,2003,4,Canada,64.1,,0.3129890453833939
2003-05-01,2003,5,Canada,64.5,,0.6240249609984483
2003-06-01,2003,6,Canada,64.7,,0.31007751937985883
2003-07-01,2003,7,Canada,64.9,,0.3091190108191588
2003-08-01,2003,8,Canada,65.2,,0.46224961479197635
2003-09-01,2003,9,Canada,65.5,,0.4601226993864893
2003-10-01,2003,10,Canada,65.8,,0.45801526717557106
2003-11-01,2003,11,Canada,66.3,,0.7598784194528863
2003-12-01,2003,12,Canada,66.5,,0.3016591251885359
2004-01-01,2004,1,Canada,66.7,,0.3007518796992459
2004-02-01,2004,2,Canada,66.9,,0.2998500749625155
2004-03-01,2004,3,Canada,67.2,,0.4484304932735439
2004-04-01,2004,4,Canada,67.7,,0.7440476190476275
2004-05-01,2004,5,Canada,68.2,,0.7385524372230501
2004-06-01,2004,6,Canada,68.7,,0.7331378299120228
2004-07-01,2004,7,Canada,68.8,,0.14556040756912303
2004-08-01,2004,8,Canada,69.1,,0.43604651162789665
2004-09-01,2004,9,Canada,69.3,,0.28943560057888007
2004-10-01,2004,10,Canada,69.5,,0.28860028860029363
2004-11-01,2004,11,Canada,69.8,,0.4316546762589857
2004-12-01,2004,12,Canada,69.9,,0.14326647564470996
2005-01-01,2005,1,Canada,70.1,,0.28612303290413976
2005-02-01,2005,2,Canada,70.3,,0.28530670470756636
2005-03-01,2005,3,Canada,70.6,,0.426742532005675
2005-04-01,2005,4,Canada,71.0,,0.56657223796035
2005-05-01,2005,5,Canada,71.3,,0.42253521126760507
2005-06-01,2005,6,Canada,71.9,,0.8415147265077305
2005-07-01,2005,7,Canada,72.0,,0.13908205841446364
2005-08-01,2005,8,Canada,72.3,,0.4166666666666652
2005-09-01,2005,9,Canada,72.7,,0.5532503457814641
2005-10-01,2005,10,Canada,73.2,,0.687757909215958
2005-11-01,2005,11,Canada,73.6,,0.5464480874316724
2005-12-01,2005,12,Canada,74.1,,0.6793478260869623
2006-01-01,2006,1,Canada,74.7,,0.809716599190291
2006-02-01,2006,2,Canada,75.2,,0.6693440428380271
2006-03-01,2006,3,Canada,76.0,,1.0638297872340496
2006-04-01,2006,4,Canada,76.9,,1.1842105263157876
2006-05-01,2006,5,Canada,77.8,,1.1703511053315907
2006-06-01,2006,6,Canada,79.0,,1.5424164524421524
2006-07-01,2006,7,Canada,79.8,,1.0126582278481067
2006-08-01,2006,8,Canada,81.0,,1.5037593984962516
2006-09-01,2006,9,Canada,81.4,,0.4938271604938427
2006-10-01,2006,10,Canada,81.6,,0.24570024570023108
2006-11-01,2006,11,Canada,82.0,,0.4901960784313708
2006-12-01,2006,12,Canada,82.0,,0.0
2007-01-01,2007,1,Canada,82.3,,0.3658536585365857
2007-02-01,2007,2,Canada,82.7,,0.486026731470246
2007-03-01,2007,3,Canada,83.0,,0.36275695284160303
2007-04-01,2007,4,Canada,83.7,,0.8433734939758963
2007-05-01,2007,5,Canada,84.6,,1.0752688172043001
2007-06-01,2007,6,Canada,85.1,,0.5910165484633634
2007-07-01,2007,7,Canada,85.9,,0.9400705052879044
2007-08-01,2007,8,Canada,86.3,,0.4656577415599328
2007-09-01,2007,9,Canada,86.5,,0.2317497103128563
2007-10-01,2007,10,Canada,86.6,,0.11560693641616826
2007-11-01,2007,11,Canada,87.0,,0.46189376443419583
2007-12-01,2007,12,Canada,87.1,,0.11494252873562871
2008-01-01,2008,1,Canada,87.6,,0.574052812858783
2008-02-01,2008,2,Canada,87.9,,0.34246575342467
2008-03-01,2008,3,Canada,88.1,,0.22753128555175195
2008-04-01,2008,4,Canada,88.1,,0.0
2008-05-01,2008,5,Canada,88.1,,0.0
2008-06-01,2008,6,Canada,88.2,,0.11350737797957144
2008-07-01,2008,7,Canada,88.2,,0.0
2008-08-01,2008,8,Canada,88.2,,0.0
2008-09-01,2008,9,Canada,88.3,,0.11337868480725266
2008-10-01,2008,10,Canada,87.9,,-0.45300113250281715
2008-11-01,2008,11,Canada,87.7,,-0.22753128555176305
2008-12-01,2008,12,Canada,87.5,,-0.22805017103763037
2009-01-01,2009,1,Canada,87.0,,-0.5714285714285672
2009-02-01,2009,2,Canada,86.4,,-0.6896551724137834
2009-03-01,2009,3,Canada,86.0,,-0.462962962962965
2009-04-01,2009,4,Canada,85.5,,-0.5813953488372103
2009-05-01,2009,5,Canada,85.4,,-0.11695906432748204
2009-06-01,2009,6,Canada,85.2,,-0.23419203747072626
2009-07-01,2009,7,Canada,85.4,,0.23474178403755097
2009-08-01,2009,8,Canada,85.5,,0.11709601873535203
2009-09-01,2009,9,Canada,85.9,,0.4678362573099504
2009-10-01,2009,10,Canada,86.1,,0.2328288707799553
2009-11-01,2009,11,Canada,86.4,,0.34843205574914826
2009-12-01,2009,12,Canada,86.7,,0.3472222222222099
2010-01-01,2010,1,Canada,87.1,,0.46136101499423265
2010-02-01,2010,2,Canada,87.1,,0.0
2010-03-01,2010,3,Canada,87.4,,0.3444316877152742
2010-04-01,2010,4,Canada,87.6,,0.22883295194506825
2010-05-01,2010,5,Canada,87.9,,0.34246575342467
2010-06-01,2010,6,Canada,88.0,,0.11376564277587597
2010-07-01,2010,7,Canada,87.9,,-0.1136363636363602
2010-08-01,2010,8,Canada,88.0,,0.11376564277587597
2010-09-01,2010,9,Canada,88.1,,0.1136363636363491
2010-10-01,2010,10,Canada,88.2,,0.11350737797957144
2010-11-01,2010,11,Canada,88.4,,0.22675736961450532
2010-12-01,2010,12,Canada,88.4,,0.0
2011-01-01,2011,1,Canada,88.6,,0.2262443438913797
2011-02-01,2011,2,Canada,89.0,,0.4514672686230403
2011-03-01,2011,3,Canada,89.0,,0.0
2011-04-01,2011,4,Canada,89.2,,0.22471910112360494
2011-05-01,2011,5,Canada,89.6,,0.4484304932735439
2011-06-01,2011,6,Canada,89.8,,0.22321428571427937
2011-07-01,2011,7,Canada,89.9,,0.11135857461026522
2011-08-01,2011,8,Canada,90.0,,0.11123470522802492
2011-09-01,2011,9,Canada,90.1,,0.11111111111110628
2011-10-01,2011,10,Canada,90.3,,0.2219755826859071
2011-11-01,2011,11,Canada,90.6,,0.33222591362125353
2011-12-01,2011,12,Canada,90.7,,0.11037527593820151
2012-01-01,2012,1,Canada,90.8,,0.11025358324145973
2012-02-01,2012,2,Canada,91.0,,0.22026431718062955
2012-03-01,2012,3,Canada,91.3,,0.3296703296703285
2012-04-01,2012,4,Canada,91.5,,0.21905805038335835
2012-05-01,2012,5,Canada,91.7,,0.21857923497268228
2012-06-01,2012,6,Canada,91.9,,0.21810250817884125
2012-07-01,2012,7,Canada,92.0,,0.10881392818280489
2012-08-01,2012,8,Canada,92.1,,0.10869565217390686
2012-09-01,2012,9,Canada,92.3,,0.21715526601520097
2012-10-01,2012,10,Canada,92.5,,0.21668472372697867
2012-11-01,2012,11,Canada,92.6,,0.108108108108107
2012-12-01,2012,12,Canada,92.7,,0.1079913606911509
2013-01-01,2013,1,Canada,92.8,,0.10787486515642097
2013-02-01,2013,2,Canada,93.0,,0.21551724137931494
2013-03-01,2013,3,Canada,93.0,,0.0
2013-04-01,2013,4,Canada,93.2,,0.21505376344086446
2013-05-01,2013,5,Canada,93.4,,0.21459227467810482
2013-06-01,2013,6,Canada,93.5,,0.10706638115631772
2013-07-01,2013,7,Canada,93.6,,0.10695187165774556
2013-08-01,2013,8,Canada,93.7,,0.10683760683760646
2013-09-01,2013,9,Canada,93.8,,0.10672358591248265
2013-10-01,2013,10,Canada,93.8,,0.0
2013-11-01,2013,11,Canada,93.9,,0.10660980810235365
2013-12-01,2013,12,Canada,93.9,,0.0
2014-01-01,2014,1,Canada,94.1,,0.21299254526090383
2014-02-01,2014,2,Canada,94.4,,0.31880977683316214
2014-03-01,2014,3,Canada,94.5,,0.10593220338981357
2014-04-01,2014,4,Canada,94.7,,0.2116402116402183
2014-05-01,2014,5,Canada,94.8,,0.10559662090812161
2014-06-01,2014,6,Canada,94.9,,0.10548523206752591
2014-07-01,2014,7,Canada,94.9,,0.0
2014-08-01,2014,8,Canada,95.2,,0.31612223393044925
2014-09-01,2014,9,Canada,95.3,,0.10504201680672232
2014-10-01,2014,10,Canada,95.4,,0.10493179433368471
2014-11-01,2014,11,Canada,95.5,,0.10482180293500676
2014-12-01,2014,12,Canada,95.5,,0.0
2015-01-01,2015,1,Canada,95.5,,0.0
2015-02-01,2015,2,Canada,95.6,,0.10471204188480243
2015-03-01,2015,3,Canada,95.7,,0.10460251046024993
2015-04-01,2015,4,Canada,95.7,,0.0
2015-05-01,2015,5,Canada,95.9,,0.2089864158829613
2015-06-01,2015,6,Canada,96.1,,0.2085505735140547
2015-07-01,2015,7,Canada,96.2,,0.10405827263268996
2015-08-01,2015,8,Canada,96.5,,0.31185031185030354
2015-09-01,2015,9,Canada,96.6,,0.10362694300518616
2015-10-01,2015,10,Canada,96.8,,0.20703933747412417
2015-11-01,2015,11,Canada,96.9,,0.10330578512398603
2015-12-01,2015,12,Canada,97.0,,0.10319917440659854
2016-01-01,2016,1,Canada,97.1,,0.10309278350515427
2016-02-01,2016,2,Canada,97.3,,0.2059732234809486
2016-03-01,2016,3,Canada,97.5,,0.20554984583762703
2016-04-01,2016,4,Canada,97.7,,0.20512820512821328
2016-05-01,2016,5,Canada,98.5,,0.8188331627430934
2016-06-01,2016,6,Canada,98.6,,0.10152284263957867
2016-07-01,2016,7,Canada,99.0,,0.40567951318459805
2016-08-01,2016,8,Canada,99.1,,0.10101010101009056
2016-09-01,2016,9,Canada,99.3,,0.20181634712412855
2016-10-01,2016,10,Canada,99.7,,0.40281973816718164
2016-11-01,2016,11,Canada,99.9,,0.20060180541625616
2016-12-01,2016,12,Canada,100.0,,0.10010010010008674
2017-01-01,2017,1,Canada,100.1,,0.09999999999998899
2017-02-01,2017,2,Canada,100.5,,0.3996003996004083
2017-03-01,2017,3,Canada,100.7,,0.19900497512437276
2017-04-01,2017,4,Canada,101.5,,0.7944389275074348
2017-05-01,2017,5,Canada,102.2,,0.6896551724137945
2017-06-01,2017,6,Canada,102.4,,0.1956947162426559
2017-07-01,2017,7,Canada,102.8,,0.390625
2017-08-01,2017,8,Canada,102.9,,0.09727626459143934
2017-09-01,2017,9,Canada,103.1,,0.19436345966956647
2017-10-01,2017,10,Canada,103.2,,0.09699321047527132
2017-11-01,2017,11,Canada,103.3,,0.09689922480620172
2017-12-01,2017,12,Canada,103.3,,0.0
2018-01-01,2018,1,Canada,103.3,,0.0
2018-02-01,2018,2,Canada,103.1,,-0.1936108422071703
2018-03-01,2018,3,Canada,103.1,,0.0
2018-04-01,2018,4,Canada,103.1,,0.0
2018-05-01,2018,5,Canada,103.1,,0.0
2018-06-01,2018,6,Canada,103.2,,0.09699321047527132
2018-07-01,2018,7,Canada,103.3,,0.09689922480620172
2018-08-01,2018,8,Canada,103.3,,0.0
2018-09-01,2018,9,Canada,103.3,,0.0
2018-10-01,2018,10,Canada,103.3,,0.0
2018-11-01,2018,11,Canada,103.3,,0.0
2018-12-01,2018,12,Canada,103.3,,0.0
2019-01-01,2019,1,Canada,103.2,,-0.09680542110357404
2019-02-01,2019,2,Canada,103.2,,0.0
2019-03-01,2019,3,Canada,103.2,,0.0
2019-04-01,2019,4,Canada,103.2,,0.0
2019-05-01,2019,5,Canada,103.1,,-0.09689922480621282
2019-06-01,2019,6,Canada,103.0,,-0.09699321047526022
2019-07-01,2019,7,Canada,102.9,,-0.09708737864077
2019-08-01,2019,8,Canada,103.0,,0.09718172983479434
2019-09-01,2019,9,Canada,103.2,,0.1941747572815622
2019-10-01,2019,10,Canada,103.3,,0.09689922480620172
2019-11-01,2019,11,Canada,103.2,,-0.09680542110357404
2019-12-01,2019,12,Canada,103.4,,0.19379844961240345
2020-01-01,2020,1,Canada,103.4,,0.0
2020-02-01,2020,2,Canada,103.8,,0.3868471953578201
2020-03-01,2020,3,Canada,104.1,,0.28901734104045396
2020-04-01,2020,4,Canada,104.1,,0.0
2020-05-01,2020,5,Canada,104.2,,0.09606147934679843
2020-06-01,2020,6,Canada,104.3,,0.09596928982724684
2020-07-01,2020,7,Canada,104.7,,0.3835091083413289
2020-08-01,2020,8,Canada,105.2,,0.47755491881567025
2020-09-01,2020,9,Canada,106.5,,1.2357414448669113
2020-10-01,2020,10,Canada,107.3,,0.7511737089201942
2020-11-01,2020,11,Canada,107.9,,0.5591798695246952
2020-12-01,2020,12,Canada,108.2,,0.2780352177942591
2021-01-01,2021,1,Canada,109.0,,0.7393715341959206
2021-02-01,2021,2,Canada,111.1,,1.9266055045871422
2021-03-01,2021,3,Canada,112.3,,1.080108010801073
2021-04-01,2021,4,Canada,114.4,,1.8699910952804988
2021-05-01,2021,5,Canada,116.0,,1.3986013986013957
2021-06-01,2021,6,Canada,116.7,,0.603448275862073
2021-07-01,2021,7,Canada,117.2,,0.42844901456726703
2021-08-01,2021,8,Canada,118.0,,0.682593856655278
2021-09-01,2021,9,Canada,118.5,,0.4237288135593209
2021-10-01,2021,10,Canada,119.6,,0.9282700421940904
2021-11-01,2021,11,Canada,120.5,,0.7525083612040184
2021-12-01,2021,12,Canada,120.8,,0.24896265560165887
2022-01-01,2022,1,Canada,121.9,,0.9105960264900625
2022-02-01,2022,2,Canada,123.2,,1.066447908121404
2022-03-01,2022,3,Canada,124.7,,1.2175324675324672
2022-04-01,2022,4,Canada,125.1,,0.3207698476343168
2022-05-01,2022,5,Canada,125.7,,0.47961630695443347
2022-06-01,2022,6,Canada,125.9,,0.15910898965791898
2022-07-01,2022,7,Canada,126.0,,0.0794281175536149
2022-08-01,2022,8,Canada,126.1,,0.07936507936507908
2022-09-01,2022,9,Canada,126.0,,-0.07930214115781098
2022-10-01,2022,10,Canada,125.7,,-0.23809523809523725
2022-11-01,2022,11,Canada,125.5,,-0.15910898965791898
2022-12-01,2022,12,Canada,125.5,,0.0
2023-01-01,2023,1,Canada,125.2,,-0.23904382470119057
2023-02-01,2023,2,Canada,124.9,,-0.23961661341852514
2023-03-01,2023,3,Canada,124.9,,0.0
2023-04-01,2023,4,Canada,124.8,,-0.08006405124100224
2023-05-01,2023,5,Canada,124.9,,0.08012820512821595
2023-06-01,2023,6,Canada,125.0,,0.08006405124099114
2023-07-01,2023,7,Canada,124.9,,-0.07999999999999119
2023-08-01,2023,8,Canada,125.0,,0.08006405124099114
2023-09-01,2023,9,Canada,124.7,,-0.23999999999999577
2023-10-01,2023,10,Canada,124.7,,0.0
2023-11-01,2023,11,Canada,124.4,,-0.2405773857257376
2023-12-01,2023,12,Canada,124.4,,0.0
2024-01-01,2024,1,Canada,124.3,,-0.0803858520900369
2024-02-01,2024,2,Canada,124.4,,0.08045052292839916
2024-03-01,2024,3,Canada,124.4,,0.0
2024-04-01,2024,4,Canada,124.7,,0.2411575562700996
2024-05-01,2024,5,Canada,124.9,,0.1603849238171584
2024-06-01,2024,6,Canada,124.7,,-0.16012810248199338
2024-07-01,2024,7,Canada,125.0,,0.2405773857257376
2024-08-01,2024,8,Canada,125.0,,0.0
2024-09-01,2024,9,Canada,125.0,,0.0
2024-10-01,2024,10,Canada,124.5,,-0.40000000000000036
2024-11-01,2024,11,Canada,124.6,,0.08032128514054993
2024-12-01,2024,12,Canada,124.5,,-0.08025682182984939
2025-01-01,2025,1,Canada,124.4,,-0.08032128514056103
2025-02-01,2025,2,Canada,124.5,,0.0803858520900258
2025-03-01,2025,3,Canada,124.5,,0.0
2025-04-01,2025,4,Canada,124.0,,-0.40160642570281624
2025-05-01,2025,5,Canada,123.7,,-0.24193548387096975
2025-06-01,2025,6,Canada,123.4,,-0.24252223120452276
2025-07-01,2025,7,Canada,123.3,,-0.08103727714749986
2025-08-01,2025,8,Canada,122.9,,-0.32441200324411223
2025-09-01,2025,9,Canada,122.7,,-0.16273393002441683
2025-10-01,2025,10,Canada,122.2,,-0.4074979625101838
2025-11-01,2025,11,Canada,122.2,,0.0
2025-12-01,2025,12,Canada,122.0,,-0.16366612111292644
2026-01-01,2026,1,Canada,121.5,,-0.4098360655737654
2026-02-01,2026,2,Canada,121.9,,0.3292181069958877
2026-03-01,2026,3,Canada,121.6,,-0.24610336341264194
2026-04-01,2026,4,Canada,121.1,,-0.4111842105263164
2026-05-01,2026,5,Canada,120.7,,-0.3303055326176696
2026-06-01,2026,6,Canada,120.6,,-0.08285004142503105
1986-01-01,1986,1,Manitoba,34.7,,
1986-02-01,1986,2,Manitoba,34.8,,0.28818443804032867
1986-03-01,1986,3,Manitoba,35.0,,0.5747126436781658
1986-04-01,1986,4,Manitoba,35.4,,1.1428571428571344
1986-05-01,1986,5,Manitoba,35.4,,0.0
1986-06-01,1986,6,Manitoba,35.7,,0.847457627118664
1986-07-01,1986,7,Manitoba,35.9,,0.5602240896358524
1986-08-01,1986,8,Manitoba,36.1,,0.5571030640668662
1986-09-01,1986,9,Manitoba,36.4,,0.8310249307479145
1986-10-01,1986,10,Manitoba,36.4,,0.0
1986-11-01,1986,11,Manitoba,36.6,,0.5494505494505475
1986-12-01,1986,12,Manitoba,36.7,,0.2732240437158584
1987-01-01,1987,1,Manitoba,36.9,,0.5449591280653809
1987-02-01,1987,2,Manitoba,37.2,,0.8130081300813163
1987-03-01,1987,3,Manitoba,37.8,,1.612903225806428
1987-04-01,1987,4,Manitoba,37.9,,0.2645502645502784
1987-05-01,1987,5,Manitoba,37.8,,-0.26385224274406704
1987-06-01,1987,6,Manitoba,37.8,,0.0
1987-07-01,1987,7,Manitoba,38.0,,0.5291005291005346
1987-08-01,1987,8,Manitoba,37.9,,-0.2631578947368429
1987-09-01,1987,9,Manitoba,38.3,,1.055408970976246
1987-10-01,1987,10,Manitoba,38.3,,0.0
1987-11-01,1987,11,Manitoba,38.3,,0.0
1987-12-01,1987,12,Manitoba,38.3,,0.0
1988-01-01,1988,1,Manitoba,38.2,,-0.26109660574411553
1988-02-01,1988,2,Manitoba,38.4,,0.5235602094240788
1988-03-01,1988,3,Manitoba,38.3,,-0.26041666666667407
1988-04-01,1988,4,Manitoba,38.4,,0.26109660574413773
1988-05-01,1988,5,Manitoba,38.3,,-0.26041666666667407
1988-06-01,1988,6,Manitoba,38.3,,0.0
1988-07-01,1988,7,Manitoba,38.3,,0.0
1988-08-01,1988,8,Manitoba,38.3,,0.0
1988-09-01,1988,9,Manitoba,38.4,,0.26109660574413773
1988-10-01,1988,10,Manitoba,38.4,,0.0
1988-11-01,1988,11,Manitoba,38.3,,-0.26041666666667407
1988-12-01,1988,12,Manitoba,38.2,,-0.26109660574411553
1989-01-01,1989,1,Manitoba,38.1,,-0.2617801047120505
1989-02-01,1989,2,Manitoba,38.1,,0.0
1989-03-01,1989,3,Manitoba,38.1,,0.0
1989-04-01,1989,4,Manitoba,38.1,,0.0
1989-05-01,1989,5,Manitoba,38.0,,-0.2624671916010568
1989-06-01,1989,6,Manitoba,38.0,,0.0
1989-07-01,1989,7,Manitoba,38.0,,0.0
1989-08-01,1989,8,Manitoba,38.1,,0.263157894736854
1989-09-01,1989,9,Manitoba,38.2,,0.2624671916010568
1989-10-01,1989,10,Manitoba,38.3,,0.2617801047120283
1989-11-01,1989,11,Manitoba,38.3,,0.0
1989-12-01,1989,12,Manitoba,38.3,,0.0
1990-01-01,1990,1,Manitoba,38.3,,0.0
1990-02-01,1990,2,Manitoba,38.4,,0.26109660574413773
1990-03-01,1990,3,Manitoba,38.8,,1.041666666666674
1990-04-01,1990,4,Manitoba,38.8,,0.0
1990-05-01,1990,5,Manitoba,38.9,,0.2577319587628857
1990-06-01,1990,6,Manitoba,39.0,,0.25706940874037354
1990-07-01,1990,7,Manitoba,39.0,,0.0
1990-08-01,1990,8,Manitoba,39.0,,0.0
1990-09-01,1990,9,Manitoba,39.0,,0.0
1990-10-01,1990,10,Manitoba,39.0,,0.0
1990-11-01,1990,11,Manitoba,39.0,,0.0
1990-12-01,1990,12,Manitoba,39.0,,0.0
1991-01-01,1991,1,Manitoba,38.8,,-0.5128205128205221
1991-02-01,1991,2,Manitoba,38.9,,0.2577319587628857
1991-03-01,1991,3,Manitoba,39.0,,0.25706940874037354
1991-04-01,1991,4,Manitoba,38.7,,-0.7692307692307665
1991-05-01,1991,5,Manitoba,38.8,,0.2583979328165231
1991-06-01,1991,6,Manitoba,38.9,,0.2577319587628857
1991-07-01,1991,7,Manitoba,38.9,,0.0
1991-08-01,1991,8,Manitoba,38.8,,-0.25706940874036244
1991-09-01,1991,9,Manitoba,38.6,,-0.5154639175257603
1991-10-01,1991,10,Manitoba,38.6,,0.0
1991-11-01,1991,11,Manitoba,38.7,,0.2590673575129543
1991-12-01,1991,12,Manitoba,38.7,,0.0
1992-01-01,1992,1,Manitoba,38.3,,-1.033591731266159
1992-02-01,1992,2,Manitoba,38.5,,0.5221932114882533
1992-03-01,1992,3,Manitoba,38.6,,0.25974025974027093
1992-04-01,1992,4,Manitoba,38.7,,0.2590673575129543
1992-05-01,1992,5,Manitoba,38.8,,0.2583979328165231
1992-06-01,1992,6,Manitoba,38.9,,0.2577319587628857
1992-07-01,1992,7,Manitoba,38.9,,0.0
1992-08-01,1992,8,Manitoba,38.9,,0.0
1992-09-01,1992,9,Manitoba,38.9,,0.0
1992-10-01,1992,10,Manitoba,38.9,,0.0
1992-11-01,1992,11,Manitoba,38.9,,0.0
1992-12-01,1992,12,Manitoba,38.9,,0.0
1993-01-01,1993,1,Manitoba,39.2,,0.7712082262210984
1993-02-01,1993,2,Manitoba,39.6,,1.0204081632652962
1993-03-01,1993,3,Manitoba,40.4,,2.020202020202011
1993-04-01,1993,4,Manitoba,40.4,,0.0
1993-05-01,1993,5,Manitoba,40.3,,-0.24752475247524774
1993-06-01,1993,6,Manitoba,40.3,,0.0
1993-07-01,1993,7,Manitoba,40.3,,0.0
1993-08-01,1993,8,Manitoba,40.3,,0.0
1993-09-01,1993,9,Manitoba,40.3,,0.0
1993-10-01,1993,10,Manitoba,40.0,,-0.7444168734491274
1993-11-01,1993,11,Manitoba,40.3,,0.749999999999984
1993-12-01,1993,12,Manitoba,40.4,,0.24813895781639062
1994-01-01,1994,1,Manitoba,40.7,,0.7425742574257432
1994-02-01,1994,2,Manitoba,40.9,,0.49140049140048436
1994-03-01,1994,3,Manitoba,41.5,,1.4669926650366705
1994-04-01,1994,4,Manitoba,41.6,,0.24096385542169418
1994-05-01,1994,5,Manitoba,41.6,,0.0
1994-06-01,1994,6,Manitoba,41.6,,0.0
1994-07-01,1994,7,Manitoba,41.7,,0.24038461538462563
1994-08-01,1994,8,Manitoba,41.7,,0.0
1994-09-01,1994,9,Manitoba,41.7,,0.0
1994-10-01,1994,10,Manitoba,41.7,,0.0
1994-11-01,1994,11,Manitoba,41.8,,0.23980815347719453
1994-12-01,1994,12,Manitoba,41.8,,0.0
1995-01-01,1995,1,Manitoba,41.9,,0.23923444976077235
1995-02-01,1995,2,Manitoba,41.9,,0.0
1995-03-01,1995,3,Manitoba,42.1,,0.4773269689737569
1995-04-01,1995,4,Manitoba,42.1,,0.0
1995-05-01,1995,5,Manitoba,42.1,,0.0
1995-06-01,1995,6,Manitoba,42.2,,0.23752969121140222
1995-07-01,1995,7,Manitoba,42.2,,0.0
1995-08-01,1995,8,Manitoba,42.2,,0.0
1995-09-01,1995,9,Manitoba,42.2,,0.0
1995-10-01,1995,10,Manitoba,42.3,,0.23696682464453556
1995-11-01,1995,11,Manitoba,42.3,,0.0
1995-12-01,1995,12,Manitoba,42.3,,0.0
1996-01-01,1996,1,Manitoba,42.2,,-0.23640661938533203
1996-02-01,1996,2,Manitoba,42.3,,0.23696682464453556
1996-03-01,1996,3,Manitoba,42.3,,0.0
1996-04-01,1996,4,Manitoba,42.4,,0.23640661938535423
1996-05-01,1996,5,Manitoba,42.5,,0.2358490566037874
1996-06-01,1996,6,Manitoba,42.6,,0.23529411764706687
1996-07-01,1996,7,Manitoba,42.6,,0.0
1996-08-01,1996,8,Manitoba,42.6,,0.0
1996-09-01,1996,9,Manitoba,42.6,,0.0
1996-10-01,1996,10,Manitoba,42.7,,0.23474178403755097
1996-11-01,1996,11,Manitoba,42.7,,0.0
1996-12-01,1996,12,Manitoba,43.0,,0.7025761124121788
1997-01-01,1997,1,Manitoba,43.0,,0.0
1997-02-01,1997,2,Manitoba,43.0,,0.0
1997-03-01,1997,3,Manitoba,43.0,,0.0
1997-04-01,1997,4,Manitoba,43.0,,0.0
1997-05-01,1997,5,Manitoba,43.0,,0.0
1997-06-01,1997,6,Manitoba,43.1,,0.23255813953488857
1997-07-01,1997,7,Manitoba,43.1,,0.0
1997-08-01,1997,8,Manitoba,43.1,,0.0
1997-09-01,1997,9,Manitoba,43.3,,0.46403712296982924
1997-10-01,1997,10,Manitoba,43.3,,0.0
1997-11-01,1997,11,Manitoba,43.3,,0.0
1997-12-01,1997,12,Manitoba,43.3,,0.0
1998-01-01,1998,1,Manitoba,43.3,,0.0
1998-02-01,1998,2,Manitoba,43.4,,0.23094688221709792
1998-03-01,1998,3,Manitoba,43.4,,0.0
1998-04-01,1998,4,Manitoba,43.4,,0.0
1998-05-01,1998,5,Manitoba,43.4,,0.0
1998-06-01,1998,6,Manitoba,43.5,,0.23041474654377225
1998-07-01,1998,7,Manitoba,43.5,,0.0
1998-08-01,1998,8,Manitoba,43.5,,0.0
1998-09-01,1998,9,Manitoba,43.5,,0.0
1998-10-01,1998,10,Manitoba,43.5,,0.0
1998-11-01,1998,11,Manitoba,43.6,,0.22988505747125743
1998-12-01,1998,12,Manitoba,43.6,,0.0
1999-01-01,1999,1,Manitoba,43.6,,0.0
1999-02-01,1999,2,Manitoba,43.6,,0.0
1999-03-01,1999,3,Manitoba,43.6,,0.0
1999-04-01,1999,4,Manitoba,43.6,,0.0
1999-05-01,1999,5,Manitoba,43.6,,0.0
1999-06-01,1999,6,Manitoba,43.9,,0.6880733944954143
1999-07-01,1999,7,Manitoba,44.0,,0.2277904328018332
1999-08-01,1999,8,Manitoba,44.4,,0.9090909090909038
1999-09-01,1999,9,Manitoba,44.9,,1.1261261261261257
1999-10-01,1999,10,Manitoba,44.9,,0.0
1999-11-01,1999,11,Manitoba,44.9,,0.0
1999-12-01,1999,12,Manitoba,45.0,,0.22271714922048602
2000-01-01,2000,1,Manitoba,45.0,,0.0
2000-02-01,2000,2,Manitoba,45.0,,0.0
2000-03-01,2000,3,Manitoba,45.0,,0.0
2000-04-01,2000,4,Manitoba,45.0,,0.0
2000-05-01,2000,5,Manitoba,45.0,,0.0
2000-06-01,2000,6,Manitoba,45.7,,1.5555555555555545
2000-07-01,2000,7,Manitoba,45.7,,0.0
2000-08-01,2000,8,Manitoba,45.7,,0.0
2000-09-01,2000,9,Manitoba,45.7,,0.0
2000-10-01,2000,10,Manitoba,45.7,,0.0
2000-11-01,2000,11,Manitoba,45.8,,0.2188183807439792
2000-12-01,2000,12,Manitoba,45.8,,0.0
2001-01-01,2001,1,Manitoba,45.8,,0.0
2001-02-01,2001,2,Manitoba,45.8,,0.0
2001-03-01,2001,3,Manitoba,46.2,,0.8733624454148492
2001-04-01,2001,4,Manitoba,46.2,,0.0
2001-05-01,2001,5,Manitoba,46.2,,0.0
2001-06-01,2001,6,Manitoba,46.2,,0.0
2001-07-01,2001,7,Manitoba,46.2,,0.0
2001-08-01,2001,8,Manitoba,46.2,,0.0
2001-09-01,2001,9,Manitoba,46.3,,0.21645021645020357
2001-10-01,2001,10,Manitoba,46.3,,0.0
2001-11-01,2001,11,Manitoba,46.6,,0.6479481641468832
2001-12-01,2001,12,Manitoba,46.7,,0.21459227467810482
2002-01-01,2002,1,Manitoba,46.7,,0.0
2002-02-01,2002,2,Manitoba,46.8,,0.21413276231261325
2002-03-01,2002,3,Manitoba,47.0,,0.42735042735042583
2002-04-01,2002,4,Manitoba,47.1,,0.21276595744681437
2002-05-01,2002,5,Manitoba,47.1,,0.0
2002-06-01,2002,6,Manitoba,47.4,,0.6369426751592355
2002-07-01,2002,7,Manitoba,47.5,,0.21097046413502962
2002-08-01,2002,8,Manitoba,47.5,,0.0
2002-09-01,2002,9,Manitoba,48.0,,1.0526315789473717
2002-10-01,2002,10,Manitoba,48.0,,0.0
2002-11-01,2002,11,Manitoba,48.1,,0.2083333333333437
2002-12-01,2002,12,Manitoba,48.1,,0.0
2003-01-01,2003,1,Manitoba,48.2,,0.20790020790020236
2003-02-01,2003,2,Manitoba,48.5,,0.6224066390041472
2003-03-01,2003,3,Manitoba,48.9,,0.8247422680412342
2003-04-01,2003,4,Manitoba,49.0,,0.2044989775051187
2003-05-01,2003,5,Manitoba,49.0,,0.0
2003-06-01,2003,6,Manitoba,49.2,,0.40816326530612734
2003-07-01,2003,7,Manitoba,49.2,,0.0
2003-08-01,2003,8,Manitoba,49.2,,0.0
2003-09-01,2003,9,Manitoba,49.5,,0.6097560975609762
2003-10-01,2003,10,Manitoba,49.5,,0.0
2003-11-01,2003,11,Manitoba,49.8,,0.60606060606061
2003-12-01,2003,12,Manitoba,50.2,,0.8032128514056325
2004-01-01,2004,1,Manitoba,50.2,,0.0
2004-02-01,2004,2,Manitoba,50.2,,0.0
2004-03-01,2004,3,Manitoba,50.9,,1.3944223107569709
2004-04-01,2004,4,Manitoba,51.1,,0.39292730844793233
2004-05-01,2004,5,Manitoba,51.4,,0.5870841487279899
2004-06-01,2004,6,Manitoba,53.4,,3.891050583657596
2004-07-01,2004,7,Manitoba,53.4,,0.0
2004-08-01,2004,8,Manitoba,53.4,,0.0
2004-09-01,2004,9,Manitoba,53.8,,0.7490636704119868
2004-10-01,2004,10,Manitoba,53.8,,0.0
2004-11-01,2004,11,Manitoba,53.8,,0.0
2004-12-01,2004,12,Manitoba,54.2,,0.743494423791824
2005-01-01,2005,1,Manitoba,55.0,,1.4760147601476037
2005-02-01,2005,2,Manitoba,55.0,,0.0
2005-03-01,2005,3,Manitoba,55.4,,0.727272727272732
2005-04-01,2005,4,Manitoba,55.4,,0.0
2005-05-01,2005,5,Manitoba,55.5,,0.18050541516245744
2005-06-01,2005,6,Manitoba,57.1,,2.8828828828828756
2005-07-01,2005,7,Manitoba,57.1,,0.0
2005-08-01,2005,8,Manitoba,57.4,,0.5253940455341555
2005-09-01,2005,9,Manitoba,58.3,,1.5679442508710784
2005-10-01,2005,10,Manitoba,58.5,,0.34305317324185847
2005-11-01,2005,11,Manitoba,58.6,,0.17094017094017033
2005-12-01,2005,12,Manitoba,59.6,,1.7064846416382284
2006-01-01,2006,1,Manitoba,59.9,,0.503355704697972
2006-02-01,2006,2,Manitoba,60.2,,0.5008347245408995
2006-03-01,2006,3,Manitoba,61.2,,1.661129568106312
2006-04-01,2006,4,Manitoba,61.3,,0.16339869281045694
2006-05-01,2006,5,Manitoba,62.0,,1.1419249592169667
2006-06-01,2006,6,Manitoba,62.3,,0.4838709677419395
2006-07-01,2006,7,Manitoba,62.7,,0.6420545746388617
2006-08-01,2006,8,Manitoba,62.8,,0.15948963317382603
2006-09-01,2006,9,Manitoba,63.2,,0.6369426751592355
2006-10-01,2006,10,Manitoba,63.6,,0.6329113924050667
2006-11-01,2006,11,Manitoba,64.0,,0.6289308176100628
2006-12-01,2006,12,Manitoba,64.3,,0.46874999999999556
2007-01-01,2007,1,Manitoba,64.6,,0.4665629860031162
2007-02-01,2007,2,Manitoba,65.0,,0.6191950464396356
2007-03-01,2007,3,Manitoba,65.4,,0.6153846153846176
2007-04-01,2007,4,Manitoba,65.5,,0.1529051987767538
2007-05-01,2007,5,Manitoba,66.0,,0.7633587786259444
2007-06-01,2007,6,Manitoba,69.5,,5.303030303030298
2007-07-01,2007,7,Manitoba,72.5,,4.316546762589923
2007-08-01,2007,8,Manitoba,72.8,,0.4137931034482678
2007-09-01,2007,9,Manitoba,73.5,,0.9615384615384581
2007-10-01,2007,10,Manitoba,73.5,,0.0
2007-11-01,2007,11,Manitoba,73.8,,0.40816326530612734
2007-12-01,2007,12,Manitoba,73.9,,0.13550135501356753
2008-01-01,2008,1,Manitoba,74.4,,0.6765899864682012
2008-02-01,2008,2,Manitoba,74.4,,0.0
2008-03-01,2008,3,Manitoba,75.2,,1.0752688172043001
2008-04-01,2008,4,Manitoba,75.2,,0.0
2008-05-01,2008,5,Manitoba,76.6,,1.8617021276595702
2008-06-01,2008,6,Manitoba,77.4,,1.0443864229765065
2008-07-01,2008,7,Manitoba,77.6,,0.2583979328165231
2008-08-01,2008,8,Manitoba,77.7,,0.12886597938146505
2008-09-01,2008,9,Manitoba,78.0,,0.38610038610038533
2008-10-01,2008,10,Manitoba,78.2,,0.2564102564102555
2008-11-01,2008,11,Manitoba,78.2,,0.0
2008-12-01,2008,12,Manitoba,78.2,,0.0
2009-01-01,2009,1,Manitoba,78.2,,0.0
2009-02-01,2009,2,Manitoba,78.2,,0.0
2009-03-01,2009,3,Manitoba,78.2,,0.0
2009-04-01,2009,4,Manitoba,78.2,,0.0
2009-05-01,2009,5,Manitoba,78.5,,0.38363171355497716
2009-06-01,2009,6,Manitoba,78.8,,0.3821656050955413
2009-07-01,2009,7,Manitoba,78.9,,0.12690355329949554
2009-08-01,2009,8,Manitoba,79.0,,0.12674271229402567
2009-09-01,2009,9,Manitoba,79.0,,0.0
2009-10-01,2009,10,Manitoba,79.0,,0.0
2009-11-01,2009,11,Manitoba,79.1,,0.12658227848101333
2009-12-01,2009,12,Manitoba,79.4,,0.37926675094817064
2010-01-01,2010,1,Manitoba,79.9,,0.6297229219143663
2010-02-01,2010,2,Manitoba,81.4,,1.8773466833541974
2010-03-01,2010,3,Manitoba,81.8,,0.49140049140048436
2010-04-01,2010,4,Manitoba,82.0,,0.24449877750611915
2010-05-01,2010,5,Manitoba,82.2,,0.24390243902439046
2010-06-01,2010,6,Manitoba,82.6,,0.48661800486617945
2010-07-01,2010,7,Manitoba,82.8,,0.2421307506053294
2010-08-01,2010,8,Manitoba,83.1,,0.36231884057971175
2010-09-01,2010,9,Manitoba,83.2,,0.1203369434416457
2010-10-01,2010,10,Manitoba,83.2,,0.0
2010-11-01,2010,11,Manitoba,83.2,,0.0
2010-12-01,2010,12,Manitoba,84.1,,1.0817307692307487
2011-01-01,2011,1,Manitoba,84.6,,0.5945303210463715
2011-02-01,2011,2,Manitoba,85.2,,0.7092198581560405
2011-03-01,2011,3,Manitoba,85.5,,0.35211267605632646
2011-04-01,2011,4,Manitoba,85.6,,0.11695906432747094
2011-05-01,2011,5,Manitoba,85.7,,0.11682242990656011
2011-06-01,2011,6,Manitoba,86.2,,0.5834305717619559
2011-07-01,2011,7,Manitoba,86.4,,0.23201856148491462
2011-08-01,2011,8,Manitoba,86.5,,0.11574074074074403
2011-09-01,2011,9,Manitoba,87.7,,1.387283236994219
2011-10-01,2011,10,Manitoba,87.8,,0.11402508551880963
2011-11-01,2011,11,Manitoba,88.0,,0.2277904328018332
2011-12-01,2011,12,Manitoba,88.0,,0.0
2012-01-01,2012,1,Manitoba,88.1,,0.1136363636363491
2012-02-01,2012,2,Manitoba,88.4,,0.34052213393871433
2012-03-01,2012,3,Manitoba,89.0,,0.6787330316742057
2012-04-01,2012,4,Manitoba,89.3,,0.3370786516853963
2012-05-01,2012,5,Manitoba,89.4,,0.11198208286675726
2012-06-01,2012,6,Manitoba,90.0,,0.6711409395973034
2012-07-01,2012,7,Manitoba,90.2,,0.22222222222223476
2012-08-01,2012,8,Manitoba,90.4,,0.22172949002217113
2012-09-01,2012,9,Manitoba,90.9,,0.5530973451327359
2012-10-01,2012,10,Manitoba,91.2,,0.3300330033003229
2012-11-01,2012,11,Manitoba,91.6,,0.43859649122806044
2012-12-01,2012,12,Manitoba,92.4,,0.8733624454148492
2013-01-01,2013,1,Manitoba,93.2,,0.8658008658008587
2013-02-01,2013,2,Manitoba,93.3,,0.10729613733904131
2013-03-01,2013,3,Manitoba,93.6,,0.3215434083601254
2013-04-01,2013,4,Manitoba,94.2,,0.641025641025661
2013-05-01,2013,5,Manitoba,94.6,,0.424628450106157
2013-06-01,2013,6,Manitoba,94.8,,0.21141649048626032
2013-07-01,2013,7,Manitoba,94.9,,0.10548523206752591
2013-08-01,2013,8,Manitoba,95.0,,0.10537407797681642
2013-09-01,2013,9,Manitoba,95.0,,0.0
2013-10-01,2013,10,Manitoba,95.0,,0.0
2013-11-01,2013,11,Manitoba,95.0,,0.0
2013-12-01,2013,12,Manitoba,95.1,,0.10526315789474161
2014-01-01,2014,1,Manitoba,95.6,,0.525762355415349
2014-02-01,2014,2,Manitoba,95.7,,0.10460251046024993
2014-03-01,2014,3,Manitoba,95.8,,0.10449320794148065
2014-04-01,2014,4,Manitoba,96.0,,0.20876826722338038
2014-05-01,2014,5,Manitoba,96.1,,0.10416666666666075
2014-06-01,2014,6,Manitoba,96.3,,0.20811654526535772
2014-07-01,2014,7,Manitoba,96.3,,0.0
2014-08-01,2014,8,Manitoba,96.3,,0.0
2014-09-01,2014,9,Manitoba,95.9,,-0.41536863966770143
2014-10-01,2014,10,Manitoba,96.1,,0.2085505735140547
2014-11-01,2014,11,Manitoba,96.1,,0.0
2014-12-01,2014,12,Manitoba,96.0,,-0.10405827263266776
2015-01-01,2015,1,Manitoba,96.2,,0.2083333333333437
2015-02-01,2015,2,Manitoba,96.3,,0.10395010395010118
2015-03-01,2015,3,Manitoba,96.6,,0.31152647975076775
2015-04-01,2015,4,Manitoba,96.7,,0.10351966873707319
2015-05-01,2015,5,Manitoba,96.8,,0.10341261633919352
2015-06-01,2015,6,Manitoba,97.2,,0.4132231404958775
2015-07-01,2015,7,Manitoba,97.3,,0.10288065843619965
2015-08-01,2015,8,Manitoba,97.3,,0.0
2015-09-01,2015,9,Manitoba,97.5,,0.20554984583762703
2015-10-01,2015,10,Manitoba,97.6,,0.10256410256410664
2015-11-01,2015,11,Manitoba,97.7,,0.10245901639345245
2015-12-01,2015,12,Manitoba,97.7,,0.0
2016-01-01,2016,1,Manitoba,97.9,,0.20470829068577334
2016-02-01,2016,2,Manitoba,97.9,,0.0
2016-03-01,2016,3,Manitoba,98.1,,0.20429009193052572
2016-04-01,2016,4,Manitoba,98.3,,0.20387359836901986
2016-05-01,2016,5,Manitoba,98.5,,0.20345879959309254
2016-06-01,2016,6,Manitoba,98.7,,0.20304568527920175
2016-07-01,2016,7,Manitoba,98.9,,0.20263424518744966
2016-08-01,2016,8,Manitoba,99.0,,0.10111223458038054
2016-09-01,2016,9,Manitoba,99.4,,0.40404040404040664
2016-10-01,2016,10,Manitoba,99.9,,0.5030181086519203
2016-11-01,2016,11,Manitoba,100.0,,0.10010010010008674
2016-12-01,2016,12,Manitoba,100.0,,0.0
2017-01-01,2017,1,Manitoba,100.3,,0.29999999999998916
2017-02-01,2017,2,Manitoba,100.5,,0.1994017946161497
2017-03-01,2017,3,Manitoba,100.5,,0.0
2017-04-01,2017,4,Manitoba,101.3,,0.7960199004975133
2017-05-01,2017,5,Manitoba,101.8,,0.49358341559724295
2017-06-01,2017,6,Manitoba,102.2,,0.39292730844793233
2017-07-01,2017,7,Manitoba,102.3,,0.09784735812132794
2017-08-01,2017,8,Manitoba,102.6,,0.2932551319648091
2017-09-01,2017,9,Manitoba,102.9,,0.29239766081872176
2017-10-01,2017,10,Manitoba,103.0,,0.09718172983479434
2017-11-01,2017,11,Manitoba,103.2,,0.1941747572815622
2017-12-01,2017,12,Manitoba,103.3,,0.09689922480620172
2018-01-01,2018,1,Manitoba,103.3,,0.0
2018-02-01,2018,2,Manitoba,103.4,,0.09680542110359625
2018-03-01,2018,3,Manitoba,103.5,,0.09671179883945502
2018-04-01,2018,4,Manitoba,103.5,,0.0
2018-05-01,2018,5,Manitoba,103.7,,0.19323671497584183
2018-06-01,2018,6,Manitoba,103.9,,0.192864030858253
2018-07-01,2018,7,Manitoba,104.0,,0.09624639076033503
2018-08-01,2018,8,Manitoba,104.1,,0.09615384615384581
2018-09-01,2018,9,Manitoba,104.1,,0.0
2018-10-01,2018,10,Manitoba,104.4,,0.2881844380403509
2018-11-01,2018,11,Manitoba,104.4,,0.0
2018-12-01,2018,12,Manitoba,104.3,,-0.09578544061303873
2019-01-01,2019,1,Manitoba,104.5,,0.19175455417066445
2019-02-01,2019,2,Manitoba,104.5,,0.0
2019-03-01,2019,3,Manitoba,104.7,,0.191387559808609
2019-04-01,2019,4,Manitoba,104.8,,0.09551098376312517
2019-05-01,2019,5,Manitoba,104.6,,-0.1908396946564861
2019-06-01,2019,6,Manitoba,104.4,,-0.19120458891012104
2019-07-01,2019,7,Manitoba,104.7,,0.2873563218390718
2019-08-01,2019,8,Manitoba,104.7,,0.0
2019-09-01,2019,9,Manitoba,104.9,,0.19102196752627254
2019-10-01,2019,10,Manitoba,105.0,,0.09532888465204614
2019-11-01,2019,11,Manitoba,104.7,,-0.28571428571427804
2019-12-01,2019,12,Manitoba,105.1,,0.3820439350525229
2020-01-01,2020,1,Manitoba,105.3,,0.19029495718363432
2020-02-01,2020,2,Manitoba,105.5,,0.18993352326686086
2020-03-01,2020,3,Manitoba,105.5,,0.0
2020-04-01,2020,4,Manitoba,105.6,,0.09478672985780978
2020-05-01,2020,5,Manitoba,105.5,,-0.09469696969696129
2020-06-01,2020,6,Manitoba,105.8,,0.28436018957345155
2020-07-01,2020,7,Manitoba,106.0,,0.1890359168241984
2020-08-01,2020,8,Manitoba,106.9,,0.8490566037735903
2020-09-01,2020,9,Manitoba,108.7,,1.6838166510757757
2020-10-01,2020,10,Manitoba,108.8,,0.09199632014718073
2020-11-01,2020,11,Manitoba,109.1,,0.27573529411764053
2020-12-01,2020,12,Manitoba,109.1,,0.0
2021-01-01,2021,1,Manitoba,110.4,,1.1915673693859041
2021-02-01,2021,2,Manitoba,112.3,,1.7210144927536142
2021-03-01,2021,3,Manitoba,113.5,,1.0685663401602818
2021-04-01,2021,4,Manitoba,116.8,,2.907488986784146
2021-05-01,2021,5,Manitoba,122.7,,5.0513698630137105
2021-06-01,2021,6,Manitoba,125.0,,1.8744906275468542
2021-07-01,2021,7,Manitoba,125.4,,0.32000000000000917
2021-08-01,2021,8,Manitoba,126.6,,0.956937799043045
2021-09-01,2021,9,Manitoba,126.8,,0.15797788309637184
2021-10-01,2021,10,Manitoba,128.9,,1.6561514195583715
2021-11-01,2021,11,Manitoba,129.7,,0.6206361520558534
2021-12-01,2021,12,Manitoba,133.3,,2.775636083269095
2022-01-01,2022,1,Manitoba,135.2,,1.4253563390847601
2022-02-01,2022,2,Manitoba,136.5,,0.9615384615384803
2022-03-01,2022,3,Manitoba,141.1,,3.369963369963358
2022-04-01,2022,4,Manitoba,142.4,,0.9213323883770386
2022-05-01,2022,5,Manitoba,143.6,,0.8426966292134797
2022-06-01,2022,6,Manitoba,143.6,,0.0
2022-07-01,2022,7,Manitoba,143.6,,0.0
2022-08-01,2022,8,Manitoba,143.6,,0.0
2022-09-01,2022,9,Manitoba,143.6,,0.0
2022-10-01,2022,10,Manitoba,142.6,,-0.696378830083566
2022-11-01,2022,11,Manitoba,142.6,,0.0
2022-12-01,2022,12,Manitoba,142.2,,-0.28050490883591017
2023-01-01,2023,1,Manitoba,140.4,,-1.2658227848101111
2023-02-01,2023,2,Manitoba,140.6,,0.14245014245013454
2023-03-01,2023,3,Manitoba,140.0,,-0.4267425320056861
2023-04-01,2023,4,Manitoba,141.5,,1.0714285714285676
2023-05-01,2023,5,Manitoba,141.5,,0.0
2023-06-01,2023,6,Manitoba,141.4,,-0.07067137809186885
2023-07-01,2023,7,Manitoba,141.4,,0.0
2023-08-01,2023,8,Manitoba,141.5,,0.07072135785006761
2023-09-01,2023,9,Manitoba,141.5,,0.0
2023-10-01,2023,10,Manitoba,141.5,,0.0
2023-11-01,2023,11,Manitoba,140.8,,-0.4946996466431042
2023-12-01,2023,12,Manitoba,140.9,,0.07102272727272929
2024-01-01,2024,1,Manitoba,141.0,,0.07097232079489313
2024-02-01,2024,2,Manitoba,139.8,,-0.8510638297872242
2024-03-01,2024,3,Manitoba,139.9,,0.07153075822603494
2024-04-01,2024,4,Manitoba,139.3,,-0.42887776983558945
2024-05-01,2024,5,Manitoba,139.4,,0.071787508973431
2024-06-01,2024,6,Manitoba,139.5,,0.0717360114777632
2024-07-01,2024,7,Manitoba,139.4,,-0.07168458781361409
2024-08-01,2024,8,Manitoba,139.4,,0.0
2024-09-01,2024,9,Manitoba,139.7,,0.21520803443326741
2024-10-01,2024,10,Manitoba,140.2,,0.35790980672869566
2024-11-01,2024,11,Manitoba,140.2,,0.0
2024-12-01,2024,12,Manitoba,140.5,,0.21398002853068032
2025-01-01,2025,1,Manitoba,141.0,,0.3558718861210064
2025-02-01,2025,2,Manitoba,141.0,,0.0
2025-03-01,2025,3,Manitoba,142.5,,1.0638297872340496
2025-04-01,2025,4,Manitoba,142.5,,0.0
2025-05-01,2025,5,Manitoba,144.1,,1.1228070175438587
2025-06-01,2025,6,Manitoba,144.5,,0.2775850104094424
2025-07-01,2025,7,Manitoba,144.5,,0.0
2025-08-01,2025,8,Manitoba,145.0,,0.34602076124568004
2025-09-01,2025,9,Manitoba,145.5,,0.34482758620688614
2025-10-01,2025,10,Manitoba,144.5,,-0.6872852233676952
2025-11-01,2025,11,Manitoba,145.0,,0.34602076124568004
2025-12-01,2025,12,Manitoba,145.4,,0.2758620689655267
2026-01-01,2026,1,Manitoba,145.4,,0.0
2026-02-01,2026,2,Manitoba,145.5,,0.06877579092159358
2026-03-01,2026,3,Manitoba,146.1,,0.4123711340206171
2026-04-01,2026,4,Manitoba,147.8,,1.163586584531151
2026-05-01,2026,5,Manitoba,147.9,,0.06765899864682456
2026-06-01,2026,6,Manitoba,148.0,,0.0676132521974182
1986-01-01,1986,1,New Brunswick,70.5,,
1986-02-01,1986,2,New Brunswick,71.6,,1.5602836879432536
1986-03-01,1986,3,New Brunswick,71.6,,0.0
1986-04-01,1986,4,New Brunswick,71.6,,0.0
1986-05-01,1986,5,New Brunswick,72.6,,1.3966480446927276
1986-06-01,1986,6,New Brunswick,72.5,,-0.13774104683195176
1986-07-01,1986,7,New Brunswick,72.5,,0.0
1986-08-01,1986,8,New Brunswick,72.8,,0.4137931034482678
1986-09-01,1986,9,New Brunswick,72.8,,0.0
1986-10-01,1986,10,New Brunswick,72.8,,0.0
1986-11-01,1986,11,New Brunswick,72.8,,0.0
1986-12-01,1986,12,New Brunswick,72.8,,0.0
1987-01-01,1987,1,New Brunswick,72.8,,0.0
1987-02-01,1987,2,New Brunswick,76.0,,4.395604395604402
1987-03-01,1987,3,New Brunswick,76.0,,0.0
1987-04-01,1987,4,New Brunswick,76.0,,0.0
1987-05-01,1987,5,New Brunswick,76.0,,0.0
1987-06-01,1987,6,New Brunswick,76.0,,0.0
1987-07-01,1987,7,New Brunswick,76.0,,0.0
1987-08-01,1987,8,New Brunswick,76.0,,0.0
1987-09-01,1987,9,New Brunswick,76.0,,0.0
1987-10-01,1987,10,New Brunswick,76.0,,0.0
1987-11-01,1987,11,New Brunswick,76.0,,0.0
1987-12-01,1987,12,New Brunswick,76.0,,0.0
1988-01-01,1988,1,New Brunswick,76.0,,0.0
1988-02-01,1988,2,New Brunswick,76.0,,0.0
1988-03-01,1988,3,New Brunswick,76.0,,0.0
1988-04-01,1988,4,New Brunswick,78.4,,3.157894736842115
1988-05-01,1988,5,New Brunswick,78.4,,0.0
1988-06-01,1988,6,New Brunswick,78.6,,0.25510204081631294
1988-07-01,1988,7,New Brunswick,78.6,,0.0
1988-08-01,1988,8,New Brunswick,78.6,,0.0
1988-09-01,1988,9,New Brunswick,78.6,,0.0
1988-10-01,1988,10,New Brunswick,78.6,,0.0
1988-11-01,1988,11,New Brunswick,78.6,,0.0
1988-12-01,1988,12,New Brunswick,78.6,,0.0
1989-01-01,1989,1,New Brunswick,78.6,,0.0
1989-02-01,1989,2,New Brunswick,80.6,,2.5445292620865034
1989-03-01,1989,3,New Brunswick,80.6,,0.0
1989-04-01,1989,4,New Brunswick,80.7,,0.12406947890819531
1989-05-01,1989,5,New Brunswick,80.7,,0.0
1989-06-01,1989,6,New Brunswick,80.9,,0.24783147459728205
1989-07-01,1989,7,New Brunswick,80.9,,0.0
1989-08-01,1989,8,New Brunswick,80.9,,0.0
1989-09-01,1989,9,New Brunswick,80.9,,0.0
1989-10-01,1989,10,New Brunswick,80.9,,0.0
1989-11-01,1989,11,New Brunswick,80.9,,0.0
1989-12-01,1989,12,New Brunswick,80.9,,0.0
1990-01-01,1990,1,New Brunswick,80.9,,0.0
1990-02-01,1990,2,New Brunswick,81.4,,0.6180469715698411
1990-03-01,1990,3,New Brunswick,81.4,,0.0
1990-04-01,1990,4,New Brunswick,81.4,,0.0
1990-05-01,1990,5,New Brunswick,82.0,,0.7371007371007376
1990-06-01,1990,6,New Brunswick,82.0,,0.0
1990-07-01,1990,7,New Brunswick,82.0,,0.0
1990-08-01,1990,8,New Brunswick,82.0,,0.0
1990-09-01,1990,9,New Brunswick,82.1,,0.12195121951219523
1990-10-01,1990,10,New Brunswick,82.1,,0.0
1990-11-01,1990,11,New Brunswick,82.0,,-0.12180267965894442
1990-12-01,1990,12,New Brunswick,82.1,,0.12195121951219523
1991-01-01,1991,1,New Brunswick,82.1,,0.0
1991-02-01,1991,2,New Brunswick,82.7,,0.7308160779537332
1991-03-01,1991,3,New Brunswick,82.7,,0.0
1991-04-01,1991,4,New Brunswick,82.1,,-0.7255139056832061
1991-05-01,1991,5,New Brunswick,82.5,,0.4872107186358221
1991-06-01,1991,6,New Brunswick,82.5,,0.0
1991-07-01,1991,7,New Brunswick,82.5,,0.0
1991-08-01,1991,8,New Brunswick,82.6,,0.12121212121212199
1991-09-01,1991,9,New Brunswick,82.6,,0.0
1991-10-01,1991,10,New Brunswick,82.5,,-0.1210653753026536
1991-11-01,1991,11,New Brunswick,82.6,,0.12121212121212199
1991-12-01,1991,12,New Brunswick,82.6,,0.0
1992-01-01,1992,1,New Brunswick,82.4,,-0.2421307506053183
1992-02-01,1992,2,New Brunswick,83.0,,0.7281553398058138
1992-03-01,1992,3,New Brunswick,83.4,,0.48192771084338837
1992-04-01,1992,4,New Brunswick,83.4,,0.0
1992-05-01,1992,5,New Brunswick,83.6,,0.23980815347719453
1992-06-01,1992,6,New Brunswick,83.5,,-0.11961722488037507
1992-07-01,1992,7,New Brunswick,83.5,,0.0
1992-08-01,1992,8,New Brunswick,83.1,,-0.4790419161676662
1992-09-01,1992,9,New Brunswick,83.4,,0.3610108303249149
1992-10-01,1992,10,New Brunswick,83.4,,0.0
1992-11-01,1992,11,New Brunswick,83.7,,0.3597122302158251
1992-12-01,1992,12,New Brunswick,83.3,,-0.4778972520908087
1993-01-01,1993,1,New Brunswick,83.1,,-0.24009603841537164
1993-02-01,1993,2,New Brunswick,83.3,,0.24067388688326918
1993-03-01,1993,3,New Brunswick,83.6,,0.36014405762303525
1993-04-01,1993,4,New Brunswick,83.6,,0.0
1993-05-01,1993,5,New Brunswick,83.3,,-0.3588516746411474
1993-06-01,1993,6,New Brunswick,83.3,,0.0
1993-07-01,1993,7,New Brunswick,83.2,,-0.12004801920767472
1993-08-01,1993,8,New Brunswick,83.4,,0.24038461538462563
1993-09-01,1993,9,New Brunswick,83.0,,-0.47961630695444457
1993-10-01,1993,10,New Brunswick,83.0,,0.0
1993-11-01,1993,11,New Brunswick,83.1,,0.12048192771083599
1993-12-01,1993,12,New Brunswick,83.1,,0.0
1994-01-01,1994,1,New Brunswick,82.9,,-0.24067388688325808
1994-02-01,1994,2,New Brunswick,82.9,,0.0
1994-03-01,1994,3,New Brunswick,82.9,,0.0
1994-04-01,1994,4,New Brunswick,82.9,,0.0
1994-05-01,1994,5,New Brunswick,83.4,,0.6031363088057962
1994-06-01,1994,6,New Brunswick,83.5,,0.11990407673860837
1994-07-01,1994,7,New Brunswick,83.5,,0.0
1994-08-01,1994,8,New Brunswick,83.7,,0.23952095808383866
1994-09-01,1994,9,New Brunswick,83.7,,0.0
1994-10-01,1994,10,New Brunswick,83.7,,0.0
1994-11-01,1994,11,New Brunswick,83.6,,-0.11947431302270495
1994-12-01,1994,12,New Brunswick,83.6,,0.0
1995-01-01,1995,1,New Brunswick,83.6,,0.0
1995-02-01,1995,2,New Brunswick,83.6,,0.0
1995-03-01,1995,3,New Brunswick,83.2,,-0.4784688995215225
1995-04-01,1995,4,New Brunswick,83.2,,0.0
1995-05-01,1995,5,New Brunswick,83.2,,0.0
1995-06-01,1995,6,New Brunswick,83.1,,-0.12019230769231282
1995-07-01,1995,7,New Brunswick,83.1,,0.0
1995-08-01,1995,8,New Brunswick,83.4,,0.3610108303249149
1995-09-01,1995,9,New Brunswick,83.4,,0.0
1995-10-01,1995,10,New Brunswick,83.4,,0.0
1995-11-01,1995,11,New Brunswick,82.8,,-0.7194244604316613
1995-12-01,1995,12,New Brunswick,82.8,,0.0
1996-01-01,1996,1,New Brunswick,82.8,,0.0
1996-02-01,1996,2,New Brunswick,82.8,,0.0
1996-03-01,1996,3,New Brunswick,82.7,,-0.12077294685989282
1996-04-01,1996,4,New Brunswick,82.6,,-0.12091898428053804
1996-05-01,1996,5,New Brunswick,82.1,,-0.6053268765133124
1996-06-01,1996,6,New Brunswick,82.3,,0.24360535931791105
1996-07-01,1996,7,New Brunswick,82.1,,-0.243013365735123
1996-08-01,1996,8,New Brunswick,82.2,,0.12180267965895553
1996-09-01,1996,9,New Brunswick,82.2,,0.0
1996-10-01,1996,10,New Brunswick,82.1,,-0.12165450121655041
1996-11-01,1996,11,New Brunswick,82.3,,0.24360535931791105
1996-12-01,1996,12,New Brunswick,82.3,,0.0
1997-01-01,1997,1,New Brunswick,82.3,,0.0
1997-02-01,1997,2,New Brunswick,81.9,,-0.4860267314702238
1997-03-01,1997,3,New Brunswick,82.1,,0.24420024420022113
1997-04-01,1997,4,New Brunswick,79.7,,-2.923264311814855
1997-05-01,1997,5,New Brunswick,79.2,,-0.6273525721455453
1997-06-01,1997,6,New Brunswick,79.1,,-0.12626262626264095
1997-07-01,1997,7,New Brunswick,78.9,,-0.25284450063209896
1997-08-01,1997,8,New Brunswick,78.6,,-0.38022813688214363
1997-09-01,1997,9,New Brunswick,78.6,,0.0
1997-10-01,1997,10,New Brunswick,78.7,,0.12722646310434627
1997-11-01,1997,11,New Brunswick,78.7,,0.0
1997-12-01,1997,12,New Brunswick,78.7,,0.0
1998-01-01,1998,1,New Brunswick,78.6,,-0.12706480304957024
1998-02-01,1998,2,New Brunswick,78.4,,-0.254452926208637
1998-03-01,1998,3,New Brunswick,78.3,,-0.12755102040817867
1998-04-01,1998,4,New Brunswick,78.1,,-0.25542784163473664
1998-05-01,1998,5,New Brunswick,77.9,,-0.2560819462227748
1998-06-01,1998,6,New Brunswick,77.8,,-0.12836970474968679
1998-07-01,1998,7,New Brunswick,77.8,,0.0
1998-08-01,1998,8,New Brunswick,77.6,,-0.25706940874036244
1998-09-01,1998,9,New Brunswick,77.6,,0.0
1998-10-01,1998,10,New Brunswick,77.6,,0.0
1998-11-01,1998,11,New Brunswick,77.5,,-0.12886597938143174
1998-12-01,1998,12,New Brunswick,77.7,,0.2580645161290418
1999-01-01,1999,1,New Brunswick,77.7,,0.0
1999-02-01,1999,2,New Brunswick,77.9,,0.2574002574002643
1999-03-01,1999,3,New Brunswick,78.0,,0.12836970474967568
1999-04-01,1999,4,New Brunswick,78.0,,0.0
1999-05-01,1999,5,New Brunswick,78.1,,0.12820512820512775
1999-06-01,1999,6,New Brunswick,78.1,,0.0
1999-07-01,1999,7,New Brunswick,78.1,,0.0
1999-08-01,1999,8,New Brunswick,78.2,,0.1280409731114096
1999-09-01,1999,9,New Brunswick,78.6,,0.5115089514066362
1999-10-01,1999,10,New Brunswick,78.8,,0.2544529262086481
1999-11-01,1999,11,New Brunswick,78.7,,-0.12690355329948444
1999-12-01,1999,12,New Brunswick,78.8,,0.12706480304955914
2000-01-01,2000,1,New Brunswick,78.6,,-0.2538071065989911
2000-02-01,2000,2,New Brunswick,78.6,,0.0
2000-03-01,2000,3,New Brunswick,78.4,,-0.254452926208637
2000-04-01,2000,4,New Brunswick,78.6,,0.25510204081631294
2000-05-01,2000,5,New Brunswick,77.9,,-0.8905852417302684
2000-06-01,2000,6,New Brunswick,78.0,,0.12836970474967568
2000-07-01,2000,7,New Brunswick,77.9,,-0.12820512820511665
2000-08-01,2000,8,New Brunswick,77.9,,0.0
2000-09-01,2000,9,New Brunswick,77.6,,-0.38510911424904926
2000-10-01,2000,10,New Brunswick,77.9,,0.38659793814435073
2000-11-01,2000,11,New Brunswick,77.5,,-0.5134788189987249
2000-12-01,2000,12,New Brunswick,77.8,,0.3870967741935516
2001-01-01,2001,1,New Brunswick,77.8,,0.0
2001-02-01,2001,2,New Brunswick,77.2,,-0.7712082262210762
2001-03-01,2001,3,New Brunswick,77.4,,0.2590673575129543
2001-04-01,2001,4,New Brunswick,77.4,,0.0
2001-05-01,2001,5,New Brunswick,78.3,,1.1627906976743985
2001-06-01,2001,6,New Brunswick,78.1,,-0.25542784163473664
2001-07-01,2001,7,New Brunswick,78.4,,0.3841229193342066
2001-08-01,2001,8,New Brunswick,78.4,,0.0
2001-09-01,2001,9,New Brunswick,78.5,,0.12755102040815647
2001-10-01,2001,10,New Brunswick,78.6,,0.1273885350318471
2001-11-01,2001,11,New Brunswick,78.6,,0.0
2001-12-01,2001,12,New Brunswick,78.7,,0.12722646310434627
2002-01-01,2002,1,New Brunswick,78.7,,0.0
2002-02-01,2002,2,New Brunswick,78.9,,0.2541296060991183
2002-03-01,2002,3,New Brunswick,78.9,,0.0
2002-04-01,2002,4,New Brunswick,78.9,,0.0
2002-05-01,2002,5,New Brunswick,80.2,,1.6476552598225558
2002-06-01,2002,6,New Brunswick,80.1,,-0.12468827930175452
2002-07-01,2002,7,New Brunswick,80.0,,-0.12484394506865337
2002-08-01,2002,8,New Brunswick,80.2,,0.24999999999999467
2002-09-01,2002,9,New Brunswick,80.4,,0.24937655860348684
2002-10-01,2002,10,New Brunswick,80.3,,-0.12437810945274963
2002-11-01,2002,11,New Brunswick,80.2,,-0.12453300124531941
2002-12-01,2002,12,New Brunswick,80.3,,0.12468827930174342
2003-01-01,2003,1,New Brunswick,81.3,,1.245330012453305
2003-02-01,2003,2,New Brunswick,81.2,,-0.12300123001229846
2003-03-01,2003,3,New Brunswick,81.2,,0.0
2003-04-01,2003,4,New Brunswick,81.2,,0.0
2003-05-01,2003,5,New Brunswick,82.1,,1.1083743842364324
2003-06-01,2003,6,New Brunswick,82.1,,0.0
2003-07-01,2003,7,New Brunswick,82.2,,0.12180267965895553
2003-08-01,2003,8,New Brunswick,82.7,,0.6082725060827299
2003-09-01,2003,9,New Brunswick,82.7,,0.0
2003-10-01,2003,10,New Brunswick,82.7,,0.0
2003-11-01,2003,11,New Brunswick,82.6,,-0.12091898428053804
2003-12-01,2003,12,New Brunswick,82.7,,0.1210653753026758
2004-01-01,2004,1,New Brunswick,82.6,,-0.12091898428053804
2004-02-01,2004,2,New Brunswick,82.8,,0.2421307506053294
2004-03-01,2004,3,New Brunswick,82.8,,0.0
2004-04-01,2004,4,New Brunswick,82.8,,0.0
2004-05-01,2004,5,New Brunswick,83.0,,0.24154589371980784
2004-06-01,2004,6,New Brunswick,83.5,,0.6024096385542244
2004-07-01,2004,7,New Brunswick,83.4,,-0.11976047904190823
2004-08-01,2004,8,New Brunswick,84.3,,1.0791366906474753
2004-09-01,2004,9,New Brunswick,84.3,,0.0
2004-10-01,2004,10,New Brunswick,84.5,,0.23724792408066353
2004-11-01,2004,11,New Brunswick,85.4,,1.0650887573964596
2004-12-01,2004,12,New Brunswick,85.4,,0.0
2005-01-01,2005,1,New Brunswick,86.0,,0.7025761124121788
2005-02-01,2005,2,New Brunswick,86.8,,0.9302325581395321
2005-03-01,2005,3,New Brunswick,86.8,,0.0
2005-04-01,2005,4,New Brunswick,86.8,,0.0
2005-05-01,2005,5,New Brunswick,86.5,,-0.3456221198156695
2005-06-01,2005,6,New Brunswick,86.9,,0.46242774566473965
2005-07-01,2005,7,New Brunswick,87.0,,0.11507479861909697
2005-08-01,2005,8,New Brunswick,87.2,,0.22988505747125743
2005-09-01,2005,9,New Brunswick,87.7,,0.5733944954128489
2005-10-01,2005,10,New Brunswick,87.7,,0.0
2005-11-01,2005,11,New Brunswick,87.8,,0.11402508551880963
2005-12-01,2005,12,New Brunswick,88.0,,0.2277904328018332
2006-01-01,2006,1,New Brunswick,88.8,,0.9090909090909038
2006-02-01,2006,2,New Brunswick,89.1,,0.33783783783782884
2006-03-01,2006,3,New Brunswick,89.7,,0.6734006734006925
2006-04-01,2006,4,New Brunswick,89.7,,0.0
2006-05-01,2006,5,New Brunswick,89.9,,0.22296544035673715
2006-06-01,2006,6,New Brunswick,89.8,,-0.11123470522803602
2006-07-01,2006,7,New Brunswick,90.3,,0.556792873051215
2006-08-01,2006,8,New Brunswick,90.5,,0.22148394241416902
2006-09-01,2006,9,New Brunswick,90.6,,0.11049723756906271
2006-10-01,2006,10,New Brunswick,90.6,,0.0
2006-11-01,2006,11,New Brunswick,90.6,,0.0
2006-12-01,2006,12,New Brunswick,90.5,,-0.1103752759381793
2007-01-01,2007,1,New Brunswick,90.6,,0.11049723756906271
2007-02-01,2007,2,New Brunswick,90.1,,-0.551876379690952
2007-03-01,2007,3,New Brunswick,90.1,,0.0
2007-04-01,2007,4,New Brunswick,90.0,,-0.11098779134294245
2007-05-01,2007,5,New Brunswick,90.5,,0.5555555555555536
2007-06-01,2007,6,New Brunswick,90.5,,0.0
2007-07-01,2007,7,New Brunswick,90.6,,0.11049723756906271
2007-08-01,2007,8,New Brunswick,91.2,,0.6622516556291425
2007-09-01,2007,9,New Brunswick,91.3,,0.10964912280702066
2007-10-01,2007,10,New Brunswick,91.6,,0.3285870755750153
2007-11-01,2007,11,New Brunswick,91.6,,0.0
2007-12-01,2007,12,New Brunswick,91.8,,0.21834061135370675
2008-01-01,2008,1,New Brunswick,92.4,,0.65359477124185
2008-02-01,2008,2,New Brunswick,92.0,,-0.43290043290044045
2008-03-01,2008,3,New Brunswick,92.3,,0.3260869565217428
2008-04-01,2008,4,New Brunswick,92.3,,0.0
2008-05-01,2008,5,New Brunswick,92.3,,0.0
2008-06-01,2008,6,New Brunswick,92.6,,0.3250270855904569
2008-07-01,2008,7,New Brunswick,93.5,,0.9719222462203136
2008-08-01,2008,8,New Brunswick,94.0,,0.5347593582887722
2008-09-01,2008,9,New Brunswick,93.6,,-0.42553191489361764
2008-10-01,2008,10,New Brunswick,93.6,,0.0
2008-11-01,2008,11,New Brunswick,94.3,,0.7478632478632452
2008-12-01,2008,12,New Brunswick,94.3,,0.0
2009-01-01,2009,1,New Brunswick,95.6,,1.3785790031813239
2009-02-01,2009,2,New Brunswick,95.9,,0.313807531380772
2009-03-01,2009,3,New Brunswick,95.9,,0.0
2009-04-01,2009,4,New Brunswick,96.0,,0.10427528675702735
2009-05-01,2009,5,New Brunswick,96.1,,0.10416666666666075
2009-06-01,2009,6,New Brunswick,95.9,,-0.20811654526533552
2009-07-01,2009,7,New Brunswick,96.0,,0.10427528675702735
2009-08-01,2009,8,New Brunswick,96.1,,0.10416666666666075
2009-09-01,2009,9,New Brunswick,96.5,,0.41623309053069324
2009-10-01,2009,10,New Brunswick,96.5,,0.0
2009-11-01,2009,11,New Brunswick,96.6,,0.10362694300518616
2009-12-01,2009,12,New Brunswick,96.5,,-0.10351966873705098
2010-01-01,2010,1,New Brunswick,96.4,,-0.10362694300517505
2010-02-01,2010,2,New Brunswick,96.5,,0.10373443983402453
2010-03-01,2010,3,New Brunswick,96.5,,0.0
2010-04-01,2010,4,New Brunswick,96.5,,0.0
2010-05-01,2010,5,New Brunswick,97.1,,0.6217616580310725
2010-06-01,2010,6,New Brunswick,98.4,,1.338825952626177
2010-07-01,2010,7,New Brunswick,98.3,,-0.1016260162601701
2010-08-01,2010,8,New Brunswick,98.3,,0.0
2010-09-01,2010,9,New Brunswick,98.4,,0.10172939979655737
2010-10-01,2010,10,New Brunswick,98.4,,0.0
2010-11-01,2010,11,New Brunswick,98.2,,-0.20325203252032908
2010-12-01,2010,12,New Brunswick,98.2,,0.0
2011-01-01,2011,1,New Brunswick,98.0,,-0.20366598778004397
2011-02-01,2011,2,New Brunswick,97.9,,-0.10204081632652073
2011-03-01,2011,3,New Brunswick,98.3,,0.40858018386107364
2011-04-01,2011,4,New Brunswick,97.8,,-0.5086469989827092
2011-05-01,2011,5,New Brunswick,97.8,,0.0
2011-06-01,2011,6,New Brunswick,98.0,,0.2044989775051187
2011-07-01,2011,7,New Brunswick,98.2,,0.20408163265306367
2011-08-01,2011,8,New Brunswick,98.8,,0.6109979633401208
2011-09-01,2011,9,New Brunswick,98.4,,-0.4048582995951344
2011-10-01,2011,10,New Brunswick,98.4,,0.0
2011-11-01,2011,11,New Brunswick,98.4,,0.0
2011-12-01,2011,12,New Brunswick,98.4,,0.0
2012-01-01,2012,1,New Brunswick,98.4,,0.0
2012-02-01,2012,2,New Brunswick,98.1,,-0.3048780487804992
2012-03-01,2012,3,New Brunswick,98.1,,0.0
2012-04-01,2012,4,New Brunswick,98.1,,0.0
2012-05-01,2012,5,New Brunswick,97.9,,-0.20387359836899765
2012-06-01,2012,6,New Brunswick,97.9,,0.0
2012-07-01,2012,7,New Brunswick,97.8,,-0.10214504596527396
2012-08-01,2012,8,New Brunswick,97.9,,0.10224948875257045
2012-09-01,2012,9,New Brunswick,98.3,,0.40858018386107364
2012-10-01,2012,10,New Brunswick,98.3,,0.0
2012-11-01,2012,11,New Brunswick,98.1,,-0.20345879959308144
2012-12-01,2012,12,New Brunswick,98.1,,0.0
2013-01-01,2013,1,New Brunswick,98.0,,-0.10193679918449883
2013-02-01,2013,2,New Brunswick,98.2,,0.20408163265306367
2013-03-01,2013,3,New Brunswick,98.4,,0.20366598778003286
2013-04-01,2013,4,New Brunswick,98.3,,-0.1016260162601701
2013-05-01,2013,5,New Brunswick,98.4,,0.10172939979655737
2013-06-01,2013,6,New Brunswick,98.4,,0.0
2013-07-01,2013,7,New Brunswick,98.4,,0.0
2013-08-01,2013,8,New Brunswick,98.4,,0.0
2013-09-01,2013,9,New Brunswick,98.4,,0.0
2013-10-01,2013,10,New Brunswick,98.5,,0.10162601626015899
2013-11-01,2013,11,New Brunswick,98.5,,0.0
2013-12-01,2013,12,New Brunswick,98.4,,-0.10152284263958977
2014-01-01,2014,1,New Brunswick,98.4,,0.0
2014-02-01,2014,2,New Brunswick,98.3,,-0.1016260162601701
2014-03-01,2014,3,New Brunswick,98.3,,0.0
2014-04-01,2014,4,New Brunswick,98.5,,0.20345879959309254
2014-05-01,2014,5,New Brunswick,98.5,,0.0
2014-06-01,2014,6,New Brunswick,98.5,,0.0
2014-07-01,2014,7,New Brunswick,98.3,,-0.20304568527919065
2014-08-01,2014,8,New Brunswick,98.1,,-0.20345879959308144
2014-09-01,2014,9,New Brunswick,98.1,,0.0
2014-10-01,2014,10,New Brunswick,98.1,,0.0
2014-11-01,2014,11,New Brunswick,98.0,,-0.10193679918449883
2014-12-01,2014,12,New Brunswick,98.0,,0.0
2015-01-01,2015,1,New Brunswick,98.0,,0.0
2015-02-01,2015,2,New Brunswick,98.0,,0.0
2015-03-01,2015,3,New Brunswick,97.8,,-0.20408163265306367
2015-04-01,2015,4,New Brunswick,97.8,,0.0
2015-05-01,2015,5,New Brunswick,97.8,,0.0
2015-06-01,2015,6,New Brunswick,98.2,,0.4089979550102374
2015-07-01,2015,7,New Brunswick,98.3,,0.10183299389001643
2015-08-01,2015,8,New Brunswick,98.3,,0.0
2015-09-01,2015,9,New Brunswick,98.3,,0.0
2015-10-01,2015,10,New Brunswick,98.3,,0.0
2015-11-01,2015,11,New Brunswick,98.4,,0.10172939979655737
2015-12-01,2015,12,New Brunswick,98.4,,0.0
2016-01-01,2016,1,New Brunswick,98.3,,-0.1016260162601701
2016-02-01,2016,2,New Brunswick,98.3,,0.0
2016-03-01,2016,3,New Brunswick,98.3,,0.0
2016-04-01,2016,4,New Brunswick,98.3,,0.0
2016-05-01,2016,5,New Brunswick,98.3,,0.0
2016-06-01,2016,6,New Brunswick,98.3,,0.0
2016-07-01,2016,7,New Brunswick,98.3,,0.0
2016-08-01,2016,8,New Brunswick,98.4,,0.10172939979655737
2016-09-01,2016,9,New Brunswick,99.7,,1.3211382113821113
2016-10-01,2016,10,New Brunswick,100.0,,0.30090270812437314
2016-11-01,2016,11,New Brunswick,100.0,,0.0
2016-12-01,2016,12,New Brunswick,100.0,,0.0
2017-01-01,2017,1,New Brunswick,100.2,,0.20000000000000018
2017-02-01,2017,2,New Brunswick,100.1,,-0.09980039920161055
2017-03-01,2017,3,New Brunswick,100.1,,0.0
2017-04-01,2017,4,New Brunswick,100.1,,0.0
2017-05-01,2017,5,New Brunswick,100.1,,0.0
2017-06-01,2017,6,New Brunswick,100.1,,0.0
2017-07-01,2017,7,New Brunswick,100.5,,0.3996003996004083
2017-08-01,2017,8,New Brunswick,100.5,,0.0
2017-09-01,2017,9,New Brunswick,100.5,,0.0
2017-10-01,2017,10,New Brunswick,100.5,,0.0
2017-11-01,2017,11,New Brunswick,100.8,,0.29850746268655914
2017-12-01,2017,12,New Brunswick,101.0,,0.1984126984126977
2018-01-01,2018,1,New Brunswick,101.2,,0.1980198019801982
2018-02-01,2018,2,New Brunswick,101.2,,0.0
2018-03-01,2018,3,New Brunswick,101.2,,0.0
2018-04-01,2018,4,New Brunswick,101.1,,-0.09881422924902239
2018-05-01,2018,5,New Brunswick,101.1,,0.0
2018-06-01,2018,6,New Brunswick,101.1,,0.0
2018-07-01,2018,7,New Brunswick,100.9,,-0.19782393669632858
2018-08-01,2018,8,New Brunswick,101.1,,0.1982160555004775
2018-09-01,2018,9,New Brunswick,101.1,,0.0
2018-10-01,2018,10,New Brunswick,100.9,,-0.19782393669632858
2018-11-01,2018,11,New Brunswick,100.9,,0.0
2018-12-01,2018,12,New Brunswick,100.9,,0.0
2019-01-01,2019,1,New Brunswick,100.9,,0.0
2019-02-01,2019,2,New Brunswick,100.9,,0.0
2019-03-01,2019,3,New Brunswick,100.9,,0.0
2019-04-01,2019,4,New Brunswick,100.9,,0.0
2019-05-01,2019,5,New Brunswick,100.9,,0.0
2019-06-01,2019,6,New Brunswick,100.9,,0.0
2019-07-01,2019,7,New Brunswick,101.6,,0.6937561942517156
2019-08-01,2019,8,New Brunswick,102.1,,0.49212598425196763
2019-09-01,2019,9,New Brunswick,102.5,,0.3917727717923647
2019-10-01,2019,10,New Brunswick,102.5,,0.0
2019-11-01,2019,11,New Brunswick,102.5,,0.0
2019-12-01,2019,12,New Brunswick,102.7,,0.19512195121951237
2020-01-01,2020,1,New Brunswick,102.7,,0.0
2020-02-01,2020,2,New Brunswick,102.7,,0.0
2020-03-01,2020,3,New Brunswick,103.0,,0.2921129503407949
2020-04-01,2020,4,New Brunswick,103.2,,0.1941747572815622
2020-05-01,2020,5,New Brunswick,103.2,,0.0
2020-06-01,2020,6,New Brunswick,103.2,,0.0
2020-07-01,2020,7,New Brunswick,103.2,,0.0
2020-08-01,2020,8,New Brunswick,103.2,,0.0
2020-09-01,2020,9,New Brunswick,104.2,,0.9689922480620172
2020-10-01,2020,10,New Brunswick,104.2,,0.0
2020-11-01,2020,11,New Brunswick,104.2,,0.0
2020-12-01,2020,12,New Brunswick,104.2,,0.0
2021-01-01,2021,1,New Brunswick,104.2,,0.0
2021-02-01,2021,2,New Brunswick,105.5,,1.24760076775432
2021-03-01,2021,3,New Brunswick,108.5,,2.8436018957346043
2021-04-01,2021,4,New Brunswick,110.2,,1.5668202764977046
2021-05-01,2021,5,New Brunswick,109.4,,-0.7259528130671433
2021-06-01,2021,6,New Brunswick,111.1,,1.5539305301645268
2021-07-01,2021,7,New Brunswick,112.2,,0.990099009900991
2021-08-01,2021,8,New Brunswick,114.1,,1.6934046345810971
2021-09-01,2021,9,New Brunswick,114.1,,0.0
2021-10-01,2021,10,New Brunswick,114.2,,0.08764241893077784
2021-11-01,2021,11,New Brunswick,114.2,,0.0
2021-12-01,2021,12,New Brunswick,115.5,,1.138353765323985
2022-01-01,2022,1,New Brunswick,115.5,,0.0
2022-02-01,2022,2,New Brunswick,117.9,,2.0779220779220786
2022-03-01,2022,3,New Brunswick,117.9,,0.0
2022-04-01,2022,4,New Brunswick,119.5,,1.3570822731127974
2022-05-01,2022,5,New Brunswick,119.5,,0.0
2022-06-01,2022,6,New Brunswick,119.5,,0.0
2022-07-01,2022,7,New Brunswick,119.5,,0.0
2022-08-01,2022,8,New Brunswick,119.5,,0.0
2022-09-01,2022,9,New Brunswick,119.5,,0.0
2022-10-01,2022,10,New Brunswick,119.5,,0.0
2022-11-01,2022,11,New Brunswick,119.5,,0.0
2022-12-01,2022,12,New Brunswick,119.5,,0.0
2023-01-01,2023,1,New Brunswick,119.5,,0.0
2023-02-01,2023,2,New Brunswick,119.5,,0.0
2023-03-01,2023,3,New Brunswick,119.5,,0.0
2023-04-01,2023,4,New Brunswick,119.5,,0.0
2023-05-01,2023,5,New Brunswick,119.5,,0.0
2023-06-01,2023,6,New Brunswick,119.5,,0.0
2023-07-01,2023,7,New Brunswick,119.5,,0.0
2023-08-01,2023,8,New Brunswick,119.5,,0.0
2023-09-01,2023,9,New Brunswick,119.5,,0.0
2023-10-01,2023,10,New Brunswick,119.5,,0.0
2023-11-01,2023,11,New Brunswick,119.5,,0.0
2023-12-01,2023,12,New Brunswick,119.2,,-0.2510460251045954
2024-01-01,2024,1,New Brunswick,119.2,,0.0
2024-02-01,2024,2,New Brunswick,119.2,,0.0
2024-03-01,2024,3,New Brunswick,120.0,,0.6711409395973034
2024-04-01,2024,4,New Brunswick,120.0,,0.0
2024-05-01,2024,5,New Brunswick,120.0,,0.0
2024-06-01,2024,6,New Brunswick,120.0,,0.0
2024-07-01,2024,7,New Brunswick,120.0,,0.0
2024-08-01,2024,8,New Brunswick,120.0,,0.0
2024-09-01,2024,9,New Brunswick,120.0,,0.0
2024-10-01,2024,10,New Brunswick,120.0,,0.0
2024-11-01,2024,11,New Brunswick,120.0,,0.0
2024-12-01,2024,12,New Brunswick,120.7,,0.5833333333333357
2025-01-01,2025,1,New Brunswick,120.7,,0.0
2025-02-01,2025,2,New Brunswick,120.7,,0.0
2025-03-01,2025,3,New Brunswick,120.7,,0.0
2025-04-01,2025,4,New Brunswick,120.7,,0.0
2025-05-01,2025,5,New Brunswick,120.7,,0.0
2025-06-01,2025,6,New Brunswick,120.7,,0.0
2025-07-01,2025,7,New Brunswick,120.7,,0.0
2025-08-01,2025,8,New Brunswick,120.7,,0.0
2025-09-01,2025,9,New Brunswick,120.7,,0.0
2025-10-01,2025,10,New Brunswick,120.7,,0.0
2025-11-01,2025,11,New Brunswick,120.7,,0.0
2025-12-01,2025,12,New Brunswick,120.7,,0.0
2026-01-01,2026,1,New Brunswick,120.7,,0.0
2026-02-01,2026,2,New Brunswick,120.7,,0.0
2026-03-01,2026,3,New Brunswick,120.7,,0.0
2026-04-01,2026,4,New Brunswick,120.7,,0.0
2026-05-01,2026,5,New Brunswick,120.7,,0.0
2026-06-01,2026,6,New Brunswick,120.7,,0.0
1986-01-01,1986,1,Newfoundland and Labrador,38.7,,
1986-02-01,1986,2,Newfoundland and Labrador,38.8,,0.2583979328165231
1986-03-01,1986,3,Newfoundland and Labrador,38.8,,0.0
1986-04-01,1986,4,Newfoundland and Labrador,38.9,,0.2577319587628857
1986-05-01,1986,5,Newfoundland and Labrador,39.1,,0.5141388174807249
1986-06-01,1986,6,Newfoundland and Labrador,39.1,,0.0
1986-07-01,1986,7,Newfoundland and Labrador,39.3,,0.5115089514066362
1986-08-01,1986,8,Newfoundland and Labrador,39.5,,0.5089058524173184
1986-09-01,1986,9,Newfoundland and Labrador,39.5,,0.0
1986-10-01,1986,10,Newfoundland and Labrador,39.4,,-0.25316455696202667
1986-11-01,1986,11,Newfoundland and Labrador,39.7,,0.7614213197969733
1986-12-01,1986,12,Newfoundland and Labrador,39.7,,0.0
1987-01-01,1987,1,Newfoundland and Labrador,39.7,,0.0
1987-02-01,1987,2,Newfoundland and Labrador,40.9,,3.0226700251889005
1987-03-01,1987,3,Newfoundland and Labrador,41.0,,0.24449877750611915
1987-04-01,1987,4,Newfoundland and Labrador,41.1,,0.24390243902439046
1987-05-01,1987,5,Newfoundland and Labrador,41.2,,0.24330900243310083
1987-06-01,1987,6,Newfoundland and Labrador,41.2,,0.0
1987-07-01,1987,7,Newfoundland and Labrador,41.3,,0.24271844660193054
1987-08-01,1987,8,Newfoundland and Labrador,41.4,,0.2421307506053294
1987-09-01,1987,9,Newfoundland and Labrador,41.4,,0.0
1987-10-01,1987,10,Newfoundland and Labrador,41.5,,0.24154589371980784
1987-11-01,1987,11,Newfoundland and Labrador,41.7,,0.48192771084338837
1987-12-01,1987,12,Newfoundland and Labrador,41.7,,0.0
1988-01-01,1988,1,Newfoundland and Labrador,41.7,,0.0
1988-02-01,1988,2,Newfoundland and Labrador,41.7,,0.0
1988-03-01,1988,3,Newfoundland and Labrador,41.7,,0.0
1988-04-01,1988,4,Newfoundland and Labrador,41.7,,0.0
1988-05-01,1988,5,Newfoundland and Labrador,41.8,,0.23980815347719453
1988-06-01,1988,6,Newfoundland and Labrador,41.9,,0.23923444976077235
1988-07-01,1988,7,Newfoundland and Labrador,41.9,,0.0
1988-08-01,1988,8,Newfoundland and Labrador,42.4,,1.193317422434359
1988-09-01,1988,9,Newfoundland and Labrador,42.5,,0.2358490566037874
1988-10-01,1988,10,Newfoundland and Labrador,42.7,,0.47058823529413374
1988-11-01,1988,11,Newfoundland and Labrador,42.8,,0.23419203747070405
1988-12-01,1988,12,Newfoundland and Labrador,42.9,,0.23364485981309802
1989-01-01,1989,1,Newfoundland and Labrador,43.0,,0.2331002331002363
1989-02-01,1989,2,Newfoundland and Labrador,43.7,,1.6279069767441978
1989-03-01,1989,3,Newfoundland and Labrador,43.7,,0.0
1989-04-01,1989,4,Newfoundland and Labrador,43.7,,0.0
1989-05-01,1989,5,Newfoundland and Labrador,44.0,,0.686498855835227
1989-06-01,1989,6,Newfoundland and Labrador,44.0,,0.0
1989-07-01,1989,7,Newfoundland and Labrador,44.0,,0.0
1989-08-01,1989,8,Newfoundland and Labrador,44.0,,0.0
1989-09-01,1989,9,Newfoundland and Labrador,45.7,,3.86363636363638
1989-10-01,1989,10,Newfoundland and Labrador,45.7,,0.0
1989-11-01,1989,11,Newfoundland and Labrador,45.7,,0.0
1989-12-01,1989,12,Newfoundland and Labrador,45.7,,0.0
1990-01-01,1990,1,Newfoundland and Labrador,45.4,,-0.6564551422319598
1990-02-01,1990,2,Newfoundland and Labrador,45.4,,0.0
1990-03-01,1990,3,Newfoundland and Labrador,45.4,,0.0
1990-04-01,1990,4,Newfoundland and Labrador,45.4,,0.0
1990-05-01,1990,5,Newfoundland and Labrador,45.4,,0.0
1990-06-01,1990,6,Newfoundland and Labrador,45.4,,0.0
1990-07-01,1990,7,Newfoundland and Labrador,46.4,,2.2026431718061623
1990-08-01,1990,8,Newfoundland and Labrador,46.4,,0.0
1990-09-01,1990,9,Newfoundland and Labrador,46.7,,0.6465517241379448
1990-10-01,1990,10,Newfoundland and Labrador,46.7,,0.0
1990-11-01,1990,11,Newfoundland and Labrador,46.7,,0.0
1990-12-01,1990,12,Newfoundland and Labrador,46.7,,0.0
1991-01-01,1991,1,Newfoundland and Labrador,46.7,,0.0
1991-02-01,1991,2,Newfoundland and Labrador,49.1,,5.139186295503206
1991-03-01,1991,3,Newfoundland and Labrador,49.7,,1.2219959266802416
1991-04-01,1991,4,Newfoundland and Labrador,49.7,,0.0
1991-05-01,1991,5,Newfoundland and Labrador,49.6,,-0.2012072434607659
1991-06-01,1991,6,Newfoundland and Labrador,49.6,,0.0
1991-07-01,1991,7,Newfoundland and Labrador,49.6,,0.0
1991-08-01,1991,8,Newfoundland and Labrador,49.6,,0.0
1991-09-01,1991,9,Newfoundland and Labrador,49.6,,0.0
1991-10-01,1991,10,Newfoundland and Labrador,49.6,,0.0
1991-11-01,1991,11,Newfoundland and Labrador,49.6,,0.0
1991-12-01,1991,12,Newfoundland and Labrador,49.6,,0.0
1992-01-01,1992,1,Newfoundland and Labrador,49.6,,0.0
1992-02-01,1992,2,Newfoundland and Labrador,49.6,,0.0
1992-03-01,1992,3,Newfoundland and Labrador,49.7,,0.20161290322580072
1992-04-01,1992,4,Newfoundland and Labrador,49.7,,0.0
1992-05-01,1992,5,Newfoundland and Labrador,49.7,,0.0
1992-06-01,1992,6,Newfoundland and Labrador,49.7,,0.0
1992-07-01,1992,7,Newfoundland and Labrador,49.7,,0.0
1992-08-01,1992,8,Newfoundland and Labrador,49.8,,0.2012072434607548
1992-09-01,1992,9,Newfoundland and Labrador,49.8,,0.0
1992-10-01,1992,10,Newfoundland and Labrador,49.8,,0.0
1992-11-01,1992,11,Newfoundland and Labrador,49.8,,0.0
1992-12-01,1992,12,Newfoundland and Labrador,49.8,,0.0
1993-01-01,1993,1,Newfoundland and Labrador,49.8,,0.0
1993-02-01,1993,2,Newfoundland and Labrador,49.8,,0.0
1993-03-01,1993,3,Newfoundland and Labrador,49.8,,0.0
1993-04-01,1993,4,Newfoundland and Labrador,49.8,,0.0
1993-05-01,1993,5,Newfoundland and Labrador,49.8,,0.0
1993-06-01,1993,6,Newfoundland and Labrador,49.8,,0.0
1993-07-01,1993,7,Newfoundland and Labrador,49.7,,-0.20080321285139702
1993-08-01,1993,8,Newfoundland and Labrador,49.8,,0.2012072434607548
1993-09-01,1993,9,Newfoundland and Labrador,49.8,,0.0
1993-10-01,1993,10,Newfoundland and Labrador,49.4,,-0.8032128514056214
1993-11-01,1993,11,Newfoundland and Labrador,49.9,,1.0121457489878471
1993-12-01,1993,12,Newfoundland and Labrador,49.9,,0.0
1994-01-01,1994,1,Newfoundland and Labrador,49.8,,-0.2004008016032066
1994-02-01,1994,2,Newfoundland and Labrador,49.8,,0.0
1994-03-01,1994,3,Newfoundland and Labrador,49.6,,-0.40160642570280514
1994-04-01,1994,4,Newfoundland and Labrador,49.9,,0.6048387096774244
1994-05-01,1994,5,Newfoundland and Labrador,50.3,,0.8016032064128265
1994-06-01,1994,6,Newfoundland and Labrador,49.9,,-0.7952286282306154
1994-07-01,1994,7,Newfoundland and Labrador,49.8,,-0.2004008016032066
1994-08-01,1994,8,Newfoundland and Labrador,50.0,,0.40160642570281624
1994-09-01,1994,9,Newfoundland and Labrador,50.0,,0.0
1994-10-01,1994,10,Newfoundland and Labrador,50.0,,0.0
1994-11-01,1994,11,Newfoundland and Labrador,50.1,,0.20000000000000018
1994-12-01,1994,12,Newfoundland and Labrador,50.1,,0.0
1995-01-01,1995,1,Newfoundland and Labrador,50.1,,0.0
1995-02-01,1995,2,Newfoundland and Labrador,50.3,,0.39920159680637557
1995-03-01,1995,3,Newfoundland and Labrador,50.3,,0.0
1995-04-01,1995,4,Newfoundland and Labrador,50.1,,-0.3976143141153021
1995-05-01,1995,5,Newfoundland and Labrador,50.1,,0.0
1995-06-01,1995,6,Newfoundland and Labrador,50.1,,0.0
1995-07-01,1995,7,Newfoundland and Labrador,50.1,,0.0
1995-08-01,1995,8,Newfoundland and Labrador,49.7,,-0.7984031936127733
1995-09-01,1995,9,Newfoundland and Labrador,49.7,,0.0
1995-10-01,1995,10,Newfoundland and Labrador,49.7,,0.0
1995-11-01,1995,11,Newfoundland and Labrador,49.8,,0.2012072434607548
1995-12-01,1995,12,Newfoundland and Labrador,49.8,,0.0
1996-01-01,1996,1,Newfoundland and Labrador,49.8,,0.0
1996-02-01,1996,2,Newfoundland and Labrador,49.7,,-0.20080321285139702
1996-03-01,1996,3,Newfoundland and Labrador,49.6,,-0.2012072434607659
1996-04-01,1996,4,Newfoundland and Labrador,49.6,,0.0
1996-05-01,1996,5,Newfoundland and Labrador,49.4,,-0.40322580645162365
1996-06-01,1996,6,Newfoundland and Labrador,49.4,,0.0
1996-07-01,1996,7,Newfoundland and Labrador,49.4,,0.0
1996-08-01,1996,8,Newfoundland and Labrador,49.4,,0.0
1996-09-01,1996,9,Newfoundland and Labrador,49.4,,0.0
1996-10-01,1996,10,Newfoundland and Labrador,49.4,,0.0
1996-11-01,1996,11,Newfoundland and Labrador,49.3,,-0.2024291497975783
1996-12-01,1996,12,Newfoundland and Labrador,49.3,,0.0
1997-01-01,1997,1,Newfoundland and Labrador,49.3,,0.0
1997-02-01,1997,2,Newfoundland and Labrador,49.3,,0.0
1997-03-01,1997,3,Newfoundland and Labrador,49.3,,0.0
1997-04-01,1997,4,Newfoundland and Labrador,47.9,,-2.8397565922920864
1997-05-01,1997,5,Newfoundland and Labrador,48.4,,1.0438413361169019
1997-06-01,1997,6,Newfoundland and Labrador,48.3,,-0.20661157024793875
1997-07-01,1997,7,Newfoundland and Labrador,48.3,,0.0
1997-08-01,1997,8,Newfoundland and Labrador,48.1,,-0.41407867494822614
1997-09-01,1997,9,Newfoundland and Labrador,48.1,,0.0
1997-10-01,1997,10,Newfoundland and Labrador,48.1,,0.0
1997-11-01,1997,11,Newfoundland and Labrador,48.0,,-0.20790020790021346
1997-12-01,1997,12,Newfoundland and Labrador,48.1,,0.2083333333333437
1998-01-01,1998,1,Newfoundland and Labrador,48.1,,0.0
1998-02-01,1998,2,Newfoundland and Labrador,48.1,,0.0
1998-03-01,1998,3,Newfoundland and Labrador,48.1,,0.0
1998-04-01,1998,4,Newfoundland and Labrador,48.0,,-0.20790020790021346
1998-05-01,1998,5,Newfoundland and Labrador,47.8,,-0.4166666666666763
1998-06-01,1998,6,Newfoundland and Labrador,47.7,,-0.20920502092048876
1998-07-01,1998,7,Newfoundland and Labrador,47.7,,0.0
1998-08-01,1998,8,Newfoundland and Labrador,47.7,,0.0
1998-09-01,1998,9,Newfoundland and Labrador,47.7,,0.0
1998-10-01,1998,10,Newfoundland and Labrador,47.7,,0.0
1998-11-01,1998,11,Newfoundland and Labrador,47.6,,-0.20964360587002462
1998-12-01,1998,12,Newfoundland and Labrador,47.4,,-0.42016806722690037
1999-01-01,1999,1,Newfoundland and Labrador,47.9,,1.0548523206751037
1999-02-01,1999,2,Newfoundland and Labrador,47.9,,0.0
1999-03-01,1999,3,Newfoundland and Labrador,47.9,,0.0
1999-04-01,1999,4,Newfoundland and Labrador,47.9,,0.0
1999-05-01,1999,5,Newfoundland and Labrador,47.9,,0.0
1999-06-01,1999,6,Newfoundland and Labrador,47.9,,0.0
1999-07-01,1999,7,Newfoundland and Labrador,47.9,,0.0
1999-08-01,1999,8,Newfoundland and Labrador,48.3,,0.8350730688935215
1999-09-01,1999,9,Newfoundland and Labrador,48.3,,0.0
1999-10-01,1999,10,Newfoundland and Labrador,48.3,,0.0
1999-11-01,1999,11,Newfoundland and Labrador,47.8,,-1.0351966873705987
1999-12-01,1999,12,Newfoundland and Labrador,47.8,,0.0
2000-01-01,2000,1,Newfoundland and Labrador,47.9,,0.20920502092049986
2000-02-01,2000,2,Newfoundland and Labrador,48.4,,1.0438413361169019
2000-03-01,2000,3,Newfoundland and Labrador,48.5,,0.20661157024792765
2000-04-01,2000,4,Newfoundland and Labrador,48.5,,0.0
2000-05-01,2000,5,Newfoundland and Labrador,49.0,,1.0309278350515427
2000-06-01,2000,6,Newfoundland and Labrador,49.1,,0.20408163265306367
2000-07-01,2000,7,Newfoundland and Labrador,49.4,,0.6109979633401208
2000-08-01,2000,8,Newfoundland and Labrador,49.5,,0.2024291497975783
2000-09-01,2000,9,Newfoundland and Labrador,49.5,,0.0
2000-10-01,2000,10,Newfoundland and Labrador,49.5,,0.0
2000-11-01,2000,11,Newfoundland and Labrador,49.5,,0.0
2000-12-01,2000,12,Newfoundland and Labrador,49.5,,0.0
2001-01-01,2001,1,Newfoundland and Labrador,49.5,,0.0
2001-02-01,2001,2,Newfoundland and Labrador,49.5,,0.0
2001-03-01,2001,3,Newfoundland and Labrador,49.5,,0.0
2001-04-01,2001,4,Newfoundland and Labrador,49.5,,0.0
2001-05-01,2001,5,Newfoundland and Labrador,49.6,,0.20202020202020332
2001-06-01,2001,6,Newfoundland and Labrador,49.4,,-0.40322580645162365
2001-07-01,2001,7,Newfoundland and Labrador,50.6,,2.429149797570851
2001-08-01,2001,8,Newfoundland and Labrador,50.6,,0.0
2001-09-01,2001,9,Newfoundland and Labrador,50.6,,0.0
2001-10-01,2001,10,Newfoundland and Labrador,50.6,,0.0
2001-11-01,2001,11,Newfoundland and Labrador,50.6,,0.0
2001-12-01,2001,12,Newfoundland and Labrador,50.6,,0.0
2002-01-01,2002,1,Newfoundland and Labrador,50.6,,0.0
2002-02-01,2002,2,Newfoundland and Labrador,51.2,,1.1857707509881354
2002-03-01,2002,3,Newfoundland and Labrador,51.4,,0.390625
2002-04-01,2002,4,Newfoundland and Labrador,51.3,,-0.1945525291828787
2002-05-01,2002,5,Newfoundland and Labrador,52.0,,1.3645224171540127
2002-06-01,2002,6,Newfoundland and Labrador,52.1,,0.19230769230769162
2002-07-01,2002,7,Newfoundland and Labrador,52.3,,0.38387715930900956
2002-08-01,2002,8,Newfoundland and Labrador,52.6,,0.5736137667304186
2002-09-01,2002,9,Newfoundland and Labrador,53.1,,0.9505703422053147
2002-10-01,2002,10,Newfoundland and Labrador,53.2,,0.18832391713747842
2002-11-01,2002,11,Newfoundland and Labrador,53.3,,0.1879699248120259
2002-12-01,2002,12,Newfoundland and Labrador,53.4,,0.18761726078799779
2003-01-01,2003,1,Newfoundland and Labrador,53.5,,0.18726591760300781
2003-02-01,2003,2,Newfoundland and Labrador,53.7,,0.37383177570093906
2003-03-01,2003,3,Newfoundland and Labrador,53.7,,0.0
2003-04-01,2003,4,Newfoundland and Labrador,54.0,,0.5586592178770999
2003-05-01,2003,5,Newfoundland and Labrador,54.1,,0.18518518518517713
2003-06-01,2003,6,Newfoundland and Labrador,54.3,,0.3696857670979492
2003-07-01,2003,7,Newfoundland and Labrador,54.3,,0.0
2003-08-01,2003,8,Newfoundland and Labrador,54.5,,0.36832412523020164
2003-09-01,2003,9,Newfoundland and Labrador,55.3,,1.4678899082568808
2003-10-01,2003,10,Newfoundland and Labrador,55.3,,0.0
2003-11-01,2003,11,Newfoundland and Labrador,55.3,,0.0
2003-12-01,2003,12,Newfoundland and Labrador,55.5,,0.3616636528029016
2004-01-01,2004,1,Newfoundland and Labrador,55.4,,-0.18018018018017834
2004-02-01,2004,2,Newfoundland and Labrador,55.7,,0.5415162454873723
2004-03-01,2004,3,Newfoundland and Labrador,56.0,,0.538599640933568
2004-04-01,2004,4,Newfoundland and Labrador,56.2,,0.3571428571428559
2004-05-01,2004,5,Newfoundland and Labrador,56.8,,1.0676156583629748
2004-06-01,2004,6,Newfoundland and Labrador,57.2,,0.7042253521126751
2004-07-01,2004,7,Newfoundland and Labrador,57.9,,1.2237762237762073
2004-08-01,2004,8,Newfoundland and Labrador,58.3,,0.6908462867011966
2004-09-01,2004,9,Newfoundland and Labrador,58.5,,0.34305317324185847
2004-10-01,2004,10,Newfoundland and Labrador,58.5,,0.0
2004-11-01,2004,11,Newfoundland and Labrador,59.2,,1.1965811965811923
2004-12-01,2004,12,Newfoundland and Labrador,59.2,,0.0
2005-01-01,2005,1,Newfoundland and Labrador,59.7,,0.8445945945946054
2005-02-01,2005,2,Newfoundland and Labrador,59.9,,0.3350083752093669
2005-03-01,2005,3,Newfoundland and Labrador,60.0,,0.16694490818029983
2005-04-01,2005,4,Newfoundland and Labrador,59.9,,-0.16666666666667052
2005-05-01,2005,5,Newfoundland and Labrador,60.7,,1.3355592654424209
2005-06-01,2005,6,Newfoundland and Labrador,60.7,,0.0
2005-07-01,2005,7,Newfoundland and Labrador,60.7,,0.0
2005-08-01,2005,8,Newfoundland and Labrador,60.8,,0.16474464579900872
2005-09-01,2005,9,Newfoundland and Labrador,61.1,,0.49342105263159297
2005-10-01,2005,10,Newfoundland and Labrador,61.4,,0.49099836333879043
2005-11-01,2005,11,Newfoundland and Labrador,61.4,,0.0
2005-12-01,2005,12,Newfoundland and Labrador,61.5,,0.16286644951140072
2006-01-01,2006,1,Newfoundland and Labrador,61.5,,0.0
2006-02-01,2006,2,Newfoundland and Labrador,61.9,,0.6504065040650486
2006-03-01,2006,3,Newfoundland and Labrador,61.8,,-0.1615508885298933
2006-04-01,2006,4,Newfoundland and Labrador,61.8,,0.0
2006-05-01,2006,5,Newfoundland and Labrador,62.1,,0.4854368932038833
2006-06-01,2006,6,Newfoundland and Labrador,62.1,,0.0
2006-07-01,2006,7,Newfoundland and Labrador,63.8,,2.7375201288244666
2006-08-01,2006,8,Newfoundland and Labrador,63.9,,0.15673981191222097
2006-09-01,2006,9,Newfoundland and Labrador,63.6,,-0.46948356807511304
2006-10-01,2006,10,Newfoundland and Labrador,63.6,,0.0
2006-11-01,2006,11,Newfoundland and Labrador,64.0,,0.6289308176100628
2006-12-01,2006,12,Newfoundland and Labrador,64.1,,0.15624999999999112
2007-01-01,2007,1,Newfoundland and Labrador,64.1,,0.0
2007-02-01,2007,2,Newfoundland and Labrador,64.1,,0.0
2007-03-01,2007,3,Newfoundland and Labrador,64.3,,0.31201248049923525
2007-04-01,2007,4,Newfoundland and Labrador,64.2,,-0.15552099533435726
2007-05-01,2007,5,Newfoundland and Labrador,65.1,,1.4018691588784993
2007-06-01,2007,6,Newfoundland and Labrador,65.1,,0.0
2007-07-01,2007,7,Newfoundland and Labrador,65.9,,1.2288786482335112
2007-08-01,2007,8,Newfoundland and Labrador,66.7,,1.2139605462822445
2007-09-01,2007,9,Newfoundland and Labrador,67.3,,0.8995502248875464
2007-10-01,2007,10,Newfoundland and Labrador,67.9,,0.8915304606240904
2007-11-01,2007,11,Newfoundland and Labrador,68.3,,0.589101620029453
2007-12-01,2007,12,Newfoundland and Labrador,69.2,,1.3177159590044063
2008-01-01,2008,1,Newfoundland and Labrador,69.9,,1.0115606936416333
2008-02-01,2008,2,Newfoundland and Labrador,72.0,,3.0042918454935563
2008-03-01,2008,3,Newfoundland and Labrador,72.1,,0.1388888888888884
2008-04-01,2008,4,Newfoundland and Labrador,74.6,,3.4674063800277377
2008-05-01,2008,5,Newfoundland and Labrador,77.4,,3.753351206434341
2008-06-01,2008,6,Newfoundland and Labrador,79.6,,2.8423772609818876
2008-07-01,2008,7,Newfoundland and Labrador,82.0,,3.015075376884435
2008-08-01,2008,8,Newfoundland and Labrador,82.6,,0.7317073170731714
2008-09-01,2008,9,Newfoundland and Labrador,82.6,,0.0
2008-10-01,2008,10,Newfoundland and Labrador,83.0,,0.4842615012106588
2008-11-01,2008,11,Newfoundland and Labrador,85.9,,3.4939759036144658
2008-12-01,2008,12,Newfoundland and Labrador,86.0,,0.11641443538998875
2009-01-01,2009,1,Newfoundland and Labrador,86.8,,0.9302325581395321
2009-02-01,2009,2,Newfoundland and Labrador,86.7,,-0.11520737327188613
2009-03-01,2009,3,Newfoundland and Labrador,87.1,,0.46136101499423265
2009-04-01,2009,4,Newfoundland and Labrador,87.3,,0.22962112514350874
2009-05-01,2009,5,Newfoundland and Labrador,87.3,,0.0
2009-06-01,2009,6,Newfoundland and Labrador,87.7,,0.45819014891179677
2009-07-01,2009,7,Newfoundland and Labrador,87.7,,0.0
2009-08-01,2009,8,Newfoundland and Labrador,88.7,,1.1402508551881407
2009-09-01,2009,9,Newfoundland and Labrador,88.7,,0.0
2009-10-01,2009,10,Newfoundland and Labrador,88.7,,0.0
2009-11-01,2009,11,Newfoundland and Labrador,89.3,,0.6764374295377573
2009-12-01,2009,12,Newfoundland and Labrador,89.9,,0.6718924972004547
2010-01-01,2010,1,Newfoundland and Labrador,91.5,,1.7797552836484876
2010-02-01,2010,2,Newfoundland and Labrador,91.5,,0.0
2010-03-01,2010,3,Newfoundland and Labrador,91.5,,0.0
2010-04-01,2010,4,Newfoundland and Labrador,92.5,,1.0928961748633892
2010-05-01,2010,5,Newfoundland and Labrador,92.7,,0.216216216216214
2010-06-01,2010,6,Newfoundland and Labrador,93.0,,0.3236245954692629
2010-07-01,2010,7,Newfoundland and Labrador,93.0,,0.0
2010-08-01,2010,8,Newfoundland and Labrador,93.0,,0.0
2010-09-01,2010,9,Newfoundland and Labrador,93.0,,0.0
2010-10-01,2010,10,Newfoundland and Labrador,93.0,,0.0
2010-11-01,2010,11,Newfoundland and Labrador,97.0,,4.3010752688172005
2010-12-01,2010,12,Newfoundland and Labrador,97.0,,0.0
2011-01-01,2011,1,Newfoundland and Labrador,97.2,,0.20618556701030855
2011-02-01,2011,2,Newfoundland and Labrador,97.2,,0.0
2011-03-01,2011,3,Newfoundland and Labrador,97.2,,0.0
2011-04-01,2011,4,Newfoundland and Labrador,97.1,,-0.10288065843622185
2011-05-01,2011,5,Newfoundland and Labrador,97.0,,-0.1029866117404632
2011-06-01,2011,6,Newfoundland and Labrador,97.0,,0.0
2011-07-01,2011,7,Newfoundland and Labrador,96.9,,-0.10309278350515427
2011-08-01,2011,8,Newfoundland and Labrador,96.9,,0.0
2011-09-01,2011,9,Newfoundland and Labrador,96.9,,0.0
2011-10-01,2011,10,Newfoundland and Labrador,96.9,,0.0
2011-11-01,2011,11,Newfoundland and Labrador,96.9,,0.0
2011-12-01,2011,12,Newfoundland and Labrador,96.9,,0.0
2012-01-01,2012,1,Newfoundland and Labrador,96.5,,-0.41279669762642746
2012-02-01,2012,2,Newfoundland and Labrador,96.5,,0.0
2012-03-01,2012,3,Newfoundland and Labrador,96.8,,0.31088082901553626
2012-04-01,2012,4,Newfoundland and Labrador,96.8,,0.0
2012-05-01,2012,5,Newfoundland and Labrador,97.0,,0.20661157024792765
2012-06-01,2012,6,Newfoundland and Labrador,97.1,,0.10309278350515427
2012-07-01,2012,7,Newfoundland and Labrador,97.7,,0.6179196704428458
2012-08-01,2012,8,Newfoundland and Labrador,97.7,,0.0
2012-09-01,2012,9,Newfoundland and Labrador,97.5,,-0.20470829068577334
2012-10-01,2012,10,Newfoundland and Labrador,97.5,,0.0
2012-11-01,2012,11,Newfoundland and Labrador,97.5,,0.0
2012-12-01,2012,12,Newfoundland and Labrador,97.5,,0.0
2013-01-01,2013,1,Newfoundland and Labrador,97.7,,0.20512820512821328
2013-02-01,2013,2,Newfoundland and Labrador,97.7,,0.0
2013-03-01,2013,3,Newfoundland and Labrador,97.7,,0.0
2013-04-01,2013,4,Newfoundland and Labrador,98.6,,0.9211873080859689
2013-05-01,2013,5,Newfoundland and Labrador,98.8,,0.20283975659229903
2013-06-01,2013,6,Newfoundland and Labrador,98.8,,0.0
2013-07-01,2013,7,Newfoundland and Labrador,99.4,,0.6072874493927127
2013-08-01,2013,8,Newfoundland and Labrador,99.6,,0.2012072434607548
2013-09-01,2013,9,Newfoundland and Labrador,99.6,,0.0
2013-10-01,2013,10,Newfoundland and Labrador,99.6,,0.0
2013-11-01,2013,11,Newfoundland and Labrador,99.6,,0.0
2013-12-01,2013,12,Newfoundland and Labrador,99.6,,0.0
2014-01-01,2014,1,Newfoundland and Labrador,99.6,,0.0
2014-02-01,2014,2,Newfoundland and Labrador,99.6,,0.0
2014-03-01,2014,3,Newfoundland and Labrador,99.9,,0.3012048192771122
2014-04-01,2014,4,Newfoundland and Labrador,99.9,,0.0
2014-05-01,2014,5,Newfoundland and Labrador,99.8,,-0.10010010010010895
2014-06-01,2014,6,Newfoundland and Labrador,99.7,,-0.10020040080159776
2014-07-01,2014,7,Newfoundland and Labrador,99.7,,0.0
2014-08-01,2014,8,Newfoundland and Labrador,99.7,,0.0
2014-09-01,2014,9,Newfoundland and Labrador,99.7,,0.0
2014-10-01,2014,10,Newfoundland and Labrador,99.7,,0.0
2014-11-01,2014,11,Newfoundland and Labrador,99.9,,0.20060180541625616
2014-12-01,2014,12,Newfoundland and Labrador,99.9,,0.0
2015-01-01,2015,1,Newfoundland and Labrador,99.9,,0.0
2015-02-01,2015,2,Newfoundland and Labrador,99.9,,0.0
2015-03-01,2015,3,Newfoundland and Labrador,99.9,,0.0
2015-04-01,2015,4,Newfoundland and Labrador,99.9,,0.0
2015-05-01,2015,5,Newfoundland and Labrador,99.8,,-0.10010010010010895
2015-06-01,2015,6,Newfoundland and Labrador,99.8,,0.0
2015-07-01,2015,7,Newfoundland and Labrador,100.1,,0.30060120240480437
2015-08-01,2015,8,Newfoundland and Labrador,100.1,,0.0
2015-09-01,2015,9,Newfoundland and Labrador,100.1,,0.0
2015-10-01,2015,10,Newfoundland and Labrador,100.1,,0.0
2015-11-01,2015,11,Newfoundland and Labrador,100.3,,0.19980019980019303
2015-12-01,2015,12,Newfoundland and Labrador,100.3,,0.0
2016-01-01,2016,1,Newfoundland and Labrador,100.3,,0.0
2016-02-01,2016,2,Newfoundland and Labrador,100.3,,0.0
2016-03-01,2016,3,Newfoundland and Labrador,100.2,,-0.09970089730807485
2016-04-01,2016,4,Newfoundland and Labrador,100.2,,0.0
2016-05-01,2016,5,Newfoundland and Labrador,100.3,,0.09980039920158834
2016-06-01,2016,6,Newfoundland and Labrador,100.3,,0.0
2016-07-01,2016,7,Newfoundland and Labrador,100.0,,-0.29910269192422456
2016-08-01,2016,8,Newfoundland and Labrador,99.8,,-0.20000000000000018
2016-09-01,2016,9,Newfoundland and Labrador,100.0,,0.20040080160321772
2016-10-01,2016,10,Newfoundland and Labrador,100.0,,0.0
2016-11-01,2016,11,Newfoundland and Labrador,100.0,,0.0
2016-12-01,2016,12,Newfoundland and Labrador,100.0,,0.0
2017-01-01,2017,1,Newfoundland and Labrador,99.6,,-0.40000000000000036
2017-02-01,2017,2,Newfoundland and Labrador,99.6,,0.0
2017-03-01,2017,3,Newfoundland and Labrador,99.5,,-0.10040160642569296
2017-04-01,2017,4,Newfoundland and Labrador,99.5,,0.0
2017-05-01,2017,5,Newfoundland and Labrador,99.5,,0.0
2017-06-01,2017,6,Newfoundland and Labrador,99.4,,-0.10050251256280562
2017-07-01,2017,7,Newfoundland and Labrador,99.4,,0.0
2017-08-01,2017,8,Newfoundland and Labrador,98.9,,-0.5030181086519092
2017-09-01,2017,9,Newfoundland and Labrador,98.9,,0.0
2017-10-01,2017,10,Newfoundland and Labrador,98.9,,0.0
2017-11-01,2017,11,Newfoundland and Labrador,99.0,,0.10111223458038054
2017-12-01,2017,12,Newfoundland and Labrador,99.0,,0.0
2018-01-01,2018,1,Newfoundland and Labrador,99.0,,0.0
2018-02-01,2018,2,Newfoundland and Labrador,99.0,,0.0
2018-03-01,2018,3,Newfoundland and Labrador,99.0,,0.0
2018-04-01,2018,4,Newfoundland and Labrador,99.0,,0.0
2018-05-01,2018,5,Newfoundland and Labrador,98.9,,-0.10101010101009056
2018-06-01,2018,6,Newfoundland and Labrador,98.7,,-0.2022244691607722
2018-07-01,2018,7,Newfoundland and Labrador,98.9,,0.20263424518744966
2018-08-01,2018,8,Newfoundland and Labrador,98.9,,0.0
2018-09-01,2018,9,Newfoundland and Labrador,98.5,,-0.4044489383215444
2018-10-01,2018,10,Newfoundland and Labrador,98.4,,-0.10152284263958977
2018-11-01,2018,11,Newfoundland and Labrador,98.0,,-0.40650406504065817
2018-12-01,2018,12,Newfoundland and Labrador,98.1,,0.10204081632652073
2019-01-01,2019,1,Newfoundland and Labrador,98.1,,0.0
2019-02-01,2019,2,Newfoundland and Labrador,98.1,,0.0
2019-03-01,2019,3,Newfoundland and Labrador,98.1,,0.0
2019-04-01,2019,4,Newfoundland and Labrador,97.8,,-0.3058103975535187
2019-05-01,2019,5,Newfoundland and Labrador,97.8,,0.0
2019-06-01,2019,6,Newfoundland and Labrador,97.3,,-0.5112474437627856
2019-07-01,2019,7,Newfoundland and Labrador,97.1,,-0.20554984583761593
2019-08-01,2019,8,Newfoundland and Labrador,96.9,,-0.2059732234809375
2019-09-01,2019,9,Newfoundland and Labrador,97.0,,0.10319917440659854
2019-10-01,2019,10,Newfoundland and Labrador,97.3,,0.3092783505154628
2019-11-01,2019,11,Newfoundland and Labrador,97.4,,0.10277492291881352
2019-12-01,2019,12,Newfoundland and Labrador,97.4,,0.0
2020-01-01,2020,1,Newfoundland and Labrador,97.4,,0.0
2020-02-01,2020,2,Newfoundland and Labrador,97.4,,0.0
2020-03-01,2020,3,Newfoundland and Labrador,97.2,,-0.2053388090349051
2020-04-01,2020,4,Newfoundland and Labrador,97.2,,0.0
2020-05-01,2020,5,Newfoundland and Labrador,97.2,,0.0
2020-06-01,2020,6,Newfoundland and Labrador,97.2,,0.0
2020-07-01,2020,7,Newfoundland and Labrador,96.9,,-0.30864197530864335
2020-08-01,2020,8,Newfoundland and Labrador,96.9,,0.0
2020-09-01,2020,9,Newfoundland and Labrador,98.0,,1.1351909184726505
2020-10-01,2020,10,Newfoundland and Labrador,100.0,,2.0408163265306145
2020-11-01,2020,11,Newfoundland and Labrador,100.5,,0.49999999999998934
2020-12-01,2020,12,Newfoundland and Labrador,100.7,,0.19900497512437276
2021-01-01,2021,1,Newfoundland and Labrador,100.7,,0.0
2021-02-01,2021,2,Newfoundland and Labrador,100.7,,0.0
2021-03-01,2021,3,Newfoundland and Labrador,101.5,,0.7944389275074348
2021-04-01,2021,4,Newfoundland and Labrador,102.1,,0.5911330049261032
2021-05-01,2021,5,Newfoundland and Labrador,101.7,,-0.3917727717923536
2021-06-01,2021,6,Newfoundland and Labrador,102.2,,0.4916420845624492
2021-07-01,2021,7,Newfoundland and Labrador,102.3,,0.09784735812132794
2021-08-01,2021,8,Newfoundland and Labrador,102.8,,0.4887585532746819
2021-09-01,2021,9,Newfoundland and Labrador,102.3,,-0.4863813229571967
2021-10-01,2021,10,Newfoundland and Labrador,102.3,,0.0
2021-11-01,2021,11,Newfoundland and Labrador,103.5,,1.1730205278592365
2021-12-01,2021,12,Newfoundland and Labrador,103.5,,0.0
2022-01-01,2022,1,Newfoundland and Labrador,104.7,,1.1594202898550732
2022-02-01,2022,2,Newfoundland and Labrador,104.7,,0.0
2022-03-01,2022,3,Newfoundland and Labrador,104.7,,0.0
2022-04-01,2022,4,Newfoundland and Labrador,104.7,,0.0
2022-05-01,2022,5,Newfoundland and Labrador,104.7,,0.0
2022-06-01,2022,6,Newfoundland and Labrador,105.2,,0.47755491881567025
2022-07-01,2022,7,Newfoundland and Labrador,105.2,,0.0
2022-08-01,2022,8,Newfoundland and Labrador,105.2,,0.0
2022-09-01,2022,9,Newfoundland and Labrador,105.6,,0.3802281368821214
2022-10-01,2022,10,Newfoundland and Labrador,105.6,,0.0
2022-11-01,2022,11,Newfoundland and Labrador,105.6,,0.0
2022-12-01,2022,12,Newfoundland and Labrador,105.6,,0.0
2023-01-01,2023,1,Newfoundland and Labrador,106.2,,0.5681818181818343
2023-02-01,2023,2,Newfoundland and Labrador,106.2,,0.0
2023-03-01,2023,3,Newfoundland and Labrador,106.2,,0.0
2023-04-01,2023,4,Newfoundland and Labrador,105.8,,-0.37664783427495685
2023-05-01,2023,5,Newfoundland and Labrador,105.8,,0.0
2023-06-01,2023,6,Newfoundland and Labrador,105.8,,0.0
2023-07-01,2023,7,Newfoundland and Labrador,106.9,,1.03969754253308
2023-08-01,2023,8,Newfoundland and Labrador,106.9,,0.0
2023-09-01,2023,9,Newfoundland and Labrador,106.9,,0.0
2023-10-01,2023,10,Newfoundland and Labrador,106.9,,0.0
2023-11-01,2023,11,Newfoundland and Labrador,105.8,,-1.0289990645463098
2023-12-01,2023,12,Newfoundland and Labrador,105.8,,0.0
2024-01-01,2024,1,Newfoundland and Labrador,105.8,,0.0
2024-02-01,2024,2,Newfoundland and Labrador,105.8,,0.0
2024-03-01,2024,3,Newfoundland and Labrador,105.7,,-0.0945179584120881
2024-04-01,2024,4,Newfoundland and Labrador,105.7,,0.0
2024-05-01,2024,5,Newfoundland and Labrador,106.1,,0.37842951750235443
2024-06-01,2024,6,Newfoundland and Labrador,107.1,,0.9425070688030113
2024-07-01,2024,7,Newfoundland and Labrador,107.1,,0.0
2024-08-01,2024,8,Newfoundland and Labrador,107.1,,0.0
2024-09-01,2024,9,Newfoundland and Labrador,107.1,,0.0
2024-10-01,2024,10,Newfoundland and Labrador,107.1,,0.0
2024-11-01,2024,11,Newfoundland and Labrador,107.1,,0.0
2024-12-01,2024,12,Newfoundland and Labrador,107.1,,0.0
2025-01-01,2025,1,Newfoundland and Labrador,107.1,,0.0
2025-02-01,2025,2,Newfoundland and Labrador,109.1,,1.8674136321195078
2025-03-01,2025,3,Newfoundland and Labrador,109.1,,0.0
2025-04-01,2025,4,Newfoundland and Labrador,109.8,,0.6416131989001039
2025-05-01,2025,5,Newfoundland and Labrador,109.8,,0.0
2025-06-01,2025,6,Newfoundland and Labrador,109.8,,0.0
2025-07-01,2025,7,Newfoundland and Labrador,109.8,,0.0
2025-08-01,2025,8,Newfoundland and Labrador,109.8,,0.0
2025-09-01,2025,9,Newfoundland and Labrador,109.8,,0.0
2025-10-01,2025,10,Newfoundland and Labrador,109.8,,0.0
2025-11-01,2025,11,Newfoundland and Labrador,109.8,,0.0
2025-12-01,2025,12,Newfoundland and Labrador,109.8,,0.0
2026-01-01,2026,1,Newfoundland and Labrador,109.8,,0.0
2026-02-01,2026,2,Newfoundland and Labrador,109.8,,0.0
2026-03-01,2026,3,Newfoundland and Labrador,109.8,,0.0
2026-04-01,2026,4,Newfoundland and Labrador,109.8,,0.0
2026-05-01,2026,5,Newfoundland and Labrador,109.8,,0.0
2026-06-01,2026,6,Newfoundland and Labrador,109.8,,0.0
1986-01-01,1986,1,Nova Scotia,50.7,,
1986-02-01,1986,2,Nova Scotia,50.7,,0.0
1986-03-01,1986,3,Nova Scotia,50.7,,0.0
1986-04-01,1986,4,Nova Scotia,51.1,,0.7889546351084853
1986-05-01,1986,5,Nova Scotia,50.8,,-0.5870841487279899
1986-06-01,1986,6,Nova Scotia,50.8,,0.0
1986-07-01,1986,7,Nova Scotia,50.8,,0.0
1986-08-01,1986,8,Nova Scotia,50.9,,0.19685039370078705
1986-09-01,1986,9,Nova Scotia,51.1,,0.39292730844793233
1986-10-01,1986,10,Nova Scotia,51.2,,0.1956947162426559
1986-11-01,1986,11,Nova Scotia,51.5,,0.5859375
1986-12-01,1986,12,Nova Scotia,51.5,,0.0
1987-01-01,1987,1,Nova Scotia,51.5,,0.0
1987-02-01,1987,2,Nova Scotia,51.8,,0.5825242718446644
1987-03-01,1987,3,Nova Scotia,51.8,,0.0
1987-04-01,1987,4,Nova Scotia,51.8,,0.0
1987-05-01,1987,5,Nova Scotia,52.6,,1.5444015444015635
1987-06-01,1987,6,Nova Scotia,52.9,,0.5703422053231932
1987-07-01,1987,7,Nova Scotia,52.9,,0.0
1987-08-01,1987,8,Nova Scotia,53.1,,0.3780718336483968
1987-09-01,1987,9,Nova Scotia,53.3,,0.37664783427493465
1987-10-01,1987,10,Nova Scotia,53.3,,0.0
1987-11-01,1987,11,Nova Scotia,53.7,,0.7504690431519911
1987-12-01,1987,12,Nova Scotia,53.7,,0.0
1988-01-01,1988,1,Nova Scotia,53.7,,0.0
1988-02-01,1988,2,Nova Scotia,54.2,,0.9310986964618184
1988-03-01,1988,3,Nova Scotia,54.3,,0.18450184501843658
1988-04-01,1988,4,Nova Scotia,54.3,,0.0
1988-05-01,1988,5,Nova Scotia,54.4,,0.18416206261511192
1988-06-01,1988,6,Nova Scotia,54.6,,0.3676470588235281
1988-07-01,1988,7,Nova Scotia,54.6,,0.0
1988-08-01,1988,8,Nova Scotia,54.6,,0.0
1988-09-01,1988,9,Nova Scotia,55.3,,1.2820512820512775
1988-10-01,1988,10,Nova Scotia,55.3,,0.0
1988-11-01,1988,11,Nova Scotia,55.5,,0.3616636528029016
1988-12-01,1988,12,Nova Scotia,55.5,,0.0
1989-01-01,1989,1,Nova Scotia,55.6,,0.18018018018017834
1989-02-01,1989,2,Nova Scotia,55.7,,0.17985611510791255
1989-03-01,1989,3,Nova Scotia,55.7,,0.0
1989-04-01,1989,4,Nova Scotia,55.7,,0.0
1989-05-01,1989,5,Nova Scotia,55.7,,0.0
1989-06-01,1989,6,Nova Scotia,55.7,,0.0
1989-07-01,1989,7,Nova Scotia,55.7,,0.0
1989-08-01,1989,8,Nova Scotia,55.7,,0.0
1989-09-01,1989,9,Nova Scotia,55.7,,0.0
1989-10-01,1989,10,Nova Scotia,55.7,,0.0
1989-11-01,1989,11,Nova Scotia,55.7,,0.0
1989-12-01,1989,12,Nova Scotia,55.7,,0.0
1990-01-01,1990,1,Nova Scotia,55.7,,0.0
1990-02-01,1990,2,Nova Scotia,55.9,,0.35906642728904536
1990-03-01,1990,3,Nova Scotia,55.9,,0.0
1990-04-01,1990,4,Nova Scotia,55.9,,0.0
1990-05-01,1990,5,Nova Scotia,55.9,,0.0
1990-06-01,1990,6,Nova Scotia,55.9,,0.0
1990-07-01,1990,7,Nova Scotia,55.9,,0.0
1990-08-01,1990,8,Nova Scotia,55.9,,0.0
1990-09-01,1990,9,Nova Scotia,55.9,,0.0
1990-10-01,1990,10,Nova Scotia,55.9,,0.0
1990-11-01,1990,11,Nova Scotia,55.7,,-0.3577817531305816
1990-12-01,1990,12,Nova Scotia,55.7,,0.0
1991-01-01,1991,1,Nova Scotia,55.7,,0.0
1991-02-01,1991,2,Nova Scotia,55.6,,-0.17953321364452268
1991-03-01,1991,3,Nova Scotia,55.6,,0.0
1991-04-01,1991,4,Nova Scotia,55.6,,0.0
1991-05-01,1991,5,Nova Scotia,55.7,,0.17985611510791255
1991-06-01,1991,6,Nova Scotia,55.7,,0.0
1991-07-01,1991,7,Nova Scotia,55.7,,0.0
1991-08-01,1991,8,Nova Scotia,55.7,,0.0
1991-09-01,1991,9,Nova Scotia,55.7,,0.0
1991-10-01,1991,10,Nova Scotia,55.9,,0.35906642728904536
1991-11-01,1991,11,Nova Scotia,55.8,,-0.17889087656529634
1991-12-01,1991,12,Nova Scotia,55.9,,0.17921146953405742
1992-01-01,1992,1,Nova Scotia,55.9,,0.0
1992-02-01,1992,2,Nova Scotia,55.9,,0.0
1992-03-01,1992,3,Nova Scotia,56.0,,0.17889087656530744
1992-04-01,1992,4,Nova Scotia,56.0,,0.0
1992-05-01,1992,5,Nova Scotia,56.5,,0.8928571428571397
1992-06-01,1992,6,Nova Scotia,56.5,,0.0
1992-07-01,1992,7,Nova Scotia,56.5,,0.0
1992-08-01,1992,8,Nova Scotia,56.4,,-0.1769911504424848
1992-09-01,1992,9,Nova Scotia,56.7,,0.5319148936170359
1992-10-01,1992,10,Nova Scotia,56.6,,-0.17636684303351524
1992-11-01,1992,11,Nova Scotia,56.6,,0.0
1992-12-01,1992,12,Nova Scotia,56.6,,0.0
1993-01-01,1993,1,Nova Scotia,56.6,,0.0
1993-02-01,1993,2,Nova Scotia,56.6,,0.0
1993-03-01,1993,3,Nova Scotia,57.9,,2.29681978798586
1993-04-01,1993,4,Nova Scotia,58.0,,0.17271157167531026
1993-05-01,1993,5,Nova Scotia,58.3,,0.5172413793103292
1993-06-01,1993,6,Nova Scotia,58.3,,0.0
1993-07-01,1993,7,Nova Scotia,58.3,,0.0
1993-08-01,1993,8,Nova Scotia,58.3,,0.0
1993-09-01,1993,9,Nova Scotia,58.3,,0.0
1993-10-01,1993,10,Nova Scotia,58.4,,0.17152658662091813
1993-11-01,1993,11,Nova Scotia,58.7,,0.5136986301369939
1993-12-01,1993,12,Nova Scotia,58.7,,0.0
1994-01-01,1994,1,Nova Scotia,58.7,,0.0
1994-02-01,1994,2,Nova Scotia,58.7,,0.0
1994-03-01,1994,3,Nova Scotia,58.7,,0.0
1994-04-01,1994,4,Nova Scotia,58.7,,0.0
1994-05-01,1994,5,Nova Scotia,59.1,,0.6814310051107331
1994-06-01,1994,6,Nova Scotia,59.1,,0.0
1994-07-01,1994,7,Nova Scotia,59.3,,0.33840947546530664
1994-08-01,1994,8,Nova Scotia,60.5,,2.023608768971341
1994-09-01,1994,9,Nova Scotia,60.5,,0.0
1994-10-01,1994,10,Nova Scotia,60.7,,0.33057851239670644
1994-11-01,1994,11,Nova Scotia,60.9,,0.32948929159801743
1994-12-01,1994,12,Nova Scotia,60.9,,0.0
1995-01-01,1995,1,Nova Scotia,61.0,,0.16420361247948545
1995-02-01,1995,2,Nova Scotia,61.0,,0.0
1995-03-01,1995,3,Nova Scotia,61.2,,0.3278688524590123
1995-04-01,1995,4,Nova Scotia,61.2,,0.0
1995-05-01,1995,5,Nova Scotia,61.3,,0.16339869281045694
1995-06-01,1995,6,Nova Scotia,61.3,,0.0
1995-07-01,1995,7,Nova Scotia,61.3,,0.0
1995-08-01,1995,8,Nova Scotia,61.7,,0.6525285481239873
1995-09-01,1995,9,Nova Scotia,61.7,,0.0
1995-10-01,1995,10,Nova Scotia,61.7,,0.0
1995-11-01,1995,11,Nova Scotia,61.8,,0.16207455429497752
1995-12-01,1995,12,Nova Scotia,61.8,,0.0
1996-01-01,1996,1,Nova Scotia,61.8,,0.0
1996-02-01,1996,2,Nova Scotia,61.8,,0.0
1996-03-01,1996,3,Nova Scotia,61.5,,-0.4854368932038833
1996-04-01,1996,4,Nova Scotia,61.7,,0.3252032520325354
1996-05-01,1996,5,Nova Scotia,61.8,,0.16207455429497752
1996-06-01,1996,6,Nova Scotia,61.9,,0.16181229773462036
1996-07-01,1996,7,Nova Scotia,62.1,,0.3231017770597866
1996-08-01,1996,8,Nova Scotia,62.0,,-0.16103059581320522
1996-09-01,1996,9,Nova Scotia,62.0,,0.0
1996-10-01,1996,10,Nova Scotia,61.9,,-0.1612903225806428
1996-11-01,1996,11,Nova Scotia,61.9,,0.0
1996-12-01,1996,12,Nova Scotia,61.9,,0.0
1997-01-01,1997,1,Nova Scotia,61.6,,-0.4846526655896577
1997-02-01,1997,2,Nova Scotia,61.8,,0.32467532467532756
1997-03-01,1997,3,Nova Scotia,61.8,,0.0
1997-04-01,1997,4,Nova Scotia,60.3,,-2.4271844660194164
1997-05-01,1997,5,Nova Scotia,59.5,,-1.3266998341625147
1997-06-01,1997,6,Nova Scotia,59.6,,0.1680672268907557
1997-07-01,1997,7,Nova Scotia,59.6,,0.0
1997-08-01,1997,8,Nova Scotia,60.2,,1.0067114093959662
1997-09-01,1997,9,Nova Scotia,60.2,,0.0
1997-10-01,1997,10,Nova Scotia,60.1,,-0.16611295681063787
1997-11-01,1997,11,Nova Scotia,60.2,,0.16638935108153063
1997-12-01,1997,12,Nova Scotia,60.2,,0.0
1998-01-01,1998,1,Nova Scotia,60.2,,0.0
1998-02-01,1998,2,Nova Scotia,60.2,,0.0
1998-03-01,1998,3,Nova Scotia,60.2,,0.0
1998-04-01,1998,4,Nova Scotia,61.2,,1.661129568106312
1998-05-01,1998,5,Nova Scotia,61.4,,0.32679738562091387
1998-06-01,1998,6,Nova Scotia,61.4,,0.0
1998-07-01,1998,7,Nova Scotia,60.7,,-1.140065146579794
1998-08-01,1998,8,Nova Scotia,61.0,,0.49423393739702615
1998-09-01,1998,9,Nova Scotia,61.0,,0.0
1998-10-01,1998,10,Nova Scotia,61.1,,0.16393442622950616
1998-11-01,1998,11,Nova Scotia,61.1,,0.0
1998-12-01,1998,12,Nova Scotia,61.1,,0.0
1999-01-01,1999,1,Nova Scotia,62.1,,1.6366612111292866
1999-02-01,1999,2,Nova Scotia,62.1,,0.0
1999-03-01,1999,3,Nova Scotia,62.1,,0.0
1999-04-01,1999,4,Nova Scotia,62.1,,0.0
1999-05-01,1999,5,Nova Scotia,62.2,,0.16103059581320522
1999-06-01,1999,6,Nova Scotia,62.6,,0.6430868167202508
1999-07-01,1999,7,Nova Scotia,63.0,,0.6389776357827559
1999-08-01,1999,8,Nova Scotia,63.3,,0.4761904761904745
1999-09-01,1999,9,Nova Scotia,63.3,,0.0
1999-10-01,1999,10,Nova Scotia,63.7,,0.6319115323854652
1999-11-01,1999,11,Nova Scotia,63.9,,0.31397174254317317
1999-12-01,1999,12,Nova Scotia,63.9,,0.0
2000-01-01,2000,1,Nova Scotia,63.9,,0.0
2000-02-01,2000,2,Nova Scotia,64.1,,0.3129890453833939
2000-03-01,2000,3,Nova Scotia,64.1,,0.0
2000-04-01,2000,4,Nova Scotia,65.0,,1.404056162246503
2000-05-01,2000,5,Nova Scotia,65.0,,0.0
2000-06-01,2000,6,Nova Scotia,65.0,,0.0
2000-07-01,2000,7,Nova Scotia,65.1,,0.15384615384614886
2000-08-01,2000,8,Nova Scotia,65.1,,0.0
2000-09-01,2000,9,Nova Scotia,64.8,,-0.4608294930875556
2000-10-01,2000,10,Nova Scotia,65.1,,0.4629629629629539
2000-11-01,2000,11,Nova Scotia,65.8,,1.0752688172043001
2000-12-01,2000,12,Nova Scotia,65.8,,0.0
2001-01-01,2001,1,Nova Scotia,66.3,,0.7598784194528863
2001-02-01,2001,2,Nova Scotia,66.3,,0.0
2001-03-01,2001,3,Nova Scotia,66.3,,0.0
2001-04-01,2001,4,Nova Scotia,66.3,,0.0
2001-05-01,2001,5,Nova Scotia,66.4,,0.15082956259429015
2001-06-01,2001,6,Nova Scotia,66.4,,0.0
2001-07-01,2001,7,Nova Scotia,66.4,,0.0
2001-08-01,2001,8,Nova Scotia,66.9,,0.7530120481927804
2001-09-01,2001,9,Nova Scotia,66.9,,0.0
2001-10-01,2001,10,Nova Scotia,67.2,,0.4484304932735439
2001-11-01,2001,11,Nova Scotia,67.6,,0.5952380952380931
2001-12-01,2001,12,Nova Scotia,67.6,,0.0
2002-01-01,2002,1,Nova Scotia,68.3,,1.0355029585798814
2002-02-01,2002,2,Nova Scotia,68.3,,0.0
2002-03-01,2002,3,Nova Scotia,68.3,,0.0
2002-04-01,2002,4,Nova Scotia,69.0,,1.024890190336758
2002-05-01,2002,5,Nova Scotia,69.1,,0.14492753623187582
2002-06-01,2002,6,Nova Scotia,69.1,,0.0
2002-07-01,2002,7,Nova Scotia,69.3,,0.28943560057888007
2002-08-01,2002,8,Nova Scotia,69.4,,0.14430014430015792
2002-09-01,2002,9,Nova Scotia,69.4,,0.0
2002-10-01,2002,10,Nova Scotia,69.4,,0.0
2002-11-01,2002,11,Nova Scotia,70.0,,0.8645533141210304
2002-12-01,2002,12,Nova Scotia,70.0,,0.0
2003-01-01,2003,1,Nova Scotia,70.7,,1.0000000000000009
2003-02-01,2003,2,Nova Scotia,70.7,,0.0
2003-03-01,2003,3,Nova Scotia,70.8,,0.14144271570013522
2003-04-01,2003,4,Nova Scotia,72.1,,1.836158192090398
2003-05-01,2003,5,Nova Scotia,72.3,,0.277392510402219
2003-06-01,2003,6,Nova Scotia,72.3,,0.0
2003-07-01,2003,7,Nova Scotia,72.3,,0.0
2003-08-01,2003,8,Nova Scotia,72.3,,0.0
2003-09-01,2003,9,Nova Scotia,72.3,,0.0
2003-10-01,2003,10,Nova Scotia,72.3,,0.0
2003-11-01,2003,11,Nova Scotia,72.3,,0.0
2003-12-01,2003,12,Nova Scotia,73.2,,1.2448132780083165
2004-01-01,2004,1,Nova Scotia,73.2,,0.0
2004-02-01,2004,2,Nova Scotia,73.2,,0.0
2004-03-01,2004,3,Nova Scotia,73.2,,0.0
2004-04-01,2004,4,Nova Scotia,73.2,,0.0
2004-05-01,2004,5,Nova Scotia,73.6,,0.5464480874316724
2004-06-01,2004,6,Nova Scotia,73.6,,0.0
2004-07-01,2004,7,Nova Scotia,73.6,,0.0
2004-08-01,2004,8,Nova Scotia,73.6,,0.0
2004-09-01,2004,9,Nova Scotia,73.6,,0.0
2004-10-01,2004,10,Nova Scotia,73.6,,0.0
2004-11-01,2004,11,Nova Scotia,73.6,,0.0
2004-12-01,2004,12,Nova Scotia,73.6,,0.0
2005-01-01,2005,1,Nova Scotia,73.6,,0.0
2005-02-01,2005,2,Nova Scotia,73.6,,0.0
2005-03-01,2005,3,Nova Scotia,73.6,,0.0
2005-04-01,2005,4,Nova Scotia,73.6,,0.0
2005-05-01,2005,5,Nova Scotia,73.6,,0.0
2005-06-01,2005,6,Nova Scotia,73.6,,0.0
2005-07-01,2005,7,Nova Scotia,74.0,,0.5434782608695787
2005-08-01,2005,8,Nova Scotia,77.2,,4.324324324324325
2005-09-01,2005,9,Nova Scotia,78.4,,1.5544041450777257
2005-10-01,2005,10,Nova Scotia,78.4,,0.0
2005-11-01,2005,11,Nova Scotia,78.4,,0.0
2005-12-01,2005,12,Nova Scotia,78.4,,0.0
2006-01-01,2006,1,Nova Scotia,78.4,,0.0
2006-02-01,2006,2,Nova Scotia,78.4,,0.0
2006-03-01,2006,3,Nova Scotia,78.4,,0.0
2006-04-01,2006,4,Nova Scotia,78.4,,0.0
2006-05-01,2006,5,Nova Scotia,78.6,,0.25510204081631294
2006-06-01,2006,6,Nova Scotia,78.7,,0.12722646310434627
2006-07-01,2006,7,Nova Scotia,79.0,,0.3811944091486552
2006-08-01,2006,8,Nova Scotia,79.0,,0.0
2006-09-01,2006,9,Nova Scotia,79.0,,0.0
2006-10-01,2006,10,Nova Scotia,79.0,,0.0
2006-11-01,2006,11,Nova Scotia,79.4,,0.5063291139240533
2006-12-01,2006,12,Nova Scotia,79.4,,0.0
2007-01-01,2007,1,Nova Scotia,79.4,,0.0
2007-02-01,2007,2,Nova Scotia,79.4,,0.0
2007-03-01,2007,3,Nova Scotia,79.4,,0.0
2007-04-01,2007,4,Nova Scotia,80.4,,1.2594458438287104
2007-05-01,2007,5,Nova Scotia,84.2,,4.726368159203975
2007-06-01,2007,6,Nova Scotia,84.2,,0.0
2007-07-01,2007,7,Nova Scotia,84.3,,0.11876484560569
2007-08-01,2007,8,Nova Scotia,84.4,,0.11862396204034287
2007-09-01,2007,9,Nova Scotia,84.7,,0.35545023696681444
2007-10-01,2007,10,Nova Scotia,84.7,,0.0
2007-11-01,2007,11,Nova Scotia,87.6,,3.423848878394331
2007-12-01,2007,12,Nova Scotia,87.6,,0.0
2008-01-01,2008,1,Nova Scotia,88.4,,0.9132420091324311
2008-02-01,2008,2,Nova Scotia,88.4,,0.0
2008-03-01,2008,3,Nova Scotia,89.5,,1.2443438914027105
2008-04-01,2008,4,Nova Scotia,89.5,,0.0
2008-05-01,2008,5,Nova Scotia,89.9,,0.4469273743016755
2008-06-01,2008,6,Nova Scotia,90.3,,0.4449388209121219
2008-07-01,2008,7,Nova Scotia,90.5,,0.22148394241416902
2008-08-01,2008,8,Nova Scotia,90.5,,0.0
2008-09-01,2008,9,Nova Scotia,90.6,,0.11049723756906271
2008-10-01,2008,10,Nova Scotia,90.7,,0.11037527593820151
2008-11-01,2008,11,Nova Scotia,90.7,,0.0
2008-12-01,2008,12,Nova Scotia,90.8,,0.11025358324145973
2009-01-01,2009,1,Nova Scotia,90.8,,0.0
2009-02-01,2009,2,Nova Scotia,90.9,,0.11013215859032588
2009-03-01,2009,3,Nova Scotia,90.9,,0.0
2009-04-01,2009,4,Nova Scotia,90.9,,0.0
2009-05-01,2009,5,Nova Scotia,90.9,,0.0
2009-06-01,2009,6,Nova Scotia,90.9,,0.0
2009-07-01,2009,7,Nova Scotia,90.9,,0.0
2009-08-01,2009,8,Nova Scotia,90.9,,0.0
2009-09-01,2009,9,Nova Scotia,91.1,,0.22002200220021528
2009-10-01,2009,10,Nova Scotia,91.1,,0.0
2009-11-01,2009,11,Nova Scotia,91.3,,0.2195389681668436
2009-12-01,2009,12,Nova Scotia,91.3,,0.0
2010-01-01,2010,1,Nova Scotia,91.4,,0.10952902519167917
2010-02-01,2010,2,Nova Scotia,91.4,,0.0
2010-03-01,2010,3,Nova Scotia,91.5,,0.1094091903719896
2010-04-01,2010,4,Nova Scotia,91.5,,0.0
2010-05-01,2010,5,Nova Scotia,91.6,,0.10928961748633004
2010-06-01,2010,6,Nova Scotia,91.7,,0.10917030567687558
2010-07-01,2010,7,Nova Scotia,91.7,,0.0
2010-08-01,2010,8,Nova Scotia,91.7,,0.0
2010-09-01,2010,9,Nova Scotia,91.7,,0.0
2010-10-01,2010,10,Nova Scotia,91.7,,0.0
2010-11-01,2010,11,Nova Scotia,92.8,,1.1995637949836269
2010-12-01,2010,12,Nova Scotia,93.1,,0.3232758620689724
2011-01-01,2011,1,Nova Scotia,93.1,,0.0
2011-02-01,2011,2,Nova Scotia,93.1,,0.0
2011-03-01,2011,3,Nova Scotia,93.1,,0.0
2011-04-01,2011,4,Nova Scotia,93.1,,0.0
2011-05-01,2011,5,Nova Scotia,93.1,,0.0
2011-06-01,2011,6,Nova Scotia,93.1,,0.0
2011-07-01,2011,7,Nova Scotia,93.2,,0.10741138560688146
2011-08-01,2011,8,Nova Scotia,93.2,,0.0
2011-09-01,2011,9,Nova Scotia,93.9,,0.7510729613734002
2011-10-01,2011,10,Nova Scotia,93.9,,0.0
2011-11-01,2011,11,Nova Scotia,93.9,,0.0
2011-12-01,2011,12,Nova Scotia,93.9,,0.0
2012-01-01,2012,1,Nova Scotia,93.9,,0.0
2012-02-01,2012,2,Nova Scotia,95.0,,1.1714589989350266
2012-03-01,2012,3,Nova Scotia,95.0,,0.0
2012-04-01,2012,4,Nova Scotia,95.0,,0.0
2012-05-01,2012,5,Nova Scotia,95.2,,0.21052631578948322
2012-06-01,2012,6,Nova Scotia,95.0,,-0.21008403361344463
2012-07-01,2012,7,Nova Scotia,95.5,,0.5263157894736858
2012-08-01,2012,8,Nova Scotia,95.9,,0.41884816753927634
2012-09-01,2012,9,Nova Scotia,95.8,,-0.10427528675704956
2012-10-01,2012,10,Nova Scotia,95.8,,0.0
2012-11-01,2012,11,Nova Scotia,96.3,,0.5219206680584509
2012-12-01,2012,12,Nova Scotia,96.5,,0.20768431983384517
2013-01-01,2013,1,Nova Scotia,96.6,,0.10362694300518616
2013-02-01,2013,2,Nova Scotia,97.6,,1.0351966873705987
2013-03-01,2013,3,Nova Scotia,97.6,,0.0
2013-04-01,2013,4,Nova Scotia,97.6,,0.0
2013-05-01,2013,5,Nova Scotia,97.9,,0.30737704918033515
2013-06-01,2013,6,Nova Scotia,97.8,,-0.10214504596527396
2013-07-01,2013,7,Nova Scotia,98.2,,0.4089979550102374
2013-08-01,2013,8,Nova Scotia,98.1,,-0.10183299389002753
2013-09-01,2013,9,Nova Scotia,98.2,,0.10193679918450993
2013-10-01,2013,10,Nova Scotia,98.2,,0.0
2013-11-01,2013,11,Nova Scotia,98.2,,0.0
2013-12-01,2013,12,Nova Scotia,98.1,,-0.10183299389002753
2014-01-01,2014,1,Nova Scotia,98.1,,0.0
2014-02-01,2014,2,Nova Scotia,98.0,,-0.10193679918449883
2014-03-01,2014,3,Nova Scotia,98.1,,0.10204081632652073
2014-04-01,2014,4,Nova Scotia,98.1,,0.0
2014-05-01,2014,5,Nova Scotia,98.1,,0.0
2014-06-01,2014,6,Nova Scotia,98.0,,-0.10193679918449883
2014-07-01,2014,7,Nova Scotia,98.0,,0.0
2014-08-01,2014,8,Nova Scotia,98.0,,0.0
2014-09-01,2014,9,Nova Scotia,98.3,,0.3061224489795844
2014-10-01,2014,10,Nova Scotia,98.4,,0.10172939979655737
2014-11-01,2014,11,Nova Scotia,98.4,,0.0
2014-12-01,2014,12,Nova Scotia,98.4,,0.0
2015-01-01,2015,1,Nova Scotia,98.4,,0.0
2015-02-01,2015,2,Nova Scotia,98.8,,0.40650406504063596
2015-03-01,2015,3,Nova Scotia,98.9,,0.10121457489880026
2015-04-01,2015,4,Nova Scotia,98.9,,0.0
2015-05-01,2015,5,Nova Scotia,99.0,,0.10111223458038054
2015-06-01,2015,6,Nova Scotia,99.1,,0.10101010101009056
2015-07-01,2015,7,Nova Scotia,99.0,,-0.10090817356205317
2015-08-01,2015,8,Nova Scotia,99.0,,0.0
2015-09-01,2015,9,Nova Scotia,99.0,,0.0
2015-10-01,2015,10,Nova Scotia,99.1,,0.10101010101009056
2015-11-01,2015,11,Nova Scotia,98.7,,-0.4036326942482238
2015-12-01,2015,12,Nova Scotia,98.9,,0.20263424518744966
2016-01-01,2016,1,Nova Scotia,98.9,,0.0
2016-02-01,2016,2,Nova Scotia,98.9,,0.0
2016-03-01,2016,3,Nova Scotia,98.9,,0.0
2016-04-01,2016,4,Nova Scotia,98.9,,0.0
2016-05-01,2016,5,Nova Scotia,99.0,,0.10111223458038054
2016-06-01,2016,6,Nova Scotia,99.0,,0.0
2016-07-01,2016,7,Nova Scotia,99.3,,0.3030303030302939
2016-08-01,2016,8,Nova Scotia,99.3,,0.0
2016-09-01,2016,9,Nova Scotia,99.3,,0.0
2016-10-01,2016,10,Nova Scotia,99.8,,0.5035246727089548
2016-11-01,2016,11,Nova Scotia,100.0,,0.20040080160321772
2016-12-01,2016,12,Nova Scotia,100.0,,0.0
2017-01-01,2017,1,Nova Scotia,100.2,,0.20000000000000018
2017-02-01,2017,2,Nova Scotia,100.2,,0.0
2017-03-01,2017,3,Nova Scotia,100.2,,0.0
2017-04-01,2017,4,Nova Scotia,100.0,,-0.1996007984031989
2017-05-01,2017,5,Nova Scotia,100.4,,0.40000000000000036
2017-06-01,2017,6,Nova Scotia,100.4,,0.0
2017-07-01,2017,7,Nova Scotia,100.8,,0.3984063745019917
2017-08-01,2017,8,Nova Scotia,100.7,,-0.09920634920634885
2017-09-01,2017,9,Nova Scotia,100.8,,0.09930486593843213
2017-10-01,2017,10,Nova Scotia,101.1,,0.29761904761904656
2017-11-01,2017,11,Nova Scotia,101.1,,0.0
2017-12-01,2017,12,Nova Scotia,101.0,,-0.09891196834816984
2018-01-01,2018,1,Nova Scotia,101.0,,0.0
2018-02-01,2018,2,Nova Scotia,101.0,,0.0
2018-03-01,2018,3,Nova Scotia,101.5,,0.4950495049504955
2018-04-01,2018,4,Nova Scotia,101.9,,0.3940886699507429
2018-05-01,2018,5,Nova Scotia,101.8,,-0.09813542688911214
2018-06-01,2018,6,Nova Scotia,101.8,,0.0
2018-07-01,2018,7,Nova Scotia,102.0,,0.19646365422396617
2018-08-01,2018,8,Nova Scotia,102.0,,0.0
2018-09-01,2018,9,Nova Scotia,101.7,,-0.2941176470588225
2018-10-01,2018,10,Nova Scotia,101.6,,-0.0983284169124965
2018-11-01,2018,11,Nova Scotia,101.6,,0.0
2018-12-01,2018,12,Nova Scotia,101.6,,0.0
2019-01-01,2019,1,Nova Scotia,101.9,,0.2952755905512028
2019-02-01,2019,2,Nova Scotia,102.1,,0.19627085377820208
2019-03-01,2019,3,Nova Scotia,102.1,,0.0
2019-04-01,2019,4,Nova Scotia,102.1,,0.0
2019-05-01,2019,5,Nova Scotia,102.5,,0.3917727717923647
2019-06-01,2019,6,Nova Scotia,102.5,,0.0
2019-07-01,2019,7,Nova Scotia,102.7,,0.19512195121951237
2019-08-01,2019,8,Nova Scotia,102.5,,-0.19474196689386325
2019-09-01,2019,9,Nova Scotia,102.5,,0.0
2019-10-01,2019,10,Nova Scotia,102.5,,0.0
2019-11-01,2019,11,Nova Scotia,102.5,,0.0
2019-12-01,2019,12,Nova Scotia,102.5,,0.0
2020-01-01,2020,1,Nova Scotia,102.9,,0.39024390243902474
2020-02-01,2020,2,Nova Scotia,103.6,,0.680272108843516
2020-03-01,2020,3,Nova Scotia,103.8,,0.19305019305020377
2020-04-01,2020,4,Nova Scotia,103.9,,0.09633911368016612
2020-05-01,2020,5,Nova Scotia,104.4,,0.4812319538017418
2020-06-01,2020,6,Nova Scotia,104.9,,0.47892720306512704
2020-07-01,2020,7,Nova Scotia,105.4,,0.4766444232602529
2020-08-01,2020,8,Nova Scotia,107.1,,1.6129032258064502
2020-09-01,2020,9,Nova Scotia,108.0,,0.8403361344537785
2020-10-01,2020,10,Nova Scotia,109.3,,1.2037037037037068
2020-11-01,2020,11,Nova Scotia,110.1,,0.7319304666056681
2020-12-01,2020,12,Nova Scotia,110.1,,0.0
2021-01-01,2021,1,Nova Scotia,110.1,,0.0
2021-02-01,2021,2,Nova Scotia,112.7,,2.361489554950058
2021-03-01,2021,3,Nova Scotia,113.8,,0.9760425909494108
2021-04-01,2021,4,Nova Scotia,116.0,,1.9332161687170446
2021-05-01,2021,5,Nova Scotia,117.8,,1.551724137931032
2021-06-01,2021,6,Nova Scotia,117.8,,0.0
2021-07-01,2021,7,Nova Scotia,117.8,,0.0
2021-08-01,2021,8,Nova Scotia,117.8,,0.0
2021-09-01,2021,9,Nova Scotia,117.8,,0.0
2021-10-01,2021,10,Nova Scotia,117.8,,0.0
2021-11-01,2021,11,Nova Scotia,117.8,,0.0
2021-12-01,2021,12,Nova Scotia,117.8,,0.0
2022-01-01,2022,1,Nova Scotia,117.8,,0.0
2022-02-01,2022,2,Nova Scotia,117.8,,0.0
2022-03-01,2022,3,Nova Scotia,119.1,,1.1035653650254718
2022-04-01,2022,4,Nova Scotia,119.1,,0.0
2022-05-01,2022,5,Nova Scotia,122.0,,2.434928631402178
2022-06-01,2022,6,Nova Scotia,122.0,,0.0
2022-07-01,2022,7,Nova Scotia,122.0,,0.0
2022-08-01,2022,8,Nova Scotia,122.0,,0.0
2022-09-01,2022,9,Nova Scotia,122.0,,0.0
2022-10-01,2022,10,Nova Scotia,122.0,,0.0
2022-11-01,2022,11,Nova Scotia,122.0,,0.0
2022-12-01,2022,12,Nova Scotia,122.0,,0.0
2023-01-01,2023,1,Nova Scotia,121.6,,-0.3278688524590234
2023-02-01,2023,2,Nova Scotia,121.6,,0.0
2023-03-01,2023,3,Nova Scotia,122.0,,0.328947368421062
2023-04-01,2023,4,Nova Scotia,121.3,,-0.5737704918032827
2023-05-01,2023,5,Nova Scotia,121.3,,0.0
2023-06-01,2023,6,Nova Scotia,121.3,,0.0
2023-07-01,2023,7,Nova Scotia,121.3,,0.0
2023-08-01,2023,8,Nova Scotia,121.3,,0.0
2023-09-01,2023,9,Nova Scotia,121.3,,0.0
2023-10-01,2023,10,Nova Scotia,121.3,,0.0
2023-11-01,2023,11,Nova Scotia,121.3,,0.0
2023-12-01,2023,12,Nova Scotia,119.9,,-1.154163231657046
2024-01-01,2024,1,Nova Scotia,119.9,,0.0
2024-02-01,2024,2,Nova Scotia,120.1,,0.16680567139282232
2024-03-01,2024,3,Nova Scotia,120.1,,0.0
2024-04-01,2024,4,Nova Scotia,120.2,,0.08326394671107629
2024-05-01,2024,5,Nova Scotia,121.5,,1.0815307820299491
2024-06-01,2024,6,Nova Scotia,121.5,,0.0
2024-07-01,2024,7,Nova Scotia,121.5,,0.0
2024-08-01,2024,8,Nova Scotia,121.5,,0.0
2024-09-01,2024,9,Nova Scotia,121.7,,0.16460905349795496
2024-10-01,2024,10,Nova Scotia,121.7,,0.0
2024-11-01,2024,11,Nova Scotia,121.7,,0.0
2024-12-01,2024,12,Nova Scotia,121.7,,0.0
2025-01-01,2025,1,Nova Scotia,121.7,,0.0
2025-02-01,2025,2,Nova Scotia,126.3,,3.7797863599013937
2025-03-01,2025,3,Nova Scotia,126.3,,0.0
2025-04-01,2025,4,Nova Scotia,126.3,,0.0
2025-05-01,2025,5,Nova Scotia,127.3,,0.7917656373713333
2025-06-01,2025,6,Nova Scotia,127.3,,0.0
2025-07-01,2025,7,Nova Scotia,127.3,,0.0
2025-08-01,2025,8,Nova Scotia,127.3,,0.0
2025-09-01,2025,9,Nova Scotia,127.2,,-0.07855459544382493
2025-10-01,2025,10,Nova Scotia,127.7,,0.39308176100629755
2025-11-01,2025,11,Nova Scotia,127.7,,0.0
2025-12-01,2025,12,Nova Scotia,127.5,,-0.1566170712607673
2026-01-01,2026,1,Nova Scotia,127.5,,0.0
2026-02-01,2026,2,Nova Scotia,128.6,,0.8627450980392082
2026-03-01,2026,3,Nova Scotia,128.6,,0.0
2026-04-01,2026,4,Nova Scotia,128.6,,0.0
2026-05-01,2026,5,Nova Scotia,128.6,,0.0
2026-06-01,2026,6,Nova Scotia,128.6,,0.0
1986-01-01,1986,1,Ontario,36.7,,
1986-02-01,1986,2,Ontario,37.3,,1.634877384196165
1986-03-01,1986,3,Ontario,37.7,,1.0723860589812562
1986-04-01,1986,4,Ontario,38.0,,0.7957559681697646
1986-05-01,1986,5,Ontario,38.4,,1.0526315789473717
1986-06-01,1986,6,Ontario,38.8,,1.041666666666674
1986-07-01,1986,7,Ontario,39.2,,1.030927835051565
1986-08-01,1986,8,Ontario,39.9,,1.7857142857142794
1986-09-01,1986,9,Ontario,41.2,,3.2581453634085378
1986-10-01,1986,10,Ontario,41.8,,1.4563106796116276
1986-11-01,1986,11,Ontario,42.7,,2.1531100478469067
1986-12-01,1986,12,Ontario,43.1,,0.936768149882905
1987-01-01,1987,1,Ontario,43.6,,1.1600928074245953
1987-02-01,1987,2,Ontario,44.5,,2.064220183486243
1987-03-01,1987,3,Ontario,46.6,,4.719101123595504
1987-04-01,1987,4,Ontario,47.4,,1.716738197424883
1987-05-01,1987,5,Ontario,47.9,,1.0548523206751037
1987-06-01,1987,6,Ontario,48.2,,0.6263048016701633
1987-07-01,1987,7,Ontario,48.4,,0.4149377593360981
1987-08-01,1987,8,Ontario,48.6,,0.4132231404958775
1987-09-01,1987,9,Ontario,49.0,,0.8230452674897082
1987-10-01,1987,10,Ontario,49.2,,0.40816326530612734
1987-11-01,1987,11,Ontario,49.4,,0.40650406504063596
1987-12-01,1987,12,Ontario,49.6,,0.4048582995951566
1988-01-01,1988,1,Ontario,49.6,,0.0
1988-02-01,1988,2,Ontario,50.3,,1.4112903225806273
1988-03-01,1988,3,Ontario,50.9,,1.1928429423459175
1988-04-01,1988,4,Ontario,52.4,,2.946954813359537
1988-05-01,1988,5,Ontario,53.5,,2.0992366412213803
1988-06-01,1988,6,Ontario,54.1,,1.1214953271028172
1988-07-01,1988,7,Ontario,54.4,,0.5545286506469349
1988-08-01,1988,8,Ontario,55.1,,1.2867647058823595
1988-09-01,1988,9,Ontario,56.6,,2.722323049001818
1988-10-01,1988,10,Ontario,57.1,,0.8833922261484162
1988-11-01,1988,11,Ontario,58.2,,1.9264448336252293
1988-12-01,1988,12,Ontario,59.5,,2.2336769759450092
1989-01-01,1989,1,Ontario,60.2,,1.17647058823529
1989-02-01,1989,2,Ontario,61.9,,2.8239202657807327
1989-03-01,1989,3,Ontario,63.4,,2.4232633279483107
1989-04-01,1989,4,Ontario,63.9,,0.7886435331230235
1989-05-01,1989,5,Ontario,64.1,,0.3129890453833939
1989-06-01,1989,6,Ontario,64.5,,0.6240249609984483
1989-07-01,1989,7,Ontario,64.5,,0.0
1989-08-01,1989,8,Ontario,64.5,,0.0
1989-09-01,1989,9,Ontario,64.7,,0.31007751937985883
1989-10-01,1989,10,Ontario,64.9,,0.3091190108191588
1989-11-01,1989,11,Ontario,65.1,,0.30816640986131016
1989-12-01,1989,12,Ontario,65.3,,0.3072196620583778
1990-01-01,1990,1,Ontario,65.4,,0.15313935681471325
1990-02-01,1990,2,Ontario,65.3,,-0.152905198776776
1990-03-01,1990,3,Ontario,65.4,,0.15313935681471325
1990-04-01,1990,4,Ontario,64.9,,-0.7645259938837912
1990-05-01,1990,5,Ontario,64.8,,-0.1540832049306773
1990-06-01,1990,6,Ontario,63.6,,-1.851851851851849
1990-07-01,1990,7,Ontario,63.0,,-0.9433962264150941
1990-08-01,1990,8,Ontario,62.4,,-0.9523809523809601
1990-09-01,1990,9,Ontario,61.5,,-1.4423076923076872
1990-10-01,1990,10,Ontario,60.8,,-1.1382113821138296
1990-11-01,1990,11,Ontario,59.9,,-1.4802631578947345
1990-12-01,1990,12,Ontario,59.8,,-0.16694490818029983
1991-01-01,1991,1,Ontario,58.2,,-2.6755852842809236
1991-02-01,1991,2,Ontario,56.4,,-3.0927835051546504
1991-03-01,1991,3,Ontario,56.3,,-0.17730496453900457
1991-04-01,1991,4,Ontario,56.0,,-0.5328596802841923
1991-05-01,1991,5,Ontario,56.5,,0.8928571428571397
1991-06-01,1991,6,Ontario,56.4,,-0.1769911504424848
1991-07-01,1991,7,Ontario,56.4,,0.0
1991-08-01,1991,8,Ontario,56.2,,-0.35460992907800915
1991-09-01,1991,9,Ontario,56.2,,0.0
1991-10-01,1991,10,Ontario,56.0,,-0.3558718861210064
1991-11-01,1991,11,Ontario,55.6,,-0.7142857142857117
1991-12-01,1991,12,Ontario,55.6,,0.0
1992-01-01,1992,1,Ontario,55.4,,-0.3597122302158362
1992-02-01,1992,2,Ontario,54.8,,-1.0830324909747335
1992-03-01,1992,3,Ontario,54.8,,0.0
1992-04-01,1992,4,Ontario,54.8,,0.0
1992-05-01,1992,5,Ontario,54.6,,-0.36496350364962904
1992-06-01,1992,6,Ontario,54.6,,0.0
1992-07-01,1992,7,Ontario,54.5,,-0.1831501831501825
1992-08-01,1992,8,Ontario,54.4,,-0.18348623853211565
1992-09-01,1992,9,Ontario,54.1,,-0.5514705882352922
1992-10-01,1992,10,Ontario,54.1,,0.0
1992-11-01,1992,11,Ontario,54.0,,-0.1848428835489857
1992-12-01,1992,12,Ontario,54.0,,0.0
1993-01-01,1993,1,Ontario,53.9,,-0.18518518518518823
1993-02-01,1993,2,Ontario,53.6,,-0.5565862708719838
1993-03-01,1993,3,Ontario,53.7,,0.1865671641791078
1993-04-01,1993,4,Ontario,53.7,,0.0
1993-05-01,1993,5,Ontario,53.4,,-0.5586592178770999
1993-06-01,1993,6,Ontario,53.7,,0.5617977528090012
1993-07-01,1993,7,Ontario,53.4,,-0.5586592178770999
1993-08-01,1993,8,Ontario,53.6,,0.3745318352059934
1993-09-01,1993,9,Ontario,53.7,,0.1865671641791078
1993-10-01,1993,10,Ontario,53.4,,-0.5586592178770999
1993-11-01,1993,11,Ontario,53.4,,0.0
1993-12-01,1993,12,Ontario,53.4,,0.0
1994-01-01,1994,1,Ontario,53.3,,-0.1872659176029967
1994-02-01,1994,2,Ontario,53.1,,-0.37523452157597337
1994-03-01,1994,3,Ontario,53.2,,0.18832391713747842
1994-04-01,1994,4,Ontario,53.3,,0.1879699248120259
1994-05-01,1994,5,Ontario,53.3,,0.0
1994-06-01,1994,6,Ontario,53.5,,0.37523452157599557
1994-07-01,1994,7,Ontario,53.5,,0.0
1994-08-01,1994,8,Ontario,53.6,,0.18691588785046953
1994-09-01,1994,9,Ontario,53.6,,0.0
1994-10-01,1994,10,Ontario,53.6,,0.0
1994-11-01,1994,11,Ontario,53.5,,-0.1865671641791078
1994-12-01,1994,12,Ontario,53.6,,0.18691588785046953
1995-01-01,1995,1,Ontario,53.6,,0.0
1995-02-01,1995,2,Ontario,53.6,,0.0
1995-03-01,1995,3,Ontario,53.7,,0.1865671641791078
1995-04-01,1995,4,Ontario,53.6,,-0.18621973929237035
1995-05-01,1995,5,Ontario,53.5,,-0.1865671641791078
1995-06-01,1995,6,Ontario,53.3,,-0.37383177570093906
1995-07-01,1995,7,Ontario,53.4,,0.18761726078799779
1995-08-01,1995,8,Ontario,53.4,,0.0
1995-09-01,1995,9,Ontario,53.4,,0.0
1995-10-01,1995,10,Ontario,53.3,,-0.1872659176029967
1995-11-01,1995,11,Ontario,53.0,,-0.5628517823639712
1995-12-01,1995,12,Ontario,53.2,,0.37735849056603765
1996-01-01,1996,1,Ontario,53.3,,0.1879699248120259
1996-02-01,1996,2,Ontario,52.9,,-0.7504690431519689
1996-03-01,1996,3,Ontario,53.0,,0.1890359168241984
1996-04-01,1996,4,Ontario,52.8,,-0.37735849056603765
1996-05-01,1996,5,Ontario,52.7,,-0.18939393939393367
1996-06-01,1996,6,Ontario,52.8,,0.1897533206830948
1996-07-01,1996,7,Ontario,52.7,,-0.18939393939393367
1996-08-01,1996,8,Ontario,52.8,,0.1897533206830948
1996-09-01,1996,9,Ontario,52.7,,-0.18939393939393367
1996-10-01,1996,10,Ontario,52.8,,0.1897533206830948
1996-11-01,1996,11,Ontario,53.0,,0.37878787878788955
1996-12-01,1996,12,Ontario,53.0,,0.0
1997-01-01,1997,1,Ontario,53.3,,0.5660377358490454
1997-02-01,1997,2,Ontario,53.4,,0.18761726078799779
1997-03-01,1997,3,Ontario,53.5,,0.18726591760300781
1997-04-01,1997,4,Ontario,53.7,,0.37383177570093906
1997-05-01,1997,5,Ontario,53.9,,0.3724394785847185
1997-06-01,1997,6,Ontario,53.9,,0.0
1997-07-01,1997,7,Ontario,54.1,,0.37105751391466324
1997-08-01,1997,8,Ontario,54.1,,0.0
1997-09-01,1997,9,Ontario,54.2,,0.1848428835489857
1997-10-01,1997,10,Ontario,54.2,,0.0
1997-11-01,1997,11,Ontario,54.7,,0.9225092250922495
1997-12-01,1997,12,Ontario,54.7,,0.0
1998-01-01,1998,1,Ontario,54.8,,0.1828153564899404
1998-02-01,1998,2,Ontario,54.9,,0.18248175182482562
1998-03-01,1998,3,Ontario,55.0,,0.18214936247722413
1998-04-01,1998,4,Ontario,55.1,,0.1818181818181941
1998-05-01,1998,5,Ontario,55.2,,0.1814882032667997
1998-06-01,1998,6,Ontario,55.3,,0.18115942028984477
1998-07-01,1998,7,Ontario,55.4,,0.1808318264014508
1998-08-01,1998,8,Ontario,55.4,,0.0
1998-09-01,1998,9,Ontario,55.6,,0.3610108303249149
1998-10-01,1998,10,Ontario,55.7,,0.17985611510791255
1998-11-01,1998,11,Ontario,55.8,,0.17953321364452268
1998-12-01,1998,12,Ontario,55.7,,-0.17921146953403522
1999-01-01,1999,1,Ontario,55.8,,0.17953321364452268
1999-02-01,1999,2,Ontario,55.8,,0.0
1999-03-01,1999,3,Ontario,55.9,,0.17921146953405742
1999-04-01,1999,4,Ontario,55.9,,0.0
1999-05-01,1999,5,Ontario,55.9,,0.0
1999-06-01,1999,6,Ontario,56.0,,0.17889087656530744
1999-07-01,1999,7,Ontario,56.1,,0.17857142857142794
1999-08-01,1999,8,Ontario,56.3,,0.35650623885916666
1999-09-01,1999,9,Ontario,56.5,,0.355239786856143
1999-10-01,1999,10,Ontario,56.6,,0.1769911504424737
1999-11-01,1999,11,Ontario,57.0,,0.7067137809187329
1999-12-01,1999,12,Ontario,57.1,,0.17543859649122862
2000-01-01,2000,1,Ontario,57.1,,0.0
2000-02-01,2000,2,Ontario,57.4,,0.5253940455341555
2000-03-01,2000,3,Ontario,57.5,,0.17421602787457413
2000-04-01,2000,4,Ontario,57.6,,0.17391304347826875
2000-05-01,2000,5,Ontario,57.8,,0.3472222222222099
2000-06-01,2000,6,Ontario,57.8,,0.0
2000-07-01,2000,7,Ontario,58.0,,0.34602076124568004
2000-08-01,2000,8,Ontario,58.1,,0.17241379310344307
2000-09-01,2000,9,Ontario,58.3,,0.344234079173833
2000-10-01,2000,10,Ontario,58.4,,0.17152658662091813
2000-11-01,2000,11,Ontario,58.8,,0.6849315068493178
2000-12-01,2000,12,Ontario,58.9,,0.1700680272108901
2001-01-01,2001,1,Ontario,59.0,,0.1697792869270076
2001-02-01,2001,2,Ontario,59.1,,0.16949152542373724
2001-03-01,2001,3,Ontario,59.4,,0.50761421319796
2001-04-01,2001,4,Ontario,59.5,,0.16835016835017313
2001-05-01,2001,5,Ontario,59.6,,0.1680672268907557
2001-06-01,2001,6,Ontario,59.8,,0.3355704697986406
2001-07-01,2001,7,Ontario,59.9,,0.16722408026756952
2001-08-01,2001,8,Ontario,60.0,,0.16694490818029983
2001-09-01,2001,9,Ontario,60.1,,0.16666666666667052
2001-10-01,2001,10,Ontario,60.1,,0.0
2001-11-01,2001,11,Ontario,60.3,,0.33277870216306127
2001-12-01,2001,12,Ontario,60.3,,0.0
2002-01-01,2002,1,Ontario,60.6,,0.4975124378109541
2002-02-01,2002,2,Ontario,61.0,,0.660066006600668
2002-03-01,2002,3,Ontario,61.1,,0.16393442622950616
2002-04-01,2002,4,Ontario,61.4,,0.49099836333879043
2002-05-01,2002,5,Ontario,61.8,,0.6514657980456029
2002-06-01,2002,6,Ontario,61.9,,0.16181229773462036
2002-07-01,2002,7,Ontario,62.0,,0.1615508885298933
2002-08-01,2002,8,Ontario,62.4,,0.6451612903225712
2002-09-01,2002,9,Ontario,62.4,,0.0
2002-10-01,2002,10,Ontario,62.9,,0.8012820512820484
2002-11-01,2002,11,Ontario,63.1,,0.31796502384737746
2002-12-01,2002,12,Ontario,63.2,,0.15847860538826808
2003-01-01,2003,1,Ontario,63.3,,0.15822784810126667
2003-02-01,2003,2,Ontario,63.6,,0.4739336492891155
2003-03-01,2003,3,Ontario,63.7,,0.15723270440251014
2003-04-01,2003,4,Ontario,63.9,,0.31397174254317317
2003-05-01,2003,5,Ontario,64.4,,0.7824726134585402
2003-06-01,2003,6,Ontario,64.5,,0.15527950310558758
2003-07-01,2003,7,Ontario,64.8,,0.46511627906975495
2003-08-01,2003,8,Ontario,65.2,,0.6172839506172867
2003-09-01,2003,9,Ontario,65.4,,0.30674846625766694
2003-10-01,2003,10,Ontario,65.6,,0.3058103975535076
2003-11-01,2003,11,Ontario,66.2,,0.9146341463414753
2003-12-01,2003,12,Ontario,66.3,,0.1510574018126709
2004-01-01,2004,1,Ontario,66.4,,0.15082956259429015
2004-02-01,2004,2,Ontario,66.7,,0.45180722891566827
2004-03-01,2004,3,Ontario,66.9,,0.2998500749625155
2004-04-01,2004,4,Ontario,67.5,,0.8968609865470656
2004-05-01,2004,5,Ontario,68.2,,1.0370370370370363
2004-06-01,2004,6,Ontario,68.8,,0.8797653958944274
2004-07-01,2004,7,Ontario,68.8,,0.0
2004-08-01,2004,8,Ontario,69.2,,0.5813953488372103
2004-09-01,2004,9,Ontario,69.3,,0.14450867052022698
2004-10-01,2004,10,Ontario,69.4,,0.14430014430015792
2004-11-01,2004,11,Ontario,69.7,,0.4322766570605152
2004-12-01,2004,12,Ontario,69.9,,0.2869440459110528
2005-01-01,2005,1,Ontario,70.0,,0.14306151645206988
2005-02-01,2005,2,Ontario,70.2,,0.28571428571428914
2005-03-01,2005,3,Ontario,70.5,,0.42735042735042583
2005-04-01,2005,4,Ontario,70.8,,0.42553191489360653
2005-05-01,2005,5,Ontario,71.2,,0.5649717514124353
2005-06-01,2005,6,Ontario,71.8,,0.8426966292134797
2005-07-01,2005,7,Ontario,71.9,,0.1392757660167332
2005-08-01,2005,8,Ontario,72.0,,0.13908205841446364
2005-09-01,2005,9,Ontario,72.2,,0.2777777777777768
2005-10-01,2005,10,Ontario,72.5,,0.41551246537396835
2005-11-01,2005,11,Ontario,72.6,,0.13793103448274113
2005-12-01,2005,12,Ontario,72.6,,0.0
2006-01-01,2006,1,Ontario,73.1,,0.688705234159781
2006-02-01,2006,2,Ontario,73.3,,0.2735978112175186
2006-03-01,2006,3,Ontario,73.4,,0.13642564802183177
2006-04-01,2006,4,Ontario,73.6,,0.27247956403269047
2006-05-01,2006,5,Ontario,73.8,,0.27173913043478937
2006-06-01,2006,6,Ontario,74.1,,0.40650406504063596
2006-07-01,2006,7,Ontario,74.4,,0.4048582995951566
2006-08-01,2006,8,Ontario,74.8,,0.5376344086021501
2006-09-01,2006,9,Ontario,74.9,,0.13368983957220415
2006-10-01,2006,10,Ontario,74.8,,-0.1335113484646322
2006-11-01,2006,11,Ontario,75.1,,0.40106951871656804
2006-12-01,2006,12,Ontario,75.1,,0.0
2007-01-01,2007,1,Ontario,75.2,,0.13315579227697327
2007-02-01,2007,2,Ontario,75.3,,0.13297872340425343
2007-03-01,2007,3,Ontario,75.4,,0.13280212483401943
2007-04-01,2007,4,Ontario,75.4,,0.0
2007-05-01,2007,5,Ontario,75.7,,0.3978779840848823
2007-06-01,2007,6,Ontario,76.1,,0.5284015852047519
2007-07-01,2007,7,Ontario,76.2,,0.13140604467807293
2007-08-01,2007,8,Ontario,76.5,,0.3937007874015741
2007-09-01,2007,9,Ontario,76.7,,0.2614379084967311
2007-10-01,2007,10,Ontario,76.7,,0.0
2007-11-01,2007,11,Ontario,77.2,,0.6518904823989535
2007-12-01,2007,12,Ontario,77.3,,0.12953367875647714
2008-01-01,2008,1,Ontario,78.0,,0.905562742561461
2008-02-01,2008,2,Ontario,78.4,,0.512820512820511
2008-03-01,2008,3,Ontario,78.6,,0.25510204081631294
2008-04-01,2008,4,Ontario,78.7,,0.12722646310434627
2008-05-01,2008,5,Ontario,78.7,,0.0
2008-06-01,2008,6,Ontario,79.0,,0.3811944091486552
2008-07-01,2008,7,Ontario,79.0,,0.0
2008-08-01,2008,8,Ontario,79.1,,0.12658227848101333
2008-09-01,2008,9,Ontario,79.1,,0.0
2008-10-01,2008,10,Ontario,79.1,,0.0
2008-11-01,2008,11,Ontario,79.0,,-0.12642225031604948
2008-12-01,2008,12,Ontario,79.1,,0.12658227848101333
2009-01-01,2009,1,Ontario,79.1,,0.0
2009-02-01,2009,2,Ontario,79.1,,0.0
2009-03-01,2009,3,Ontario,78.9,,-0.25284450063209896
2009-04-01,2009,4,Ontario,78.5,,-0.5069708491761804
2009-05-01,2009,5,Ontario,78.3,,-0.2547770700636942
2009-06-01,2009,6,Ontario,78.3,,0.0
2009-07-01,2009,7,Ontario,78.4,,0.12771392081738497
2009-08-01,2009,8,Ontario,78.5,,0.12755102040815647
2009-09-01,2009,9,Ontario,78.9,,0.5095541401273884
2009-10-01,2009,10,Ontario,79.1,,0.25348542458807355
2009-11-01,2009,11,Ontario,79.4,,0.37926675094817064
2009-12-01,2009,12,Ontario,79.9,,0.6297229219143663
2010-01-01,2010,1,Ontario,80.2,,0.3754693366708306
2010-02-01,2010,2,Ontario,80.0,,-0.24937655860349794
2010-03-01,2010,3,Ontario,80.2,,0.24999999999999467
2010-04-01,2010,4,Ontario,80.3,,0.12468827930174342
2010-05-01,2010,5,Ontario,80.7,,0.49813200498132204
2010-06-01,2010,6,Ontario,80.9,,0.24783147459728205
2010-07-01,2010,7,Ontario,80.8,,-0.12360939431398377
2010-08-01,2010,8,Ontario,81.0,,0.24752475247524774
2010-09-01,2010,9,Ontario,81.0,,0.0
2010-10-01,2010,10,Ontario,81.2,,0.24691358024691024
2010-11-01,2010,11,Ontario,81.5,,0.3694581280788034
2010-12-01,2010,12,Ontario,81.6,,0.12269938650306678
2011-01-01,2011,1,Ontario,81.8,,0.2450980392156854
2011-02-01,2011,2,Ontario,82.2,,0.4889975550122383
2011-03-01,2011,3,Ontario,82.3,,0.12165450121652821
2011-04-01,2011,4,Ontario,82.8,,0.6075334143377908
2011-05-01,2011,5,Ontario,83.3,,0.6038647342995196
2011-06-01,2011,6,Ontario,83.8,,0.6002400960384069
2011-07-01,2011,7,Ontario,84.0,,0.23866348448686736
2011-08-01,2011,8,Ontario,84.2,,0.23809523809523725
2011-09-01,2011,9,Ontario,84.4,,0.23752969121140222
2011-10-01,2011,10,Ontario,84.7,,0.35545023696681444
2011-11-01,2011,11,Ontario,85.3,,0.7083825265643329
2011-12-01,2011,12,Ontario,85.4,,0.11723329425556983
2012-01-01,2012,1,Ontario,85.5,,0.11709601873535203
2012-02-01,2012,2,Ontario,85.9,,0.4678362573099504
2012-03-01,2012,3,Ontario,86.3,,0.4656577415599328
2012-04-01,2012,4,Ontario,86.5,,0.2317497103128563
2012-05-01,2012,5,Ontario,86.9,,0.46242774566473965
2012-06-01,2012,6,Ontario,87.2,,0.3452243958573131
2012-07-01,2012,7,Ontario,87.3,,0.11467889908256534
2012-08-01,2012,8,Ontario,87.5,,0.22909507445589838
2012-09-01,2012,9,Ontario,87.8,,0.34285714285713365
2012-10-01,2012,10,Ontario,88.0,,0.2277904328018332
2012-11-01,2012,11,Ontario,88.2,,0.2272727272727204
2012-12-01,2012,12,Ontario,88.4,,0.22675736961450532
2013-01-01,2013,1,Ontario,88.5,,0.11312217194570096
2013-02-01,2013,2,Ontario,88.5,,0.0
2013-03-01,2013,3,Ontario,88.6,,0.11299435028246929
2013-04-01,2013,4,Ontario,88.7,,0.11286681715576563
2013-05-01,2013,5,Ontario,88.8,,0.11273957158961512
2013-06-01,2013,6,Ontario,88.8,,0.0
2013-07-01,2013,7,Ontario,89.0,,0.22522522522523403
2013-08-01,2013,8,Ontario,89.1,,0.11235955056179137
2013-09-01,2013,9,Ontario,89.1,,0.0
2013-10-01,2013,10,Ontario,89.2,,0.11223344556678949
2013-11-01,2013,11,Ontario,89.3,,0.11210762331836932
2013-12-01,2013,12,Ontario,89.4,,0.11198208286675726
2014-01-01,2014,1,Ontario,89.5,,0.11185682326622093
2014-02-01,2014,2,Ontario,89.8,,0.3351955307262511
2014-03-01,2014,3,Ontario,89.8,,0.0
2014-04-01,2014,4,Ontario,90.2,,0.44543429844099425
2014-05-01,2014,5,Ontario,90.2,,0.0
2014-06-01,2014,6,Ontario,90.4,,0.22172949002217113
2014-07-01,2014,7,Ontario,90.4,,0.0
2014-08-01,2014,8,Ontario,90.7,,0.33185840707963266
2014-09-01,2014,9,Ontario,90.9,,0.22050716648291946
2014-10-01,2014,10,Ontario,91.0,,0.11001100110010764
2014-11-01,2014,11,Ontario,91.1,,0.1098901098901095
2014-12-01,2014,12,Ontario,91.2,,0.1097694840834329
2015-01-01,2015,1,Ontario,91.2,,0.0
2015-02-01,2015,2,Ontario,91.4,,0.21929824561404132
2015-03-01,2015,3,Ontario,91.6,,0.2188183807439792
2015-04-01,2015,4,Ontario,91.8,,0.21834061135370675
2015-05-01,2015,5,Ontario,92.1,,0.32679738562091387
2015-06-01,2015,6,Ontario,92.6,,0.5428881650380024
2015-07-01,2015,7,Ontario,92.8,,0.2159827213823018
2015-08-01,2015,8,Ontario,93.3,,0.5387931034482651
2015-09-01,2015,9,Ontario,93.4,,0.1071811361200492
2015-10-01,2015,10,Ontario,93.8,,0.4282655246252487
2015-11-01,2015,11,Ontario,93.9,,0.10660980810235365
2015-12-01,2015,12,Ontario,94.1,,0.21299254526090383
2016-01-01,2016,1,Ontario,94.2,,0.10626992561106885
2016-02-01,2016,2,Ontario,94.6,,0.424628450106157
2016-03-01,2016,3,Ontario,94.8,,0.21141649048626032
2016-04-01,2016,4,Ontario,95.3,,0.527426160337563
2016-05-01,2016,5,Ontario,96.6,,1.364113326337879
2016-06-01,2016,6,Ontario,97.0,,0.41407867494824835
2016-07-01,2016,7,Ontario,97.8,,0.8247422680412342
2016-08-01,2016,8,Ontario,98.2,,0.4089979550102374
2016-09-01,2016,9,Ontario,98.5,,0.3054989816700493
2016-10-01,2016,10,Ontario,99.5,,1.0152284263959421
2016-11-01,2016,11,Ontario,99.9,,0.4020100502512669
2016-12-01,2016,12,Ontario,100.0,,0.10010010010008674
2017-01-01,2017,1,Ontario,100.3,,0.29999999999998916
2017-02-01,2017,2,Ontario,101.1,,0.7976071784645988
2017-03-01,2017,3,Ontario,101.4,,0.29673590504453173
2017-04-01,2017,4,Ontario,103.0,,1.5779092702169484
2017-05-01,2017,5,Ontario,103.8,,0.7766990291262044
2017-06-01,2017,6,Ontario,103.9,,0.09633911368016612
2017-07-01,2017,7,Ontario,104.1,,0.19249278152069227
2017-08-01,2017,8,Ontario,104.2,,0.09606147934679843
2017-09-01,2017,9,Ontario,104.3,,0.09596928982724684
2017-10-01,2017,10,Ontario,104.4,,0.09587727708533222
2017-11-01,2017,11,Ontario,104.5,,0.09578544061301653
2017-12-01,2017,12,Ontario,104.5,,0.0
2018-01-01,2018,1,Ontario,104.6,,0.0956937799043045
2018-02-01,2018,2,Ontario,104.3,,-0.2868068833651982
2018-03-01,2018,3,Ontario,104.3,,0.0
2018-04-01,2018,4,Ontario,104.1,,-0.19175455417066445
2018-05-01,2018,5,Ontario,104.1,,0.0
2018-06-01,2018,6,Ontario,104.2,,0.09606147934679843
2018-07-01,2018,7,Ontario,104.3,,0.09596928982724684
2018-08-01,2018,8,Ontario,104.4,,0.09587727708533222
2018-09-01,2018,9,Ontario,104.4,,0.0
2018-10-01,2018,10,Ontario,104.5,,0.09578544061301653
2018-11-01,2018,11,Ontario,104.6,,0.0956937799043045
2018-12-01,2018,12,Ontario,104.6,,0.0
2019-01-01,2019,1,Ontario,104.5,,-0.09560229445506607
2019-02-01,2019,2,Ontario,104.5,,0.0
2019-03-01,2019,3,Ontario,104.6,,0.0956937799043045
2019-04-01,2019,4,Ontario,104.6,,0.0
2019-05-01,2019,5,Ontario,104.6,,0.0
2019-06-01,2019,6,Ontario,104.7,,0.09560229445506607
2019-07-01,2019,7,Ontario,104.5,,-0.19102196752627254
2019-08-01,2019,8,Ontario,104.5,,0.0
2019-09-01,2019,9,Ontario,105.0,,0.4784688995215225
2019-10-01,2019,10,Ontario,105.2,,0.19047619047618536
2019-11-01,2019,11,Ontario,105.3,,0.0950570342205248
2019-12-01,2019,12,Ontario,105.5,,0.18993352326686086
2020-01-01,2020,1,Ontario,105.4,,-0.09478672985780978
2020-02-01,2020,2,Ontario,105.9,,0.4743833017077703
2020-03-01,2020,3,Ontario,106.3,,0.37771482530688516
2020-04-01,2020,4,Ontario,106.4,,0.09407337723426057
2020-05-01,2020,5,Ontario,106.5,,0.09398496240600185
2020-06-01,2020,6,Ontario,106.7,,0.1877934272300541
2020-07-01,2020,7,Ontario,107.2,,0.46860356138707093
2020-08-01,2020,8,Ontario,107.7,,0.4664179104477695
2020-09-01,2020,9,Ontario,108.8,,1.021355617455888
2020-10-01,2020,10,Ontario,109.5,,0.6433823529411686
2020-11-01,2020,11,Ontario,110.2,,0.6392694063926951
2020-12-01,2020,12,Ontario,110.8,,0.5444646098003547
2021-01-01,2021,1,Ontario,112.2,,1.2635379061371799
2021-02-01,2021,2,Ontario,113.7,,1.3368983957219305
2021-03-01,2021,3,Ontario,115.2,,1.3192612137203241
2021-04-01,2021,4,Ontario,117.4,,1.909722222222232
2021-05-01,2021,5,Ontario,118.6,,1.0221465076660996
2021-06-01,2021,6,Ontario,119.3,,0.590219224283306
2021-07-01,2021,7,Ontario,119.8,,0.419111483654655
2021-08-01,2021,8,Ontario,121.1,,1.085141903171949
2021-09-01,2021,9,Ontario,121.3,,0.16515276630884035
2021-10-01,2021,10,Ontario,122.8,,1.2366034624897049
2021-11-01,2021,11,Ontario,124.2,,1.140065146579805
2021-12-01,2021,12,Ontario,124.4,,0.16103059581320522
2022-01-01,2022,1,Ontario,124.8,,0.3215434083601254
2022-02-01,2022,2,Ontario,125.6,,0.6410256410256387
2022-03-01,2022,3,Ontario,126.5,,0.7165605095541538
2022-04-01,2022,4,Ontario,126.8,,0.2371541501976271
2022-05-01,2022,5,Ontario,127.2,,0.3154574132492094
2022-06-01,2022,6,Ontario,127.5,,0.2358490566037652
2022-07-01,2022,7,Ontario,127.5,,0.0
2022-08-01,2022,8,Ontario,127.6,,0.07843137254901489
2022-09-01,2022,9,Ontario,127.4,,-0.15673981191222097
2022-10-01,2022,10,Ontario,127.4,,0.0
2022-11-01,2022,11,Ontario,127.3,,-0.07849293563579884
2022-12-01,2022,12,Ontario,127.3,,0.0
2023-01-01,2023,1,Ontario,127.2,,-0.07855459544382493
2023-02-01,2023,2,Ontario,126.8,,-0.3144654088050314
2023-03-01,2023,3,Ontario,126.7,,-0.07886435331230235
2023-04-01,2023,4,Ontario,126.4,,-0.23677979479084232
2023-05-01,2023,5,Ontario,126.3,,-0.07911392405064444
2023-06-01,2023,6,Ontario,126.3,,0.0
2023-07-01,2023,7,Ontario,126.2,,-0.07917656373712667
2023-08-01,2023,8,Ontario,125.8,,-0.31695721077654726
2023-09-01,2023,9,Ontario,125.7,,-0.07949125596183881
2023-10-01,2023,10,Ontario,125.6,,-0.07955449482895949
2023-11-01,2023,11,Ontario,125.2,,-0.31847133757960666
2023-12-01,2023,12,Ontario,125.1,,-0.07987220447285281
2024-01-01,2024,1,Ontario,125.0,,-0.07993605115906854
2024-02-01,2024,2,Ontario,125.0,,0.0
2024-03-01,2024,3,Ontario,124.8,,-0.16000000000000458
2024-04-01,2024,4,Ontario,124.8,,0.0
2024-05-01,2024,5,Ontario,124.7,,-0.08012820512820484
2024-06-01,2024,6,Ontario,124.5,,-0.1603849238171584
2024-07-01,2024,7,Ontario,124.5,,0.0
2024-08-01,2024,8,Ontario,124.5,,0.0
2024-09-01,2024,9,Ontario,124.5,,0.0
2024-10-01,2024,10,Ontario,123.6,,-0.7228915662650603
2024-11-01,2024,11,Ontario,123.8,,0.16181229773462036
2024-12-01,2024,12,Ontario,123.6,,-0.1615508885298933
2025-01-01,2025,1,Ontario,123.3,,-0.24271844660194164
2025-02-01,2025,2,Ontario,123.4,,0.08110300081103361
2025-03-01,2025,3,Ontario,123.2,,-0.16207455429497752
2025-04-01,2025,4,Ontario,122.7,,-0.40584415584415945
2025-05-01,2025,5,Ontario,122.1,,-0.4889975550122272
2025-06-01,2025,6,Ontario,122.0,,-0.08190008190007703
2025-07-01,2025,7,Ontario,121.8,,-0.16393442622950616
2025-08-01,2025,8,Ontario,121.6,,-0.16420361247947435
2025-09-01,2025,9,Ontario,121.0,,-0.49342105263157077
2025-10-01,2025,10,Ontario,120.3,,-0.5785123966942196
2025-11-01,2025,11,Ontario,120.2,,-0.08312551953448821
2025-12-01,2025,12,Ontario,120.0,,-0.16638935108153063
2026-01-01,2026,1,Ontario,119.4,,-0.5000000000000004
2026-02-01,2026,2,Ontario,119.3,,-0.08375209380234727
2026-03-01,2026,3,Ontario,118.5,,-0.6705783738474413
2026-04-01,2026,4,Ontario,117.9,,-0.5063291139240422
2026-05-01,2026,5,Ontario,117.7,,-0.16963528413910245
2026-06-01,2026,6,Ontario,117.8,,0.0849617672047609
1995-01-01,1995,1,Prince Edward Island,83.5,,
1995-02-01,1995,2,Prince Edward Island,83.5,,0.0
1995-03-01,1995,3,Prince Edward Island,83.5,,0.0
1995-04-01,1995,4,Prince Edward Island,83.1,,-0.4790419161676662
1995-05-01,1995,5,Prince Edward Island,83.1,,0.0
1995-06-01,1995,6,Prince Edward Island,83.0,,-0.12033694344163459
1995-07-01,1995,7,Prince Edward Island,82.4,,-0.7228915662650492
1995-08-01,1995,8,Prince Edward Island,82.6,,0.24271844660193054
1995-09-01,1995,9,Prince Edward Island,82.8,,0.2421307506053294
1995-10-01,1995,10,Prince Edward Island,82.8,,0.0
1995-11-01,1995,11,Prince Edward Island,82.8,,0.0
1995-12-01,1995,12,Prince Edward Island,82.5,,-0.36231884057971175
1996-01-01,1996,1,Prince Edward Island,82.0,,-0.60606060606061
1996-02-01,1996,2,Prince Edward Island,82.0,,0.0
1996-03-01,1996,3,Prince Edward Island,83.0,,1.2195121951219523
1996-04-01,1996,4,Prince Edward Island,82.7,,-0.3614457831325302
1996-05-01,1996,5,Prince Edward Island,82.7,,0.0
1996-06-01,1996,6,Prince Edward Island,83.2,,0.6045949214026569
1996-07-01,1996,7,Prince Edward Island,82.7,,-0.6009615384615419
1996-08-01,1996,8,Prince Edward Island,83.1,,0.48367593712210777
1996-09-01,1996,9,Prince Edward Island,82.8,,-0.3610108303249038
1996-10-01,1996,10,Prince Edward Island,83.5,,0.8454106280193274
1996-11-01,1996,11,Prince Edward Island,82.6,,-1.0778443113772518
1996-12-01,1996,12,Prince Edward Island,82.5,,-0.1210653753026536
1997-01-01,1997,1,Prince Edward Island,82.5,,0.0
1997-02-01,1997,2,Prince Edward Island,82.9,,0.48484848484848797
1997-03-01,1997,3,Prince Edward Island,82.9,,0.0
1997-04-01,1997,4,Prince Edward Island,82.9,,0.0
1997-05-01,1997,5,Prince Edward Island,82.9,,0.0
1997-06-01,1997,6,Prince Edward Island,83.3,,0.4825090470446325
1997-07-01,1997,7,Prince Edward Island,83.5,,0.24009603841537164
1997-08-01,1997,8,Prince Edward Island,83.8,,0.3592814371257358
1997-09-01,1997,9,Prince Edward Island,83.0,,-0.9546539379474916
1997-10-01,1997,10,Prince Edward Island,81.9,,-1.3253012048192736
1997-11-01,1997,11,Prince Edward Island,81.0,,-1.098901098901106
1997-12-01,1997,12,Prince Edward Island,81.0,,0.0
1998-01-01,1998,1,Prince Edward Island,80.2,,-0.987654320987652
1998-02-01,1998,2,Prince Edward Island,81.3,,1.3715710723191998
1998-03-01,1998,3,Prince Edward Island,81.3,,0.0
1998-04-01,1998,4,Prince Edward Island,81.2,,-0.12300123001229846
1998-05-01,1998,5,Prince Edward Island,81.2,,0.0
1998-06-01,1998,6,Prince Edward Island,81.0,,-0.24630541871921707
1998-07-01,1998,7,Prince Edward Island,81.2,,0.24691358024691024
1998-08-01,1998,8,Prince Edward Island,81.1,,-0.12315270935961964
1998-09-01,1998,9,Prince Edward Island,82.7,,1.9728729963008673
1998-10-01,1998,10,Prince Edward Island,83.5,,0.96735187424426
1998-11-01,1998,11,Prince Edward Island,84.1,,0.7185628742514938
1998-12-01,1998,12,Prince Edward Island,83.8,,-0.3567181926278251
1999-01-01,1999,1,Prince Edward Island,82.9,,-1.0739856801909253
1999-02-01,1999,2,Prince Edward Island,82.9,,0.0
1999-03-01,1999,3,Prince Edward Island,82.9,,0.0
1999-04-01,1999,4,Prince Edward Island,82.6,,-0.361881785283491
1999-05-01,1999,5,Prince Edward Island,82.6,,0.0
1999-06-01,1999,6,Prince Edward Island,82.6,,0.0
1999-07-01,1999,7,Prince Edward Island,83.4,,0.9685230024213176
1999-08-01,1999,8,Prince Edward Island,83.4,,0.0
1999-09-01,1999,9,Prince Edward Island,83.4,,0.0
1999-10-01,1999,10,Prince Edward Island,84.1,,0.8393285371702586
1999-11-01,1999,11,Prince Edward Island,84.2,,0.11890606420927874
1999-12-01,1999,12,Prince Edward Island,84.2,,0.0
2000-01-01,2000,1,Prince Edward Island,84.2,,0.0
2000-02-01,2000,2,Prince Edward Island,84.2,,0.0
2000-03-01,2000,3,Prince Edward Island,84.2,,0.0
2000-04-01,2000,4,Prince Edward Island,84.2,,0.0
2000-05-01,2000,5,Prince Edward Island,84.2,,0.0
2000-06-01,2000,6,Prince Edward Island,84.2,,0.0
2000-07-01,2000,7,Prince Edward Island,84.2,,0.0
2000-08-01,2000,8,Prince Edward Island,85.5,,1.5439429928741033
2000-09-01,2000,9,Prince Edward Island,85.5,,0.0
2000-10-01,2000,10,Prince Edward Island,85.7,,0.23391812865496409
2000-11-01,2000,11,Prince Edward Island,85.5,,-0.2333722287047868
2000-12-01,2000,12,Prince Edward Island,85.4,,-0.11695906432748204
2001-01-01,2001,1,Prince Edward Island,85.7,,0.3512880562060783
2001-02-01,2001,2,Prince Edward Island,85.7,,0.0
2001-03-01,2001,3,Prince Edward Island,85.8,,0.1166861143523823
2001-04-01,2001,4,Prince Edward Island,85.8,,0.0
2001-05-01,2001,5,Prince Edward Island,85.8,,0.0
2001-06-01,2001,6,Prince Edward Island,85.8,,0.0
2001-07-01,2001,7,Prince Edward Island,85.8,,0.0
2001-08-01,2001,8,Prince Edward Island,85.6,,-0.2331002331002363
2001-09-01,2001,9,Prince Edward Island,85.8,,0.23364485981309802
2001-10-01,2001,10,Prince Edward Island,85.8,,0.0
2001-11-01,2001,11,Prince Edward Island,85.9,,0.11655011655011815
2001-12-01,2001,12,Prince Edward Island,85.9,,0.0
2002-01-01,2002,1,Prince Edward Island,85.9,,0.0
2002-02-01,2002,2,Prince Edward Island,86.2,,0.34924330616996624
2002-03-01,2002,3,Prince Edward Island,86.2,,0.0
2002-04-01,2002,4,Prince Edward Island,86.2,,0.0
2002-05-01,2002,5,Prince Edward Island,86.2,,0.0
2002-06-01,2002,6,Prince Edward Island,86.2,,0.0
2002-07-01,2002,7,Prince Edward Island,86.2,,0.0
2002-08-01,2002,8,Prince Edward Island,86.6,,0.46403712296982924
2002-09-01,2002,9,Prince Edward Island,86.6,,0.0
2002-10-01,2002,10,Prince Edward Island,86.6,,0.0
2002-11-01,2002,11,Prince Edward Island,86.6,,0.0
2002-12-01,2002,12,Prince Edward Island,86.6,,0.0
2003-01-01,2003,1,Prince Edward Island,86.9,,0.346420323325658
2003-02-01,2003,2,Prince Edward Island,86.9,,0.0
2003-03-01,2003,3,Prince Edward Island,86.9,,0.0
2003-04-01,2003,4,Prince Edward Island,86.9,,0.0
2003-05-01,2003,5,Prince Edward Island,86.9,,0.0
2003-06-01,2003,6,Prince Edward Island,86.9,,0.0
2003-07-01,2003,7,Prince Edward Island,86.9,,0.0
2003-08-01,2003,8,Prince Edward Island,86.9,,0.0
2003-09-01,2003,9,Prince Edward Island,87.3,,0.4602991944764101
2003-10-01,2003,10,Prince Edward Island,87.6,,0.3436426116838476
2003-11-01,2003,11,Prince Edward Island,88.4,,0.9132420091324311
2003-12-01,2003,12,Prince Edward Island,88.6,,0.2262443438913797
2004-01-01,2004,1,Prince Edward Island,88.9,,0.3386004514672747
2004-02-01,2004,2,Prince Edward Island,89.5,,0.6749156355455588
2004-03-01,2004,3,Prince Edward Island,89.8,,0.3351955307262511
2004-04-01,2004,4,Prince Edward Island,89.8,,0.0
2004-05-01,2004,5,Prince Edward Island,90.2,,0.44543429844099425
2004-06-01,2004,6,Prince Edward Island,90.2,,0.0
2004-07-01,2004,7,Prince Edward Island,90.2,,0.0
2004-08-01,2004,8,Prince Edward Island,90.6,,0.44345898004434225
2004-09-01,2004,9,Prince Edward Island,90.6,,0.0
2004-10-01,2004,10,Prince Edward Island,91.3,,0.7726269315673218
2004-11-01,2004,11,Prince Edward Island,91.7,,0.4381161007667167
2004-12-01,2004,12,Prince Edward Island,91.7,,0.0
2005-01-01,2005,1,Prince Edward Island,91.7,,0.0
2005-02-01,2005,2,Prince Edward Island,92.7,,1.0905125408942284
2005-03-01,2005,3,Prince Edward Island,92.7,,0.0
2005-04-01,2005,4,Prince Edward Island,93.2,,0.5393743257820827
2005-05-01,2005,5,Prince Edward Island,94.0,,0.8583690987124415
2005-06-01,2005,6,Prince Edward Island,94.4,,0.42553191489362874
2005-07-01,2005,7,Prince Edward Island,94.4,,0.0
2005-08-01,2005,8,Prince Edward Island,95.1,,0.741525423728806
2005-09-01,2005,9,Prince Edward Island,95.7,,0.630914826498441
2005-10-01,2005,10,Prince Edward Island,95.5,,-0.2089864158829724
2005-11-01,2005,11,Prince Edward Island,95.5,,0.0
2005-12-01,2005,12,Prince Edward Island,95.1,,-0.41884816753927634
2006-01-01,2006,1,Prince Edward Island,94.1,,-1.051524710830709
2006-02-01,2006,2,Prince Edward Island,93.8,,-0.31880977683315104
2006-03-01,2006,3,Prince Edward Island,95.4,,1.7057569296375252
2006-04-01,2006,4,Prince Edward Island,95.4,,0.0
2006-05-01,2006,5,Prince Edward Island,96.6,,1.2578616352201033
2006-06-01,2006,6,Prince Edward Island,96.6,,0.0
2006-07-01,2006,7,Prince Edward Island,97.1,,0.5175983436852993
2006-08-01,2006,8,Prince Edward Island,97.2,,0.1029866117404854
2006-09-01,2006,9,Prince Edward Island,97.0,,-0.2057613168724326
2006-10-01,2006,10,Prince Edward Island,96.9,,-0.10309278350515427
2006-11-01,2006,11,Prince Edward Island,97.5,,0.6191950464396134
2006-12-01,2006,12,Prince Edward Island,97.5,,0.0
2007-01-01,2007,1,Prince Edward Island,97.3,,-0.20512820512821328
2007-02-01,2007,2,Prince Edward Island,97.3,,0.0
2007-03-01,2007,3,Prince Edward Island,97.3,,0.0
2007-04-01,2007,4,Prince Edward Island,96.8,,-0.5138746145940343
2007-05-01,2007,5,Prince Edward Island,97.3,,0.5165289256198413
2007-06-01,2007,6,Prince Edward Island,97.3,,0.0
2007-07-01,2007,7,Prince Edward Island,97.3,,0.0
2007-08-01,2007,8,Prince Edward Island,97.3,,0.0
2007-09-01,2007,9,Prince Edward Island,97.6,,0.30832476875641834
2007-10-01,2007,10,Prince Edward Island,97.6,,0.0
2007-11-01,2007,11,Prince Edward Island,98.4,,0.819672131147553
2007-12-01,2007,12,Prince Edward Island,98.4,,0.0
2008-01-01,2008,1,Prince Edward Island,99.7,,1.3211382113821113
2008-02-01,2008,2,Prince Edward Island,99.7,,0.0
2008-03-01,2008,3,Prince Edward Island,98.6,,-1.1033099297893756
2008-04-01,2008,4,Prince Edward Island,98.6,,0.0
2008-05-01,2008,5,Prince Edward Island,98.6,,0.0
2008-06-01,2008,6,Prince Edward Island,98.9,,0.30425963488844854
2008-07-01,2008,7,Prince Edward Island,98.9,,0.0
2008-08-01,2008,8,Prince Edward Island,98.5,,-0.4044489383215444
2008-09-01,2008,9,Prince Edward Island,98.5,,0.0
2008-10-01,2008,10,Prince Edward Island,98.6,,0.10152284263957867
2008-11-01,2008,11,Prince Edward Island,98.6,,0.0
2008-12-01,2008,12,Prince Edward Island,98.6,,0.0
2009-01-01,2009,1,Prince Edward Island,98.8,,0.20283975659229903
2009-02-01,2009,2,Prince Edward Island,99.9,,1.1133603238866474
2009-03-01,2009,3,Prince Edward Island,99.5,,-0.4004004004004025
2009-04-01,2009,4,Prince Edward Island,99.5,,0.0
2009-05-01,2009,5,Prince Edward Island,100.0,,0.5025125628140614
2009-06-01,2009,6,Prince Edward Island,100.0,,0.0
2009-07-01,2009,7,Prince Edward Island,100.0,,0.0
2009-08-01,2009,8,Prince Edward Island,100.1,,0.09999999999998899
2009-09-01,2009,9,Prince Edward Island,100.1,,0.0
2009-10-01,2009,10,Prince Edward Island,99.5,,-0.5994005994005902
2009-11-01,2009,11,Prince Edward Island,99.5,,0.0
2009-12-01,2009,12,Prince Edward Island,99.5,,0.0
2010-01-01,2010,1,Prince Edward Island,99.3,,-0.20100502512563345
2010-02-01,2010,2,Prince Edward Island,98.8,,-0.503524672708966
2010-03-01,2010,3,Prince Edward Island,98.4,,-0.4048582995951344
2010-04-01,2010,4,Prince Edward Island,98.1,,-0.3048780487804992
2010-05-01,2010,5,Prince Edward Island,98.4,,0.3058103975535298
2010-06-01,2010,6,Prince Edward Island,98.1,,-0.3048780487804992
2010-07-01,2010,7,Prince Edward Island,97.9,,-0.20387359836899765
2010-08-01,2010,8,Prince Edward Island,97.9,,0.0
2010-09-01,2010,9,Prince Edward Island,97.9,,0.0
2010-10-01,2010,10,Prince Edward Island,97.9,,0.0
2010-11-01,2010,11,Prince Edward Island,97.5,,-0.40858018386108474
2010-12-01,2010,12,Prince Edward Island,97.5,,0.0
2011-01-01,2011,1,Prince Edward Island,97.5,,0.0
2011-02-01,2011,2,Prince Edward Island,98.9,,1.4358974358974486
2011-03-01,2011,3,Prince Edward Island,98.9,,0.0
2011-04-01,2011,4,Prince Edward Island,99.1,,0.2022244691607611
2011-05-01,2011,5,Prince Edward Island,99.6,,0.5045408678102881
2011-06-01,2011,6,Prince Edward Island,99.6,,0.0
2011-07-01,2011,7,Prince Edward Island,100.8,,1.2048192771084265
2011-08-01,2011,8,Prince Edward Island,100.8,,0.0
2011-09-01,2011,9,Prince Edward Island,100.7,,-0.09920634920634885
2011-10-01,2011,10,Prince Edward Island,100.9,,0.19860973187686426
2011-11-01,2011,11,Prince Edward Island,100.9,,0.0
2011-12-01,2011,12,Prince Edward Island,100.9,,0.0
2012-01-01,2012,1,Prince Edward Island,100.7,,-0.1982160555004997
2012-02-01,2012,2,Prince Edward Island,100.2,,-0.49652432969214955
2012-03-01,2012,3,Prince Edward Island,100.2,,0.0
2012-04-01,2012,4,Prince Edward Island,100.3,,0.09980039920158834
2012-05-01,2012,5,Prince Edward Island,99.9,,-0.3988035892322994
2012-06-01,2012,6,Prince Edward Island,100.0,,0.10010010010008674
2012-07-01,2012,7,Prince Edward Island,100.2,,0.20000000000000018
2012-08-01,2012,8,Prince Edward Island,100.1,,-0.09980039920161055
2012-09-01,2012,9,Prince Edward Island,100.2,,0.09990009990010762
2012-10-01,2012,10,Prince Edward Island,100.0,,-0.1996007984031989
2012-11-01,2012,11,Prince Edward Island,100.0,,0.0
2012-12-01,2012,12,Prince Edward Island,99.2,,-0.8000000000000007
2013-01-01,2013,1,Prince Edward Island,100.1,,0.9072580645161255
2013-02-01,2013,2,Prince Edward Island,100.1,,0.0
2013-03-01,2013,3,Prince Edward Island,100.1,,0.0
2013-04-01,2013,4,Prince Edward Island,100.5,,0.3996003996004083
2013-05-01,2013,5,Prince Edward Island,100.6,,0.09950248756218638
2013-06-01,2013,6,Prince Edward Island,100.8,,0.19880715705766772
2013-07-01,2013,7,Prince Edward Island,100.9,,0.09920634920634885
2013-08-01,2013,8,Prince Edward Island,100.9,,0.0
2013-09-01,2013,9,Prince Edward Island,100.9,,0.0
2013-10-01,2013,10,Prince Edward Island,100.8,,-0.09910802775026095
2013-11-01,2013,11,Prince Edward Island,100.8,,0.0
2013-12-01,2013,12,Prince Edward Island,100.8,,0.0
2014-01-01,2014,1,Prince Edward Island,100.5,,-0.29761904761904656
2014-02-01,2014,2,Prince Edward Island,100.2,,-0.29850746268655914
2014-03-01,2014,3,Prince Edward Island,99.7,,-0.4990019960079861
2014-04-01,2014,4,Prince Edward Island,99.7,,0.0
2014-05-01,2014,5,Prince Edward Island,99.6,,-0.10030090270812808
2014-06-01,2014,6,Prince Edward Island,99.4,,-0.20080321285139702
2014-07-01,2014,7,Prince Edward Island,99.3,,-0.1006036217303885
2014-08-01,2014,8,Prince Edward Island,99.3,,0.0
2014-09-01,2014,9,Prince Edward Island,99.1,,-0.20140986908359082
2014-10-01,2014,10,Prince Edward Island,99.1,,0.0
2014-11-01,2014,11,Prince Edward Island,98.8,,-0.3027245206861706
2014-12-01,2014,12,Prince Edward Island,99.3,,0.5060728744939347
2015-01-01,2015,1,Prince Edward Island,99.3,,0.0
2015-02-01,2015,2,Prince Edward Island,99.3,,0.0
2015-03-01,2015,3,Prince Edward Island,99.5,,0.20140986908359082
2015-04-01,2015,4,Prince Edward Island,100.5,,1.005025125628145
2015-05-01,2015,5,Prince Edward Island,100.4,,-0.09950248756218638
2015-06-01,2015,6,Prince Edward Island,100.1,,-0.29880478087650486
2015-07-01,2015,7,Prince Edward Island,100.1,,0.0
2015-08-01,2015,8,Prince Edward Island,100.0,,-0.09990009990009652
2015-09-01,2015,9,Prince Edward Island,99.0,,-1.0000000000000009
2015-10-01,2015,10,Prince Edward Island,99.0,,0.0
2015-11-01,2015,11,Prince Edward Island,99.1,,0.10101010101009056
2015-12-01,2015,12,Prince Edward Island,99.1,,0.0
2016-01-01,2016,1,Prince Edward Island,99.1,,0.0
2016-02-01,2016,2,Prince Edward Island,100.3,,1.2108980827447047
2016-03-01,2016,3,Prince Edward Island,100.3,,0.0
2016-04-01,2016,4,Prince Edward Island,100.4,,0.09970089730808596
2016-05-01,2016,5,Prince Edward Island,100.0,,-0.3984063745020028
2016-06-01,2016,6,Prince Edward Island,100.0,,0.0
2016-07-01,2016,7,Prince Edward Island,100.0,,0.0
2016-08-01,2016,8,Prince Edward Island,100.0,,0.0
2016-09-01,2016,9,Prince Edward Island,100.0,,0.0
2016-10-01,2016,10,Prince Edward Island,100.0,,0.0
2016-11-01,2016,11,Prince Edward Island,100.0,,0.0
2016-12-01,2016,12,Prince Edward Island,100.0,,0.0
2017-01-01,2017,1,Prince Edward Island,100.0,,0.0
2017-02-01,2017,2,Prince Edward Island,100.0,,0.0
2017-03-01,2017,3,Prince Edward Island,100.0,,0.0
2017-04-01,2017,4,Prince Edward Island,100.0,,0.0
2017-05-01,2017,5,Prince Edward Island,99.8,,-0.20000000000000018
2017-06-01,2017,6,Prince Edward Island,99.7,,-0.10020040080159776
2017-07-01,2017,7,Prince Edward Island,100.3,,0.6018054162487463
2017-08-01,2017,8,Prince Edward Island,100.3,,0.0
2017-09-01,2017,9,Prince Edward Island,100.3,,0.0
2017-10-01,2017,10,Prince Edward Island,100.3,,0.0
2017-11-01,2017,11,Prince Edward Island,100.3,,0.0
2017-12-01,2017,12,Prince Edward Island,100.3,,0.0
2018-01-01,2018,1,Prince Edward Island,100.3,E,0.0
2018-02-01,2018,2,Prince Edward Island,100.3,E,0.0
2018-03-01,2018,3,Prince Edward Island,100.5,E,0.1994017946161497
2018-04-01,2018,4,Prince Edward Island,100.5,E,0.0
2018-05-01,2018,5,Prince Edward Island,100.5,E,0.0
2018-06-01,2018,6,Prince Edward Island,100.4,E,-0.09950248756218638
2018-07-01,2018,7,Prince Edward Island,100.5,E,0.09960159362549792
2018-08-01,2018,8,Prince Edward Island,100.5,E,0.0
2018-09-01,2018,9,Prince Edward Island,100.3,E,-0.19900497512438386
2018-10-01,2018,10,Prince Edward Island,100.2,E,-0.09970089730807485
2018-11-01,2018,11,Prince Edward Island,100.0,E,-0.1996007984031989
2018-12-01,2018,12,Prince Edward Island,100.1,E,0.09999999999998899
2019-01-01,2019,1,Prince Edward Island,100.1,E,0.0
2019-02-01,2019,2,Prince Edward Island,100.1,E,0.0
2019-03-01,2019,3,Prince Edward Island,100.1,E,0.0
2019-04-01,2019,4,Prince Edward Island,100.1,E,0.0
2019-05-01,2019,5,Prince Edward Island,101.1,E,0.9990009990010096
2019-06-01,2019,6,Prince Edward Island,101.1,E,0.0
2019-07-01,2019,7,Prince Edward Island,101.1,E,0.0
2019-08-01,2019,8,Prince Edward Island,101.1,E,0.0
2019-09-01,2019,9,Prince Edward Island,102.0,E,0.8902077151335286
2019-10-01,2019,10,Prince Edward Island,102.0,E,0.0
2019-11-01,2019,11,Prince Edward Island,102.0,E,0.0
2019-12-01,2019,12,Prince Edward Island,102.0,E,0.0
2020-01-01,2020,1,Prince Edward Island,102.0,E,0.0
2020-02-01,2020,2,Prince Edward Island,102.0,E,0.0
2020-03-01,2020,3,Prince Edward Island,102.0,E,0.0
2020-04-01,2020,4,Prince Edward Island,102.0,E,0.0
2020-05-01,2020,5,Prince Edward Island,102.6,E,0.588235294117645
2020-06-01,2020,6,Prince Edward Island,102.6,E,0.0
2020-07-01,2020,7,Prince Edward Island,102.6,E,0.0
2020-08-01,2020,8,Prince Edward Island,102.6,E,0.0
2020-09-01,2020,9,Prince Edward Island,104.7,E,2.046783625731008
2020-10-01,2020,10,Prince Edward Island,104.7,E,0.0
2020-11-01,2020,11,Prince Edward Island,106.5,E,1.7191977077363862
2020-12-01,2020,12,Prince Edward Island,106.5,E,0.0
2021-01-01,2021,1,Prince Edward Island,110.0,E,3.2863849765258246
2021-02-01,2021,2,Prince Edward Island,110.2,E,0.1818181818181941
2021-03-01,2021,3,Prince Edward Island,113.9,E,3.3575317604355837
2021-04-01,2021,4,Prince Edward Island,115.2,E,1.1413520632133523
2021-05-01,2021,5,Prince Edward Island,118.9,E,3.211805555555558
2021-06-01,2021,6,Prince Edward Island,118.9,E,0.0
2021-07-01,2021,7,Prince Edward Island,119.7,E,0.6728343145500304
2021-08-01,2021,8,Prince Edward Island,119.8,E,0.08354218880535225
2021-09-01,2021,9,Prince Edward Island,119.7,E,-0.08347245409014992
2021-10-01,2021,10,Prince Edward Island,119.7,E,0.0
2021-11-01,2021,11,Prince Edward Island,119.7,E,0.0
2021-12-01,2021,12,Prince Edward Island,119.5,E,-0.1670843776106934
2022-01-01,2022,1,Prince Edward Island,119.5,E,0.0
2022-02-01,2022,2,Prince Edward Island,119.5,E,0.0
2022-03-01,2022,3,Prince Edward Island,121.3,E,1.5062761506276168
2022-04-01,2022,4,Prince Edward Island,121.3,E,0.0
2022-05-01,2022,5,Prince Edward Island,121.3,E,0.0
2022-06-01,2022,6,Prince Edward Island,122.5,E,0.9892827699917506
2022-07-01,2022,7,Prince Edward Island,122.8,E,0.2448979591836764
2022-08-01,2022,8,Prince Edward Island,122.8,E,0.0
2022-09-01,2022,9,Prince Edward Island,122.6,E,-0.16286644951140072
2022-10-01,2022,10,Prince Edward Island,122.6,E,0.0
2022-11-01,2022,11,Prince Edward Island,122.6,E,0.0
2022-12-01,2022,12,Prince Edward Island,122.6,E,0.0
2023-01-01,2023,1,Prince Edward Island,122.6,E,0.0
2023-02-01,2023,2,Prince Edward Island,122.6,E,0.0
2023-03-01,2023,3,Prince Edward Island,122.6,,0.0
2023-04-01,2023,4,Prince Edward Island,122.6,,0.0
2023-05-01,2023,5,Prince Edward Island,122.6,,0.0
2023-06-01,2023,6,Prince Edward Island,122.6,,0.0
2023-07-01,2023,7,Prince Edward Island,122.6,,0.0
2023-08-01,2023,8,Prince Edward Island,122.6,,0.0
2023-09-01,2023,9,Prince Edward Island,122.6,,0.0
2023-10-01,2023,10,Prince Edward Island,122.6,,0.0
2023-11-01,2023,11,Prince Edward Island,122.6,,0.0
2023-12-01,2023,12,Prince Edward Island,122.6,,0.0
2024-01-01,2024,1,Prince Edward Island,122.6,,0.0
2024-02-01,2024,2,Prince Edward Island,122.6,,0.0
2024-03-01,2024,3,Prince Edward Island,122.6,,0.0
2024-04-01,2024,4,Prince Edward Island,122.6,,0.0
2024-05-01,2024,5,Prince Edward Island,122.6,,0.0
2024-06-01,2024,6,Prince Edward Island,122.6,,0.0
2024-07-01,2024,7,Prince Edward Island,122.6,,0.0
2024-08-01,2024,8,Prince Edward Island,122.6,,0.0
2024-09-01,2024,9,Prince Edward Island,122.6,,0.0
2024-10-01,2024,10,Prince Edward Island,122.6,,0.0
2024-11-01,2024,11,Prince Edward Island,122.6,,0.0
2024-12-01,2024,12,Prince Edward Island,122.6,,0.0
2025-01-01,2025,1,Prince Edward Island,122.6,,0.0
2025-02-01,2025,2,Prince Edward Island,122.6,,0.0
2025-03-01,2025,3,Prince Edward Island,122.0,,-0.4893964110929794
2025-04-01,2025,4,Prince Edward Island,122.0,,0.0
2025-05-01,2025,5,Prince Edward Island,122.0,,0.0
2025-06-01,2025,6,Prince Edward Island,123.7,,1.3934426229508245
2025-07-01,2025,7,Prince Edward Island,123.7,,0.0
2025-08-01,2025,8,Prince Edward Island,123.7,,0.0
2025-09-01,2025,9,Prince Edward Island,123.7,,0.0
2025-10-01,2025,10,Prince Edward Island,123.7,,0.0
2025-11-01,2025,11,Prince Edward Island,123.7,,0.0
2025-12-01,2025,12,Prince Edward Island,123.7,,0.0
2026-01-01,2026,1,Prince Edward Island,123.7,,0.0
2026-02-01,2026,2,Prince Edward Island,123.7,,0.0
2026-03-01,2026,3,Prince Edward Island,123.7,,0.0
2026-04-01,2026,4,Prince Edward Island,123.7,,0.0
2026-05-01,2026,5,Prince Edward Island,123.7,,0.0
2026-06-01,2026,6,Prince Edward Island,123.7,,0.0
1986-01-01,1986,1,Quebec,38.5,,
1986-02-01,1986,2,Quebec,38.8,,0.7792207792207684
1986-03-01,1986,3,Quebec,39.0,,0.5154639175257714
1986-04-01,1986,4,Quebec,39.3,,0.7692307692307665
1986-05-01,1986,5,Quebec,39.4,,0.2544529262086481
1986-06-01,1986,6,Quebec,39.5,,0.2538071065989911
1986-07-01,1986,7,Quebec,39.8,,0.7594936708860578
1986-08-01,1986,8,Quebec,40.3,,1.2562814070351758
1986-09-01,1986,9,Quebec,40.8,,1.2406947890818865
1986-10-01,1986,10,Quebec,41.2,,0.9803921568627638
1986-11-01,1986,11,Quebec,41.8,,1.4563106796116276
1986-12-01,1986,12,Quebec,42.1,,0.717703349282317
1987-01-01,1987,1,Quebec,42.8,,1.6627078384797933
1987-02-01,1987,2,Quebec,43.2,,0.9345794392523477
1987-03-01,1987,3,Quebec,44.1,,2.083333333333326
1987-04-01,1987,4,Quebec,44.6,,1.133786848072571
1987-05-01,1987,5,Quebec,45.1,,1.1210762331838486
1987-06-01,1987,6,Quebec,45.4,,0.6651884700665134
1987-07-01,1987,7,Quebec,45.6,,0.4405286343612369
1987-08-01,1987,8,Quebec,46.5,,1.9736842105263053
1987-09-01,1987,9,Quebec,47.0,,1.0752688172043001
1987-10-01,1987,10,Quebec,47.4,,0.8510638297872353
1987-11-01,1987,11,Quebec,47.7,,0.6329113924050667
1987-12-01,1987,12,Quebec,47.9,,0.41928721174002703
1988-01-01,1988,1,Quebec,48.4,,1.0438413361169019
1988-02-01,1988,2,Quebec,48.7,,0.6198347107438051
1988-03-01,1988,3,Quebec,49.2,,1.0266940451745477
1988-04-01,1988,4,Quebec,49.5,,0.6097560975609762
1988-05-01,1988,5,Quebec,49.9,,0.8080808080808133
1988-06-01,1988,6,Quebec,49.9,,0.0
1988-07-01,1988,7,Quebec,50.0,,0.20040080160321772
1988-08-01,1988,8,Quebec,50.2,,0.40000000000000036
1988-09-01,1988,9,Quebec,50.4,,0.3984063745019917
1988-10-01,1988,10,Quebec,50.6,,0.3968253968253954
1988-11-01,1988,11,Quebec,50.7,,0.19762845849802257
1988-12-01,1988,12,Quebec,51.0,,0.591715976331364
1989-01-01,1989,1,Quebec,51.0,,0.0
1989-02-01,1989,2,Quebec,51.1,,0.19607843137254832
1989-03-01,1989,3,Quebec,51.3,,0.3913894324853118
1989-04-01,1989,4,Quebec,51.4,,0.19493177387914784
1989-05-01,1989,5,Quebec,51.9,,0.9727626459143934
1989-06-01,1989,6,Quebec,51.9,,0.0
1989-07-01,1989,7,Quebec,51.9,,0.0
1989-08-01,1989,8,Quebec,52.0,,0.19267822736031004
1989-09-01,1989,9,Quebec,52.2,,0.38461538461538325
1989-10-01,1989,10,Quebec,52.3,,0.19157088122603305
1989-11-01,1989,11,Quebec,52.5,,0.3824091778202643
1989-12-01,1989,12,Quebec,52.6,,0.19047619047618536
1990-01-01,1990,1,Quebec,52.7,,0.19011406844107182
1990-02-01,1990,2,Quebec,52.9,,0.3795066413662118
1990-03-01,1990,3,Quebec,53.0,,0.1890359168241984
1990-04-01,1990,4,Quebec,53.1,,0.18867924528302993
1990-05-01,1990,5,Quebec,53.2,,0.18832391713747842
1990-06-01,1990,6,Quebec,53.3,,0.1879699248120259
1990-07-01,1990,7,Quebec,53.3,,0.0
1990-08-01,1990,8,Quebec,53.5,,0.37523452157599557
1990-09-01,1990,9,Quebec,53.6,,0.18691588785046953
1990-10-01,1990,10,Quebec,53.6,,0.0
1990-11-01,1990,11,Quebec,53.7,,0.1865671641791078
1990-12-01,1990,12,Quebec,53.7,,0.0
1991-01-01,1991,1,Quebec,53.4,,-0.5586592178770999
1991-02-01,1991,2,Quebec,53.8,,0.7490636704119868
1991-03-01,1991,3,Quebec,54.3,,0.9293680297397744
1991-04-01,1991,4,Quebec,53.7,,-1.1049723756905938
1991-05-01,1991,5,Quebec,53.8,,0.18621973929235924
1991-06-01,1991,6,Quebec,53.9,,0.18587360594795044
1991-07-01,1991,7,Quebec,53.8,,-0.18552875695733162
1991-08-01,1991,8,Quebec,53.8,,0.0
1991-09-01,1991,9,Quebec,53.9,,0.18587360594795044
1991-10-01,1991,10,Quebec,54.0,,0.18552875695732052
1991-11-01,1991,11,Quebec,53.9,,-0.18518518518518823
1991-12-01,1991,12,Quebec,53.9,,0.0
1992-01-01,1992,1,Quebec,53.8,,-0.18552875695733162
1992-02-01,1992,2,Quebec,53.9,,0.18587360594795044
1992-03-01,1992,3,Quebec,54.0,,0.18552875695732052
1992-04-01,1992,4,Quebec,54.0,,0.0
1992-05-01,1992,5,Quebec,54.1,,0.18518518518517713
1992-06-01,1992,6,Quebec,54.1,,0.0
1992-07-01,1992,7,Quebec,54.0,,-0.1848428835489857
1992-08-01,1992,8,Quebec,54.0,,0.0
1992-09-01,1992,9,Quebec,54.0,,0.0
1992-10-01,1992,10,Quebec,54.0,,0.0
1992-11-01,1992,11,Quebec,53.9,,-0.18518518518518823
1992-12-01,1992,12,Quebec,53.9,,0.0
1993-01-01,1993,1,Quebec,53.9,,0.0
1993-02-01,1993,2,Quebec,53.9,,0.0
1993-03-01,1993,3,Quebec,53.9,,0.0
1993-04-01,1993,4,Quebec,54.3,,0.7421150278293043
1993-05-01,1993,5,Quebec,54.3,,0.0
1993-06-01,1993,6,Quebec,54.4,,0.18416206261511192
1993-07-01,1993,7,Quebec,54.4,,0.0
1993-08-01,1993,8,Quebec,54.4,,0.0
1993-09-01,1993,9,Quebec,54.4,,0.0
1993-10-01,1993,10,Quebec,54.5,,0.18382352941177516
1993-11-01,1993,11,Quebec,54.6,,0.18348623853210455
1993-12-01,1993,12,Quebec,54.6,,0.0
1994-01-01,1994,1,Quebec,54.5,,-0.1831501831501825
1994-02-01,1994,2,Quebec,54.4,,-0.18348623853211565
1994-03-01,1994,3,Quebec,54.4,,0.0
1994-04-01,1994,4,Quebec,54.3,,-0.18382352941176405
1994-05-01,1994,5,Quebec,54.5,,0.36832412523020164
1994-06-01,1994,6,Quebec,54.4,,-0.18348623853211565
1994-07-01,1994,7,Quebec,54.4,,0.0
1994-08-01,1994,8,Quebec,54.4,,0.0
1994-09-01,1994,9,Quebec,54.5,,0.18382352941177516
1994-10-01,1994,10,Quebec,54.5,,0.0
1994-11-01,1994,11,Quebec,54.7,,0.3669724770642313
1994-12-01,1994,12,Quebec,54.7,,0.0
1995-01-01,1995,1,Quebec,54.7,,0.0
1995-02-01,1995,2,Quebec,54.9,,0.3656307129798808
1995-03-01,1995,3,Quebec,54.9,,0.0
1995-04-01,1995,4,Quebec,54.9,,0.0
1995-05-01,1995,5,Quebec,54.9,,0.0
1995-06-01,1995,6,Quebec,55.0,,0.18214936247722413
1995-07-01,1995,7,Quebec,55.0,,0.0
1995-08-01,1995,8,Quebec,55.0,,0.0
1995-09-01,1995,9,Quebec,55.0,,0.0
1995-10-01,1995,10,Quebec,54.9,,-0.181818181818183
1995-11-01,1995,11,Quebec,54.8,,-0.18214936247723523
1995-12-01,1995,12,Quebec,54.8,,0.0
1996-01-01,1996,1,Quebec,54.7,,-0.18248175182480342
1996-02-01,1996,2,Quebec,54.6,,-0.1828153564899515
1996-03-01,1996,3,Quebec,54.5,,-0.1831501831501825
1996-04-01,1996,4,Quebec,54.5,,0.0
1996-05-01,1996,5,Quebec,54.5,,0.0
1996-06-01,1996,6,Quebec,54.7,,0.3669724770642313
1996-07-01,1996,7,Quebec,54.7,,0.0
1996-08-01,1996,8,Quebec,54.7,,0.0
1996-09-01,1996,9,Quebec,54.8,,0.1828153564899404
1996-10-01,1996,10,Quebec,54.7,,-0.18248175182480342
1996-11-01,1996,11,Quebec,54.7,,0.0
1996-12-01,1996,12,Quebec,54.9,,0.3656307129798808
1997-01-01,1997,1,Quebec,54.8,,-0.18214936247723523
1997-02-01,1997,2,Quebec,54.8,,0.0
1997-03-01,1997,3,Quebec,54.8,,0.0
1997-04-01,1997,4,Quebec,54.6,,-0.36496350364962904
1997-05-01,1997,5,Quebec,54.3,,-0.5494505494505586
1997-06-01,1997,6,Quebec,54.4,,0.18416206261511192
1997-07-01,1997,7,Quebec,54.4,,0.0
1997-08-01,1997,8,Quebec,54.6,,0.3676470588235281
1997-09-01,1997,9,Quebec,54.6,,0.0
1997-10-01,1997,10,Quebec,54.7,,0.1831501831501825
1997-11-01,1997,11,Quebec,54.7,,0.0
1997-12-01,1997,12,Quebec,54.7,,0.0
1998-01-01,1998,1,Quebec,54.8,,0.1828153564899404
1998-02-01,1998,2,Quebec,55.0,,0.36496350364965124
1998-03-01,1998,3,Quebec,55.0,,0.0
1998-04-01,1998,4,Quebec,54.9,,-0.181818181818183
1998-05-01,1998,5,Quebec,54.9,,0.0
1998-06-01,1998,6,Quebec,54.9,,0.0
1998-07-01,1998,7,Quebec,54.9,,0.0
1998-08-01,1998,8,Quebec,54.9,,0.0
1998-09-01,1998,9,Quebec,54.8,,-0.18214936247723523
1998-10-01,1998,10,Quebec,55.0,,0.36496350364965124
1998-11-01,1998,11,Quebec,54.9,,-0.181818181818183
1998-12-01,1998,12,Quebec,54.9,,0.0
1999-01-01,1999,1,Quebec,55.1,,0.36429872495447047
1999-02-01,1999,2,Quebec,55.4,,0.5444646098003547
1999-03-01,1999,3,Quebec,55.7,,0.5415162454873723
1999-04-01,1999,4,Quebec,55.7,,0.0
1999-05-01,1999,5,Quebec,55.8,,0.17953321364452268
1999-06-01,1999,6,Quebec,55.9,,0.17921146953405742
1999-07-01,1999,7,Quebec,55.9,,0.0
1999-08-01,1999,8,Quebec,56.2,,0.5366726296959001
1999-09-01,1999,9,Quebec,56.3,,0.177935943060481
1999-10-01,1999,10,Quebec,56.5,,0.355239786856143
1999-11-01,1999,11,Quebec,56.7,,0.3539823008849696
1999-12-01,1999,12,Quebec,56.7,,0.0
2000-01-01,2000,1,Quebec,56.9,,0.3527336860670083
2000-02-01,2000,2,Quebec,57.0,,0.17574692442883233
2000-03-01,2000,3,Quebec,57.2,,0.35087719298245723
2000-04-01,2000,4,Quebec,57.4,,0.34965034965033226
2000-05-01,2000,5,Quebec,57.7,,0.5226480836237002
2000-06-01,2000,6,Quebec,57.7,,0.0
2000-07-01,2000,7,Quebec,57.7,,0.0
2000-08-01,2000,8,Quebec,58.3,,1.0398613518197486
2000-09-01,2000,9,Quebec,58.6,,0.5145797598627766
2000-10-01,2000,10,Quebec,58.8,,0.3412969283276279
2000-11-01,2000,11,Quebec,59.0,,0.3401360544217802
2000-12-01,2000,12,Quebec,59.0,,0.0
2001-01-01,2001,1,Quebec,59.3,,0.5084745762711895
2001-02-01,2001,2,Quebec,59.8,,0.8431703204047292
2001-03-01,2001,3,Quebec,60.0,,0.33444816053511683
2001-04-01,2001,4,Quebec,60.2,,0.33333333333334103
2001-05-01,2001,5,Quebec,60.5,,0.4983388704318914
2001-06-01,2001,6,Quebec,60.8,,0.49586776859502635
2001-07-01,2001,7,Quebec,60.8,,0.0
2001-08-01,2001,8,Quebec,61.0,,0.328947368421062
2001-09-01,2001,9,Quebec,61.2,,0.3278688524590123
2001-10-01,2001,10,Quebec,61.3,,0.16339869281045694
2001-11-01,2001,11,Quebec,61.4,,0.16313213703100793
2001-12-01,2001,12,Quebec,61.4,,0.0
2002-01-01,2002,1,Quebec,61.7,,0.48859934853420217
2002-02-01,2002,2,Quebec,62.0,,0.4862236628849326
2002-03-01,2002,3,Quebec,62.5,,0.8064516129032251
2002-04-01,2002,4,Quebec,63.4,,1.4399999999999968
2002-05-01,2002,5,Quebec,63.8,,0.6309148264984188
2002-06-01,2002,6,Quebec,63.9,,0.15673981191222097
2002-07-01,2002,7,Quebec,63.9,,0.0
2002-08-01,2002,8,Quebec,64.5,,0.9389671361502261
2002-09-01,2002,9,Quebec,64.8,,0.46511627906975495
2002-10-01,2002,10,Quebec,65.2,,0.6172839506172867
2002-11-01,2002,11,Quebec,66.5,,1.9938650306748462
2002-12-01,2002,12,Quebec,66.5,,0.0
2003-01-01,2003,1,Quebec,67.3,,1.2030075187969835
2003-02-01,2003,2,Quebec,68.1,,1.1887072808320909
2003-03-01,2003,3,Quebec,67.7,,-0.587371512481627
2003-04-01,2003,4,Quebec,67.9,,0.2954209748892156
2003-05-01,2003,5,Quebec,68.1,,0.2945508100147043
2003-06-01,2003,6,Quebec,68.3,,0.2936857562408246
2003-07-01,2003,7,Quebec,68.3,,0.0
2003-08-01,2003,8,Quebec,69.3,,1.4641288433382194
2003-09-01,2003,9,Quebec,69.9,,0.8658008658008809
2003-10-01,2003,10,Quebec,70.3,,0.5722460658082795
2003-11-01,2003,11,Quebec,70.8,,0.7112375533428139
2003-12-01,2003,12,Quebec,70.9,,0.14124293785311437
2004-01-01,2004,1,Quebec,71.2,,0.42313117066290484
2004-02-01,2004,2,Quebec,71.6,,0.561797752808979
2004-03-01,2004,3,Quebec,71.9,,0.41899441340784715
2004-04-01,2004,4,Quebec,72.6,,0.9735744089012455
2004-05-01,2004,5,Quebec,73.0,,0.5509641873278293
2004-06-01,2004,6,Quebec,73.1,,0.1369863013698458
2004-07-01,2004,7,Quebec,73.1,,0.0
2004-08-01,2004,8,Quebec,73.8,,0.9575923392612928
2004-09-01,2004,9,Quebec,74.2,,0.5420054200542035
2004-10-01,2004,10,Quebec,74.7,,0.6738544474393482
2004-11-01,2004,11,Quebec,75.2,,0.6693440428380271
2004-12-01,2004,12,Quebec,75.2,,0.0
2005-01-01,2005,1,Quebec,75.5,,0.3989361702127603
2005-02-01,2005,2,Quebec,75.8,,0.3973509933774766
2005-03-01,2005,3,Quebec,76.2,,0.5277044854881341
2005-04-01,2005,4,Quebec,76.4,,0.2624671916010568
2005-05-01,2005,5,Quebec,76.5,,0.13089005235600304
2005-06-01,2005,6,Quebec,76.7,,0.2614379084967311
2005-07-01,2005,7,Quebec,76.7,,0.0
2005-08-01,2005,8,Quebec,77.1,,0.5215123859191539
2005-09-01,2005,9,Quebec,77.6,,0.6485084306095956
2005-10-01,2005,10,Quebec,77.9,,0.38659793814435073
2005-11-01,2005,11,Quebec,78.2,,0.38510911424902705
2005-12-01,2005,12,Quebec,78.2,,0.0
2006-01-01,2006,1,Quebec,78.5,,0.38363171355497716
2006-02-01,2006,2,Quebec,79.1,,0.7643312101910826
2006-03-01,2006,3,Quebec,79.2,,0.12642225031607168
2006-04-01,2006,4,Quebec,79.9,,0.8838383838383868
2006-05-01,2006,5,Quebec,80.2,,0.3754693366708306
2006-06-01,2006,6,Quebec,80.4,,0.24937655860348684
2006-07-01,2006,7,Quebec,80.4,,0.0
2006-08-01,2006,8,Quebec,80.8,,0.4975124378109319
2006-09-01,2006,9,Quebec,80.9,,0.12376237623763497
2006-10-01,2006,10,Quebec,81.1,,0.24721878862792313
2006-11-01,2006,11,Quebec,81.5,,0.4932182490752224
2006-12-01,2006,12,Quebec,81.5,,0.0
2007-01-01,2007,1,Quebec,81.8,,0.36809815950920033
2007-02-01,2007,2,Quebec,82.9,,1.344743276283622
2007-03-01,2007,3,Quebec,83.0,,0.12062726176114147
2007-04-01,2007,4,Quebec,83.0,,0.0
2007-05-01,2007,5,Quebec,83.3,,0.3614457831325302
2007-06-01,2007,6,Quebec,83.4,,0.12004801920768582
2007-07-01,2007,7,Quebec,83.4,,0.0
2007-08-01,2007,8,Quebec,84.3,,1.0791366906474753
2007-09-01,2007,9,Quebec,84.4,,0.11862396204034287
2007-10-01,2007,10,Quebec,84.5,,0.11848341232227888
2007-11-01,2007,11,Quebec,85.2,,0.8284023668639007
2007-12-01,2007,12,Quebec,85.2,,0.0
2008-01-01,2008,1,Quebec,85.8,,0.7042253521126751
2008-02-01,2008,2,Quebec,86.6,,0.932400932400923
2008-03-01,2008,3,Quebec,86.6,,0.0
2008-04-01,2008,4,Quebec,86.6,,0.0
2008-05-01,2008,5,Quebec,87.9,,1.5011547344111031
2008-06-01,2008,6,Quebec,88.0,,0.11376564277587597
2008-07-01,2008,7,Quebec,88.1,,0.1136363636363491
2008-08-01,2008,8,Quebec,88.8,,0.7945516458569779
2008-09-01,2008,9,Quebec,88.7,,-0.11261261261260591
2008-10-01,2008,10,Quebec,88.7,,0.0
2008-11-01,2008,11,Quebec,89.2,,0.5636978579481422
2008-12-01,2008,12,Quebec,89.1,,-0.11210762331839152
2009-01-01,2009,1,Quebec,89.3,,0.22446689113355678
2009-02-01,2009,2,Quebec,90.0,,0.7838745800671898
2009-03-01,2009,3,Quebec,90.2,,0.22222222222223476
2009-04-01,2009,4,Quebec,90.2,,0.0
2009-05-01,2009,5,Quebec,90.4,,0.22172949002217113
2009-06-01,2009,6,Quebec,90.5,,0.11061946902655162
2009-07-01,2009,7,Quebec,90.5,,0.0
2009-08-01,2009,8,Quebec,90.7,,0.22099447513812542
2009-09-01,2009,9,Quebec,90.8,,0.11025358324145973
2009-10-01,2009,10,Quebec,91.2,,0.4405286343612369
2009-11-01,2009,11,Quebec,91.6,,0.43859649122806044
2009-12-01,2009,12,Quebec,91.8,,0.21834061135370675
2010-01-01,2010,1,Quebec,91.8,,0.0
2010-02-01,2010,2,Quebec,92.0,,0.21786492374729072
2010-03-01,2010,3,Quebec,92.8,,0.8695652173912993
2010-04-01,2010,4,Quebec,92.8,,0.0
2010-05-01,2010,5,Quebec,93.1,,0.3232758620689724
2010-06-01,2010,6,Quebec,93.2,,0.10741138560688146
2010-07-01,2010,7,Quebec,93.2,,0.0
2010-08-01,2010,8,Quebec,93.4,,0.21459227467810482
2010-09-01,2010,9,Quebec,94.6,,1.2847965738757905
2010-10-01,2010,10,Quebec,94.7,,0.10570824524314126
2010-11-01,2010,11,Quebec,94.9,,0.21119324181626542
2010-12-01,2010,12,Quebec,94.6,,-0.31612223393046035
2011-01-01,2011,1,Quebec,95.0,,0.42283298097252064
2011-02-01,2011,2,Quebec,95.3,,0.3157894736842026
2011-03-01,2011,3,Quebec,95.3,,0.0
2011-04-01,2011,4,Quebec,95.6,,0.31479538300105414
2011-05-01,2011,5,Quebec,96.0,,0.4184100418409997
2011-06-01,2011,6,Quebec,95.9,,-0.10416666666666075
2011-07-01,2011,7,Quebec,95.9,,0.0
2011-08-01,2011,8,Quebec,96.0,,0.10427528675702735
2011-09-01,2011,9,Quebec,96.1,,0.10416666666666075
2011-10-01,2011,10,Quebec,96.1,,0.0
2011-11-01,2011,11,Quebec,96.6,,0.520291363163361
2011-12-01,2011,12,Quebec,96.8,,0.20703933747412417
2012-01-01,2012,1,Quebec,96.8,,0.0
2012-02-01,2012,2,Quebec,97.0,,0.20661157024792765
2012-03-01,2012,3,Quebec,97.2,,0.20618556701030855
2012-04-01,2012,4,Quebec,97.2,,0.0
2012-05-01,2012,5,Quebec,97.3,,0.10288065843619965
2012-06-01,2012,6,Quebec,97.4,,0.10277492291881352
2012-07-01,2012,7,Quebec,97.5,,0.10266940451744144
2012-08-01,2012,8,Quebec,97.7,,0.20512820512821328
2012-09-01,2012,9,Quebec,97.7,,0.0
2012-10-01,2012,10,Quebec,98.0,,0.3070624360286489
2012-11-01,2012,11,Quebec,98.2,,0.20408163265306367
2012-12-01,2012,12,Quebec,98.2,,0.0
2013-01-01,2013,1,Quebec,98.2,,0.0
2013-02-01,2013,2,Quebec,98.3,,0.10183299389001643
2013-03-01,2013,3,Quebec,98.3,,0.0
2013-04-01,2013,4,Quebec,98.2,,-0.10172939979653517
2013-05-01,2013,5,Quebec,98.4,,0.20366598778003286
2013-06-01,2013,6,Quebec,98.6,,0.20325203252031798
2013-07-01,2013,7,Quebec,98.5,,-0.10141987829613841
2013-08-01,2013,8,Quebec,98.6,,0.10152284263957867
2013-09-01,2013,9,Quebec,98.6,,0.0
2013-10-01,2013,10,Quebec,98.6,,0.0
2013-11-01,2013,11,Quebec,98.7,,0.10141987829614951
2013-12-01,2013,12,Quebec,98.7,,0.0
2014-01-01,2014,1,Quebec,98.8,,0.10131712259371373
2014-02-01,2014,2,Quebec,98.8,,0.0
2014-03-01,2014,3,Quebec,98.8,,0.0
2014-04-01,2014,4,Quebec,98.8,,0.0
2014-05-01,2014,5,Quebec,98.9,,0.10121457489880026
2014-06-01,2014,6,Quebec,98.9,,0.0
2014-07-01,2014,7,Quebec,98.9,,0.0
2014-08-01,2014,8,Quebec,98.9,,0.0
2014-09-01,2014,9,Quebec,98.7,,-0.2022244691607722
2014-10-01,2014,10,Quebec,98.8,,0.10131712259371373
2014-11-01,2014,11,Quebec,98.8,,0.0
2014-12-01,2014,12,Quebec,98.7,,-0.10121457489877805
2015-01-01,2015,1,Quebec,98.8,,0.10131712259371373
2015-02-01,2015,2,Quebec,99.0,,0.2024291497975783
2015-03-01,2015,3,Quebec,99.0,,0.0
2015-04-01,2015,4,Quebec,98.9,,-0.10101010101009056
2015-05-01,2015,5,Quebec,98.7,,-0.2022244691607722
2015-06-01,2015,6,Quebec,98.7,,0.0
2015-07-01,2015,7,Quebec,98.9,,0.20263424518744966
2015-08-01,2015,8,Quebec,99.0,,0.10111223458038054
2015-09-01,2015,9,Quebec,99.1,,0.10101010101009056
2015-10-01,2015,10,Quebec,99.1,,0.0
2015-11-01,2015,11,Quebec,99.4,,0.3027245206861817
2015-12-01,2015,12,Quebec,99.4,,0.0
2016-01-01,2016,1,Quebec,99.4,,0.0
2016-02-01,2016,2,Quebec,99.5,,0.1006036217303663
2016-03-01,2016,3,Quebec,99.6,,0.10050251256281673
2016-04-01,2016,4,Quebec,99.6,,0.0
2016-05-01,2016,5,Quebec,99.6,,0.0
2016-06-01,2016,6,Quebec,99.6,,0.0
2016-07-01,2016,7,Quebec,99.7,,0.10040160642570406
2016-08-01,2016,8,Quebec,99.7,,0.0
2016-09-01,2016,9,Quebec,100.0,,0.30090270812437314
2016-10-01,2016,10,Quebec,100.0,,0.0
2016-11-01,2016,11,Quebec,100.0,,0.0
2016-12-01,2016,12,Quebec,100.0,,0.0
2017-01-01,2017,1,Quebec,100.1,,0.09999999999998899
2017-02-01,2017,2,Quebec,100.3,,0.19980019980019303
2017-03-01,2017,3,Quebec,100.2,,-0.09970089730807485
2017-04-01,2017,4,Quebec,100.3,,0.09980039920158834
2017-05-01,2017,5,Quebec,100.4,,0.09970089730808596
2017-06-01,2017,6,Quebec,100.5,,0.09960159362549792
2017-07-01,2017,7,Quebec,100.7,,0.19900497512437276
2017-08-01,2017,8,Quebec,100.7,,0.0
2017-09-01,2017,9,Quebec,100.8,,0.09930486593843213
2017-10-01,2017,10,Quebec,101.0,,0.1984126984126977
2017-11-01,2017,11,Quebec,101.1,,0.0990099009900991
2017-12-01,2017,12,Quebec,101.1,,0.0
2018-01-01,2018,1,Quebec,101.4,,0.29673590504453173
2018-02-01,2018,2,Quebec,101.8,,0.39447731755424265
2018-03-01,2018,3,Quebec,101.8,,0.0
2018-04-01,2018,4,Quebec,101.9,,0.09823182711199419
2018-05-01,2018,5,Quebec,101.9,,0.0
2018-06-01,2018,6,Quebec,102.6,,0.6869479882237295
2018-07-01,2018,7,Quebec,102.7,,0.09746588693957392
2018-08-01,2018,8,Quebec,103.0,,0.2921129503407949
2018-09-01,2018,9,Quebec,103.1,,0.0970873786407811
2018-10-01,2018,10,Quebec,103.2,,0.09699321047527132
2018-11-01,2018,11,Quebec,103.5,,0.29069767441860517
2018-12-01,2018,12,Quebec,103.5,,0.0
2019-01-01,2019,1,Quebec,103.6,,0.09661835748790981
2019-02-01,2019,2,Quebec,103.6,,0.0
2019-03-01,2019,3,Quebec,103.7,,0.09652509652511299
2019-04-01,2019,4,Quebec,103.8,,0.0964320154291265
2019-05-01,2019,5,Quebec,104.0,,0.19267822736031004
2019-06-01,2019,6,Quebec,104.3,,0.28846153846153744
2019-07-01,2019,7,Quebec,105.4,,1.0546500479386545
2019-08-01,2019,8,Quebec,106.3,,0.8538899430740043
2019-09-01,2019,9,Quebec,106.8,,0.470366886171214
2019-10-01,2019,10,Quebec,107.5,,0.655430711610494
2019-11-01,2019,11,Quebec,108.4,,0.8372093023255811
2019-12-01,2019,12,Quebec,108.6,,0.18450184501843658
2020-01-01,2020,1,Quebec,108.8,,0.18416206261511192
2020-02-01,2020,2,Quebec,109.5,,0.6433823529411686
2020-03-01,2020,3,Quebec,110.1,,0.5479452054794498
2020-04-01,2020,4,Quebec,110.3,,0.18165304268846771
2020-05-01,2020,5,Quebec,110.3,,0.0
2020-06-01,2020,6,Quebec,110.7,,0.3626473254759732
2020-07-01,2020,7,Quebec,111.1,,0.3613369467027949
2020-08-01,2020,8,Quebec,111.8,,0.6300630063006407
2020-09-01,2020,9,Quebec,112.7,,0.805008944543828
2020-10-01,2020,10,Quebec,115.2,,2.2182786157941337
2020-11-01,2020,11,Quebec,116.7,,1.302083333333326
2020-12-01,2020,12,Quebec,117.5,,0.6855184233076184
2021-01-01,2021,1,Quebec,117.8,,0.2553191489361728
2021-02-01,2021,2,Quebec,118.8,,0.8488964346349714
2021-03-01,2021,3,Quebec,120.5,,1.4309764309764272
2021-04-01,2021,4,Quebec,127.2,,5.560165975103737
2021-05-01,2021,5,Quebec,128.6,,1.1006289308175932
2021-06-01,2021,6,Quebec,129.5,,0.6998444790046632
2021-07-01,2021,7,Quebec,130.1,,0.46332046332044907
2021-08-01,2021,8,Quebec,131.4,,0.9992313604919367
2021-09-01,2021,9,Quebec,133.3,,1.4459665144596734
2021-10-01,2021,10,Quebec,133.6,,0.22505626406601476
2021-11-01,2021,11,Quebec,134.8,,0.8982035928143839
2021-12-01,2021,12,Quebec,135.3,,0.37091988130564246
2022-01-01,2022,1,Quebec,135.6,,0.22172949002217113
2022-02-01,2022,2,Quebec,137.4,,1.3274336283185972
2022-03-01,2022,3,Quebec,140.9,,2.547307132459964
2022-04-01,2022,4,Quebec,140.5,,-0.2838892831795614
2022-05-01,2022,5,Quebec,141.6,,0.782918149466183
2022-06-01,2022,6,Quebec,141.5,,-0.07062146892654608
2022-07-01,2022,7,Quebec,141.4,,-0.07067137809186885
2022-08-01,2022,8,Quebec,141.5,,0.07072135785006761
2022-09-01,2022,9,Quebec,141.3,,-0.1413427561837377
2022-10-01,2022,10,Quebec,141.9,,0.424628450106157
2022-11-01,2022,11,Quebec,141.4,,-0.35236081747709314
2022-12-01,2022,12,Quebec,141.7,,0.21216407355020284
2023-01-01,2023,1,Quebec,141.7,,0.0
2023-02-01,2023,2,Quebec,141.5,,-0.14114326040930436
2023-03-01,2023,3,Quebec,141.6,,0.07067137809186885
2023-04-01,2023,4,Quebec,142.5,,0.6355932203389925
2023-05-01,2023,5,Quebec,142.7,,0.140350877192974
2023-06-01,2023,6,Quebec,142.3,,-0.2803083391730743
2023-07-01,2023,7,Quebec,142.4,,0.07027406886859211
2023-08-01,2023,8,Quebec,142.4,,0.0
2023-09-01,2023,9,Quebec,141.7,,-0.49157303370788163
2023-10-01,2023,10,Quebec,141.9,,0.14114326040932657
2023-11-01,2023,11,Quebec,141.8,,-0.0704721634954164
2023-12-01,2023,12,Quebec,141.8,,0.0
2024-01-01,2024,1,Quebec,141.6,,-0.14104372355431272
2024-02-01,2024,2,Quebec,142.0,,0.28248587570622874
2024-03-01,2024,3,Quebec,142.4,,0.28169014084507005
2024-04-01,2024,4,Quebec,142.3,,-0.0702247191011196
2024-05-01,2024,5,Quebec,142.8,,0.35137034434293835
2024-06-01,2024,6,Quebec,142.4,,-0.2801120448179262
2024-07-01,2024,7,Quebec,142.7,,0.2106741573033588
2024-08-01,2024,8,Quebec,142.6,,-0.07007708479327412
2024-09-01,2024,9,Quebec,143.3,,0.4908835904628539
2024-10-01,2024,10,Quebec,143.3,,0.0
2024-11-01,2024,11,Quebec,144.0,,0.488485694347518
2024-12-01,2024,12,Quebec,144.1,,0.0694444444444331
2025-01-01,2025,1,Quebec,144.3,,0.1387925052047212
2025-02-01,2025,2,Quebec,144.6,,0.20790020790020236
2025-03-01,2025,3,Quebec,145.6,,0.6915629322268302
2025-04-01,2025,4,Quebec,145.7,,0.06868131868131844
2025-05-01,2025,5,Quebec,145.7,,0.0
2025-06-01,2025,6,Quebec,145.6,,-0.06863417982154729
2025-07-01,2025,7,Quebec,146.1,,0.3434065934065922
2025-08-01,2025,8,Quebec,146.5,,0.2737850787132068
2025-09-01,2025,9,Quebec,148.1,,1.0921501706484538
2025-10-01,2025,10,Quebec,148.6,,0.33760972316003723
2025-11-01,2025,11,Quebec,148.7,,0.06729475100941684
2025-12-01,2025,12,Quebec,149.1,,0.26899798251514007
2026-01-01,2026,1,Quebec,149.3,,0.13413816230718467
2026-02-01,2026,2,Quebec,149.5,,0.13395847287340779
2026-03-01,2026,3,Quebec,149.6,,0.06688963210701449
2026-04-01,2026,4,Quebec,150.1,,0.33422459893048817
2026-05-01,2026,5,Quebec,149.8,,-0.19986675549632515
2026-06-01,2026,6,Quebec,149.6,,-0.1335113484646322
1986-01-01,1986,1,Saskatchewan,29.9,,
1986-02-01,1986,2,Saskatchewan,30.1,,0.6688963210702337
1986-03-01,1986,3,Saskatchewan,30.2,,0.33222591362125353
1986-04-01,1986,4,Saskatchewan,30.3,,0.33112582781458233
1986-05-01,1986,5,Saskatchewan,30.6,,0.990099009900991
1986-06-01,1986,6,Saskatchewan,30.6,,0.0
1986-07-01,1986,7,Saskatchewan,30.6,,0.0
1986-08-01,1986,8,Saskatchewan,30.7,,0.32679738562091387
1986-09-01,1986,9,Saskatchewan,30.8,,0.32573289902280145
1986-10-01,1986,10,Saskatchewan,30.9,,0.32467532467532756
1986-11-01,1986,11,Saskatchewan,31.1,,0.6472491909385258
1986-12-01,1986,12,Saskatchewan,31.3,,0.6430868167202508
1987-01-01,1987,1,Saskatchewan,31.3,,0.0
1987-02-01,1987,2,Saskatchewan,31.4,,0.31948881789136685
1987-03-01,1987,3,Saskatchewan,31.4,,0.0
1987-04-01,1987,4,Saskatchewan,31.5,,0.31847133757962887
1987-05-01,1987,5,Saskatchewan,31.7,,0.6349206349206327
1987-06-01,1987,6,Saskatchewan,31.8,,0.3154574132492094
1987-07-01,1987,7,Saskatchewan,31.9,,0.3144654088050203
1987-08-01,1987,8,Saskatchewan,31.9,,0.0
1987-09-01,1987,9,Saskatchewan,32.0,,0.31347962382446415
1987-10-01,1987,10,Saskatchewan,32.0,,0.0
1987-11-01,1987,11,Saskatchewan,32.1,,0.31250000000000444
1987-12-01,1987,12,Saskatchewan,32.2,,0.31152647975078995
1988-01-01,1988,1,Saskatchewan,32.2,,0.0
1988-02-01,1988,2,Saskatchewan,32.1,,-0.31055900621118626
1988-03-01,1988,3,Saskatchewan,32.2,,0.31152647975078995
1988-04-01,1988,4,Saskatchewan,32.2,,0.0
1988-05-01,1988,5,Saskatchewan,32.2,,0.0
1988-06-01,1988,6,Saskatchewan,32.4,,0.6211180124223503
1988-07-01,1988,7,Saskatchewan,32.4,,0.0
1988-08-01,1988,8,Saskatchewan,32.4,,0.0
1988-09-01,1988,9,Saskatchewan,32.4,,0.0
1988-10-01,1988,10,Saskatchewan,32.5,,0.30864197530864335
1988-11-01,1988,11,Saskatchewan,32.4,,-0.3076923076923088
1988-12-01,1988,12,Saskatchewan,32.5,,0.30864197530864335
1989-01-01,1989,1,Saskatchewan,32.5,,0.0
1989-02-01,1989,2,Saskatchewan,32.5,,0.0
1989-03-01,1989,3,Saskatchewan,32.5,,0.0
1989-04-01,1989,4,Saskatchewan,32.5,,0.0
1989-05-01,1989,5,Saskatchewan,32.6,,0.3076923076923199
1989-06-01,1989,6,Saskatchewan,32.6,,0.0
1989-07-01,1989,7,Saskatchewan,32.7,,0.30674846625766694
1989-08-01,1989,8,Saskatchewan,32.7,,0.0
1989-09-01,1989,9,Saskatchewan,32.9,,0.6116207951070152
1989-10-01,1989,10,Saskatchewan,33.0,,0.3039513677811634
1989-11-01,1989,11,Saskatchewan,32.9,,-0.303030303030305
1989-12-01,1989,12,Saskatchewan,32.8,,-0.3039513677811634
1990-01-01,1990,1,Saskatchewan,32.8,,0.0
1990-02-01,1990,2,Saskatchewan,33.0,,0.6097560975609762
1990-03-01,1990,3,Saskatchewan,33.0,,0.0
1990-04-01,1990,4,Saskatchewan,33.0,,0.0
1990-05-01,1990,5,Saskatchewan,33.0,,0.0
1990-06-01,1990,6,Saskatchewan,33.1,,0.3030303030303161
1990-07-01,1990,7,Saskatchewan,33.1,,0.0
1990-08-01,1990,8,Saskatchewan,33.1,,0.0
1990-09-01,1990,9,Saskatchewan,33.1,,0.0
1990-10-01,1990,10,Saskatchewan,33.1,,0.0
1990-11-01,1990,11,Saskatchewan,33.1,,0.0
1990-12-01,1990,12,Saskatchewan,33.1,,0.0
1991-01-01,1991,1,Saskatchewan,33.1,,0.0
1991-02-01,1991,2,Saskatchewan,33.2,,0.30211480362538623
1991-03-01,1991,3,Saskatchewan,33.3,,0.30120481927709
1991-04-01,1991,4,Saskatchewan,33.2,,-0.30030030030028243
1991-05-01,1991,5,Saskatchewan,33.2,,0.0
1991-06-01,1991,6,Saskatchewan,33.1,,-0.3012048192771122
1991-07-01,1991,7,Saskatchewan,33.2,,0.30211480362538623
1991-08-01,1991,8,Saskatchewan,33.3,,0.30120481927709
1991-09-01,1991,9,Saskatchewan,33.3,,0.0
1991-10-01,1991,10,Saskatchewan,33.4,,0.30030030030030463
1991-11-01,1991,11,Saskatchewan,33.5,,0.29940119760478723
1991-12-01,1991,12,Saskatchewan,33.5,,0.0
1992-01-01,1992,1,Saskatchewan,33.5,,0.0
1992-02-01,1992,2,Saskatchewan,33.5,,0.0
1992-03-01,1992,3,Saskatchewan,33.6,,0.29850746268658135
1992-04-01,1992,4,Saskatchewan,33.9,,0.8928571428571397
1992-05-01,1992,5,Saskatchewan,34.3,,1.179941002949847
1992-06-01,1992,6,Saskatchewan,34.3,,0.0
1992-07-01,1992,7,Saskatchewan,34.3,,0.0
1992-08-01,1992,8,Saskatchewan,34.3,,0.0
1992-09-01,1992,9,Saskatchewan,34.4,,0.291545189504383
1992-10-01,1992,10,Saskatchewan,34.4,,0.0
1992-11-01,1992,11,Saskatchewan,34.6,,0.5813953488372103
1992-12-01,1992,12,Saskatchewan,34.7,,0.28901734104047616
1993-01-01,1993,1,Saskatchewan,34.8,,0.28818443804032867
1993-02-01,1993,2,Saskatchewan,35.1,,0.8620689655172598
1993-03-01,1993,3,Saskatchewan,35.7,,1.7094017094017033
1993-04-01,1993,4,Saskatchewan,35.8,,0.28011204481790397
1993-05-01,1993,5,Saskatchewan,35.8,,0.0
1993-06-01,1993,6,Saskatchewan,35.7,,-0.27932960893852776
1993-07-01,1993,7,Saskatchewan,35.7,,0.0
1993-08-01,1993,8,Saskatchewan,35.8,,0.28011204481790397
1993-09-01,1993,9,Saskatchewan,35.8,,0.0
1993-10-01,1993,10,Saskatchewan,35.9,,0.27932960893854997
1993-11-01,1993,11,Saskatchewan,36.1,,0.5571030640668662
1993-12-01,1993,12,Saskatchewan,36.3,,0.5540166204986097
1994-01-01,1994,1,Saskatchewan,36.6,,0.826446280991755
1994-02-01,1994,2,Saskatchewan,36.6,,0.0
1994-03-01,1994,3,Saskatchewan,36.6,,0.0
1994-04-01,1994,4,Saskatchewan,36.6,,0.0
1994-05-01,1994,5,Saskatchewan,36.7,,0.2732240437158584
1994-06-01,1994,6,Saskatchewan,36.6,,-0.27247956403270157
1994-07-01,1994,7,Saskatchewan,36.7,,0.2732240437158584
1994-08-01,1994,8,Saskatchewan,36.7,,0.0
1994-09-01,1994,9,Saskatchewan,36.7,,0.0
1994-10-01,1994,10,Saskatchewan,36.7,,0.0
1994-11-01,1994,11,Saskatchewan,36.7,,0.0
1994-12-01,1994,12,Saskatchewan,36.6,,-0.27247956403270157
1995-01-01,1995,1,Saskatchewan,36.7,,0.2732240437158584
1995-02-01,1995,2,Saskatchewan,37.0,,0.8174386920980936
1995-03-01,1995,3,Saskatchewan,37.3,,0.8108108108108025
1995-04-01,1995,4,Saskatchewan,37.5,,0.536193029490617
1995-05-01,1995,5,Saskatchewan,37.5,,0.0
1995-06-01,1995,6,Saskatchewan,37.5,,0.0
1995-07-01,1995,7,Saskatchewan,37.5,,0.0
1995-08-01,1995,8,Saskatchewan,37.5,,0.0
1995-09-01,1995,9,Saskatchewan,37.5,,0.0
1995-10-01,1995,10,Saskatchewan,37.6,,0.2666666666666595
1995-11-01,1995,11,Saskatchewan,37.6,,0.0
1995-12-01,1995,12,Saskatchewan,37.6,,0.0
1996-01-01,1996,1,Saskatchewan,37.6,,0.0
1996-02-01,1996,2,Saskatchewan,37.7,,0.26595744680850686
1996-03-01,1996,3,Saskatchewan,37.8,,0.2652519893899141
1996-04-01,1996,4,Saskatchewan,37.8,,0.0
1996-05-01,1996,5,Saskatchewan,37.9,,0.2645502645502784
1996-06-01,1996,6,Saskatchewan,38.0,,0.26385224274407815
1996-07-01,1996,7,Saskatchewan,38.1,,0.263157894736854
1996-08-01,1996,8,Saskatchewan,38.1,,0.0
1996-09-01,1996,9,Saskatchewan,38.4,,0.7874015748031482
1996-10-01,1996,10,Saskatchewan,38.4,,0.0
1996-11-01,1996,11,Saskatchewan,38.4,,0.0
1996-12-01,1996,12,Saskatchewan,38.4,,0.0
1997-01-01,1997,1,Saskatchewan,38.4,,0.0
1997-02-01,1997,2,Saskatchewan,38.4,,0.0
1997-03-01,1997,3,Saskatchewan,38.6,,0.5208333333333481
1997-04-01,1997,4,Saskatchewan,38.7,,0.2590673575129543
1997-05-01,1997,5,Saskatchewan,39.0,,0.7751937984496138
1997-06-01,1997,6,Saskatchewan,39.2,,0.512820512820511
1997-07-01,1997,7,Saskatchewan,39.3,,0.25510204081631294
1997-08-01,1997,8,Saskatchewan,39.3,,0.0
1997-09-01,1997,9,Saskatchewan,39.3,,0.0
1997-10-01,1997,10,Saskatchewan,39.3,,0.0
1997-11-01,1997,11,Saskatchewan,39.4,,0.2544529262086481
1997-12-01,1997,12,Saskatchewan,39.6,,0.5076142131979822
1998-01-01,1998,1,Saskatchewan,39.8,,0.5050505050504972
1998-02-01,1998,2,Saskatchewan,39.8,,0.0
1998-03-01,1998,3,Saskatchewan,39.9,,0.2512562814070307
1998-04-01,1998,4,Saskatchewan,40.1,,0.5012531328320913
1998-05-01,1998,5,Saskatchewan,40.2,,0.24937655860348684
1998-06-01,1998,6,Saskatchewan,40.2,,0.0
1998-07-01,1998,7,Saskatchewan,40.2,,0.0
1998-08-01,1998,8,Saskatchewan,40.3,,0.24875621890545485
1998-09-01,1998,9,Saskatchewan,40.4,,0.24813895781639062
1998-10-01,1998,10,Saskatchewan,40.4,,0.0
1998-11-01,1998,11,Saskatchewan,40.4,,0.0
1998-12-01,1998,12,Saskatchewan,40.4,,0.0
1999-01-01,1999,1,Saskatchewan,40.5,,0.24752475247524774
1999-02-01,1999,2,Saskatchewan,40.6,,0.24691358024691024
1999-03-01,1999,3,Saskatchewan,40.7,,0.24630541871921707
1999-04-01,1999,4,Saskatchewan,41.0,,0.7371007371007376
1999-05-01,1999,5,Saskatchewan,41.1,,0.24390243902439046
1999-06-01,1999,6,Saskatchewan,41.1,,0.0
1999-07-01,1999,7,Saskatchewan,41.1,,0.0
1999-08-01,1999,8,Saskatchewan,41.2,,0.24330900243310083
1999-09-01,1999,9,Saskatchewan,41.3,,0.24271844660193054
1999-10-01,1999,10,Saskatchewan,41.3,,0.0
1999-11-01,1999,11,Saskatchewan,41.4,,0.2421307506053294
1999-12-01,1999,12,Saskatchewan,41.4,,0.0
2000-01-01,2000,1,Saskatchewan,41.4,,0.0
2000-02-01,2000,2,Saskatchewan,41.5,,0.24154589371980784
2000-03-01,2000,3,Saskatchewan,41.8,,0.7228915662650603
2000-04-01,2000,4,Saskatchewan,41.8,,0.0
2000-05-01,2000,5,Saskatchewan,41.8,,0.0
2000-06-01,2000,6,Saskatchewan,41.9,,0.23923444976077235
2000-07-01,2000,7,Saskatchewan,41.9,,0.0
2000-08-01,2000,8,Saskatchewan,41.9,,0.0
2000-09-01,2000,9,Saskatchewan,42.3,,0.9546539379474916
2000-10-01,2000,10,Saskatchewan,42.3,,0.0
2000-11-01,2000,11,Saskatchewan,42.3,,0.0
2000-12-01,2000,12,Saskatchewan,42.4,,0.23640661938535423
2001-01-01,2001,1,Saskatchewan,42.5,,0.2358490566037874
2001-02-01,2001,2,Saskatchewan,42.5,,0.0
2001-03-01,2001,3,Saskatchewan,42.9,,0.9411764705882231
2001-04-01,2001,4,Saskatchewan,43.2,,0.6993006993007089
2001-05-01,2001,5,Saskatchewan,43.2,,0.0
2001-06-01,2001,6,Saskatchewan,43.3,,0.23148148148146586
2001-07-01,2001,7,Saskatchewan,43.3,,0.0
2001-08-01,2001,8,Saskatchewan,43.3,,0.0
2001-09-01,2001,9,Saskatchewan,43.3,,0.0
2001-10-01,2001,10,Saskatchewan,43.3,,0.0
2001-11-01,2001,11,Saskatchewan,43.3,,0.0
2001-12-01,2001,12,Saskatchewan,43.4,,0.23094688221709792
2002-01-01,2002,1,Saskatchewan,43.4,,0.0
2002-02-01,2002,2,Saskatchewan,43.5,,0.23041474654377225
2002-03-01,2002,3,Saskatchewan,43.8,,0.6896551724137945
2002-04-01,2002,4,Saskatchewan,43.8,,0.0
2002-05-01,2002,5,Saskatchewan,43.8,,0.0
2002-06-01,2002,6,Saskatchewan,44.0,,0.4566210045662267
2002-07-01,2002,7,Saskatchewan,44.2,,0.454545454545463
2002-08-01,2002,8,Saskatchewan,44.4,,0.4524886877828038
2002-09-01,2002,9,Saskatchewan,44.4,,0.0
2002-10-01,2002,10,Saskatchewan,44.5,,0.22522522522523403
2002-11-01,2002,11,Saskatchewan,44.7,,0.44943820224718767
2002-12-01,2002,12,Saskatchewan,44.7,,0.0
2003-01-01,2003,1,Saskatchewan,44.7,,0.0
2003-02-01,2003,2,Saskatchewan,44.9,,0.4474272930648615
2003-03-01,2003,3,Saskatchewan,45.3,,0.8908685968819663
2003-04-01,2003,4,Saskatchewan,45.4,,0.22075055187638082
2003-05-01,2003,5,Saskatchewan,45.4,,0.0
2003-06-01,2003,6,Saskatchewan,45.8,,0.8810572687224738
2003-07-01,2003,7,Saskatchewan,45.9,,0.21834061135370675
2003-08-01,2003,8,Saskatchewan,46.3,,0.8714596949890963
2003-09-01,2003,9,Saskatchewan,46.7,,0.8639308855291628
2003-10-01,2003,10,Saskatchewan,46.9,,0.4282655246252487
2003-11-01,2003,11,Saskatchewan,46.9,,0.0
2003-12-01,2003,12,Saskatchewan,47.0,,0.2132196162046851
2004-01-01,2004,1,Saskatchewan,47.0,,0.0
2004-02-01,2004,2,Saskatchewan,47.2,,0.42553191489362874
2004-03-01,2004,3,Saskatchewan,47.6,,0.8474576271186418
2004-04-01,2004,4,Saskatchewan,47.8,,0.42016806722688926
2004-05-01,2004,5,Saskatchewan,48.0,,0.4184100418409997
2004-06-01,2004,6,Saskatchewan,48.7,,1.4583333333333393
2004-07-01,2004,7,Saskatchewan,48.7,,0.0
2004-08-01,2004,8,Saskatchewan,48.8,,0.2053388090349051
2004-09-01,2004,9,Saskatchewan,50.1,,2.6639344262295195
2004-10-01,2004,10,Saskatchewan,50.1,,0.0
2004-11-01,2004,11,Saskatchewan,50.1,,0.0
2004-12-01,2004,12,Saskatchewan,50.2,,0.1996007984031989
2005-01-01,2005,1,Saskatchewan,50.2,,0.0
2005-02-01,2005,2,Saskatchewan,50.7,,0.9960159362549792
2005-03-01,2005,3,Saskatchewan,51.3,,1.1834319526627057
2005-04-01,2005,4,Saskatchewan,51.3,,0.0
2005-05-01,2005,5,Saskatchewan,51.6,,0.5847953216374435
2005-06-01,2005,6,Saskatchewan,51.5,,-0.19379844961240345
2005-07-01,2005,7,Saskatchewan,51.5,,0.0
2005-08-01,2005,8,Saskatchewan,51.5,,0.0
2005-09-01,2005,9,Saskatchewan,52.2,,1.3592233009708687
2005-10-01,2005,10,Saskatchewan,52.4,,0.3831417624520883
2005-11-01,2005,11,Saskatchewan,52.4,,0.0
2005-12-01,2005,12,Saskatchewan,52.4,,0.0
2006-01-01,2006,1,Saskatchewan,53.2,,1.526717557251911
2006-02-01,2006,2,Saskatchewan,53.2,,0.0
2006-03-01,2006,3,Saskatchewan,54.5,,2.443609022556381
2006-04-01,2006,4,Saskatchewan,54.9,,0.7339449541284404
2006-05-01,2006,5,Saskatchewan,55.0,,0.18214936247722413
2006-06-01,2006,6,Saskatchewan,55.8,,1.4545454545454417
2006-07-01,2006,7,Saskatchewan,56.4,,1.0752688172043001
2006-08-01,2006,8,Saskatchewan,56.4,,0.0
2006-09-01,2006,9,Saskatchewan,58.0,,2.8368794326241176
2006-10-01,2006,10,Saskatchewan,58.0,,0.0
2006-11-01,2006,11,Saskatchewan,58.5,,0.8620689655172376
2006-12-01,2006,12,Saskatchewan,60.0,,2.564102564102555
2007-01-01,2007,1,Saskatchewan,60.0,,0.0
2007-02-01,2007,2,Saskatchewan,61.3,,2.1666666666666723
2007-03-01,2007,3,Saskatchewan,65.4,,6.688417618270814
2007-04-01,2007,4,Saskatchewan,66.7,,1.9877675840978437
2007-05-01,2007,5,Saskatchewan,71.9,,7.796101949025491
2007-06-01,2007,6,Saskatchewan,76.1,,5.841446453407495
2007-07-01,2007,7,Saskatchewan,78.0,,2.4967148488830526
2007-08-01,2007,8,Saskatchewan,80.4,,3.076923076923088
2007-09-01,2007,9,Saskatchewan,80.6,,0.24875621890545485
2007-10-01,2007,10,Saskatchewan,80.9,,0.3722084367245859
2007-11-01,2007,11,Saskatchewan,81.2,,0.3708281829418958
2007-12-01,2007,12,Saskatchewan,81.7,,0.6157635467980205
2008-01-01,2008,1,Saskatchewan,83.7,,2.447980416156681
2008-02-01,2008,2,Saskatchewan,88.3,,5.4958183990442055
2008-03-01,2008,3,Saskatchewan,90.0,,1.925254813137034
2008-04-01,2008,4,Saskatchewan,93.1,,3.4444444444444278
2008-05-01,2008,5,Saskatchewan,93.9,,0.8592910848550073
2008-06-01,2008,6,Saskatchewan,92.6,,-1.3844515441959637
2008-07-01,2008,7,Saskatchewan,93.8,,1.2958963282937441
2008-08-01,2008,8,Saskatchewan,92.3,,-1.5991471215351827
2008-09-01,2008,9,Saskatchewan,91.3,,-1.0834236186348822
2008-10-01,2008,10,Saskatchewan,90.6,,-0.766703176341732
2008-11-01,2008,11,Saskatchewan,90.4,,-0.22075055187636972
2008-12-01,2008,12,Saskatchewan,90.1,,-0.33185840707965486
2009-01-01,2009,1,Saskatchewan,90.5,,0.4439511653718142
2009-02-01,2009,2,Saskatchewan,89.8,,-0.7734806629834279
2009-03-01,2009,3,Saskatchewan,89.5,,-0.33407572383072903
2009-04-01,2009,4,Saskatchewan,89.4,,-0.11173184357541333
2009-05-01,2009,5,Saskatchewan,88.8,,-0.6711409395973256
2009-06-01,2009,6,Saskatchewan,89.0,,0.22522522522523403
2009-07-01,2009,7,Saskatchewan,89.0,,0.0
2009-08-01,2009,8,Saskatchewan,89.5,,0.561797752808979
2009-09-01,2009,9,Saskatchewan,89.7,,0.22346368715084886
2009-10-01,2009,10,Saskatchewan,89.8,,0.11148272017835748
2009-11-01,2009,11,Saskatchewan,89.8,,0.0
2009-12-01,2009,12,Saskatchewan,89.9,,0.11135857461026522
2010-01-01,2010,1,Saskatchewan,90.2,,0.33370411568409697
2010-02-01,2010,2,Saskatchewan,91.4,,1.330376940133049
2010-03-01,2010,3,Saskatchewan,91.6,,0.2188183807439792
2010-04-01,2010,4,Saskatchewan,92.4,,0.8733624454148492
2010-05-01,2010,5,Saskatchewan,93.9,,1.6233766233766156
2010-06-01,2010,6,Saskatchewan,93.8,,-0.10649627263046302
2010-07-01,2010,7,Saskatchewan,93.8,,0.0
2010-08-01,2010,8,Saskatchewan,93.8,,0.0
2010-09-01,2010,9,Saskatchewan,93.8,,0.0
2010-10-01,2010,10,Saskatchewan,94.1,,0.31982942430703876
2010-11-01,2010,11,Saskatchewan,94.2,,0.10626992561106885
2010-12-01,2010,12,Saskatchewan,94.2,,0.0
2011-01-01,2011,1,Saskatchewan,94.2,,0.0
2011-02-01,2011,2,Saskatchewan,94.9,,0.7430997876857859
2011-03-01,2011,3,Saskatchewan,95.0,,0.10537407797681642
2011-04-01,2011,4,Saskatchewan,95.1,,0.10526315789474161
2011-05-01,2011,5,Saskatchewan,95.7,,0.630914826498441
2011-06-01,2011,6,Saskatchewan,95.7,,0.0
2011-07-01,2011,7,Saskatchewan,95.7,,0.0
2011-08-01,2011,8,Saskatchewan,96.2,,0.5224660397074254
2011-09-01,2011,9,Saskatchewan,96.3,,0.10395010395010118
2011-10-01,2011,10,Saskatchewan,96.2,,-0.10384215991692258
2011-11-01,2011,11,Saskatchewan,97.0,,0.8316008316008316
2011-12-01,2011,12,Saskatchewan,97.0,,0.0
2012-01-01,2012,1,Saskatchewan,97.4,,0.4123711340206171
2012-02-01,2012,2,Saskatchewan,98.2,,0.8213552361396204
2012-03-01,2012,3,Saskatchewan,98.2,,0.0
2012-04-01,2012,4,Saskatchewan,98.7,,0.5091649694501044
2012-05-01,2012,5,Saskatchewan,98.9,,0.20263424518744966
2012-06-01,2012,6,Saskatchewan,99.0,,0.10111223458038054
2012-07-01,2012,7,Saskatchewan,99.0,,0.0
2012-08-01,2012,8,Saskatchewan,99.0,,0.0
2012-09-01,2012,9,Saskatchewan,99.0,,0.0
2012-10-01,2012,10,Saskatchewan,99.0,,0.0
2012-11-01,2012,11,Saskatchewan,99.0,,0.0
2012-12-01,2012,12,Saskatchewan,99.1,,0.10101010101009056
2013-01-01,2013,1,Saskatchewan,99.1,,0.0
2013-02-01,2013,2,Saskatchewan,99.5,,0.4036326942482349
2013-03-01,2013,3,Saskatchewan,100.1,,0.6030150753768782
2013-04-01,2013,4,Saskatchewan,100.4,,0.29970029970030065
2013-05-01,2013,5,Saskatchewan,100.4,,0.0
2013-06-01,2013,6,Saskatchewan,100.8,,0.3984063745019917
2013-07-01,2013,7,Saskatchewan,100.6,,-0.1984126984126977
2013-08-01,2013,8,Saskatchewan,100.9,,0.29821073558649047
2013-09-01,2013,9,Saskatchewan,100.9,,0.0
2013-10-01,2013,10,Saskatchewan,101.5,,0.5946481665014769
2013-11-01,2013,11,Saskatchewan,101.6,,0.09852216748766907
2013-12-01,2013,12,Saskatchewan,101.6,,0.0
2014-01-01,2014,1,Saskatchewan,102.6,,0.9842519685039353
2014-02-01,2014,2,Saskatchewan,102.7,,0.09746588693957392
2014-03-01,2014,3,Saskatchewan,102.6,,-0.09737098344694273
2014-04-01,2014,4,Saskatchewan,102.5,,-0.09746588693956282
2014-05-01,2014,5,Saskatchewan,102.6,,0.09756097560975618
2014-06-01,2014,6,Saskatchewan,102.7,,0.09746588693957392
2014-07-01,2014,7,Saskatchewan,102.6,,-0.09737098344694273
2014-08-01,2014,8,Saskatchewan,102.6,,0.0
2014-09-01,2014,9,Saskatchewan,102.5,,-0.09746588693956282
2014-10-01,2014,10,Saskatchewan,102.5,,0.0
2014-11-01,2014,11,Saskatchewan,102.5,,0.0
2014-12-01,2014,12,Saskatchewan,102.4,,-0.09756097560974508
2015-01-01,2015,1,Saskatchewan,102.4,,0.0
2015-02-01,2015,2,Saskatchewan,102.3,,-0.0976562500000111
2015-03-01,2015,3,Saskatchewan,102.1,,-0.19550342130987275
2015-04-01,2015,4,Saskatchewan,101.7,,-0.3917727717923536
2015-05-01,2015,5,Saskatchewan,102.1,,0.3933136676499416
2015-06-01,2015,6,Saskatchewan,101.8,,-0.2938295788442624
2015-07-01,2015,7,Saskatchewan,102.1,,0.29469548133596035
2015-08-01,2015,8,Saskatchewan,102.0,,-0.09794319294808007
2015-09-01,2015,9,Saskatchewan,101.6,,-0.39215686274510775
2015-10-01,2015,10,Saskatchewan,101.3,,-0.2952755905511806
2015-11-01,2015,11,Saskatchewan,101.0,,-0.29615004935833467
2015-12-01,2015,12,Saskatchewan,101.1,,0.0990099009900991
2016-01-01,2016,1,Saskatchewan,101.0,,-0.09891196834816984
2016-02-01,2016,2,Saskatchewan,100.8,,-0.1980198019801982
2016-03-01,2016,3,Saskatchewan,100.6,,-0.1984126984126977
2016-04-01,2016,4,Saskatchewan,100.3,,-0.29821073558647937
2016-05-01,2016,5,Saskatchewan,100.2,,-0.09970089730807485
2016-06-01,2016,6,Saskatchewan,100.1,,-0.09980039920161055
2016-07-01,2016,7,Saskatchewan,100.0,,-0.09990009990009652
2016-08-01,2016,8,Saskatchewan,99.8,,-0.20000000000000018
2016-09-01,2016,9,Saskatchewan,99.8,,0.0
2016-10-01,2016,10,Saskatchewan,99.8,,0.0
2016-11-01,2016,11,Saskatchewan,99.7,,-0.10020040080159776
2016-12-01,2016,12,Saskatchewan,100.0,,0.30090270812437314
2017-01-01,2017,1,Saskatchewan,99.9,,-0.09999999999998899
2017-02-01,2017,2,Saskatchewan,100.0,,0.10010010010008674
2017-03-01,2017,3,Saskatchewan,100.0,,0.0
2017-04-01,2017,4,Saskatchewan,100.0,,0.0
2017-05-01,2017,5,Saskatchewan,99.8,,-0.20000000000000018
2017-06-01,2017,6,Saskatchewan,99.6,,-0.2004008016032066
2017-07-01,2017,7,Saskatchewan,99.6,,0.0
2017-08-01,2017,8,Saskatchewan,99.7,,0.10040160642570406
2017-09-01,2017,9,Saskatchewan,99.5,,-0.20060180541625616
2017-10-01,2017,10,Saskatchewan,99.5,,0.0
2017-11-01,2017,11,Saskatchewan,99.1,,-0.4020100502512669
2017-12-01,2017,12,Saskatchewan,99.1,,0.0
2018-01-01,2018,1,Saskatchewan,99.1,,0.0
2018-02-01,2018,2,Saskatchewan,98.6,,-0.5045408678102881
2018-03-01,2018,3,Saskatchewan,98.6,,0.0
2018-04-01,2018,4,Saskatchewan,98.9,,0.30425963488844854
2018-05-01,2018,5,Saskatchewan,98.7,,-0.2022244691607722
2018-06-01,2018,6,Saskatchewan,98.5,,-0.20263424518743856
2018-07-01,2018,7,Saskatchewan,98.6,,0.10152284263957867
2018-08-01,2018,8,Saskatchewan,98.4,,-0.20283975659227682
2018-09-01,2018,9,Saskatchewan,98.2,,-0.20325203252032908
2018-10-01,2018,10,Saskatchewan,98.1,,-0.10183299389002753
2018-11-01,2018,11,Saskatchewan,97.9,,-0.20387359836899765
2018-12-01,2018,12,Saskatchewan,97.7,,-0.20429009193054792
2019-01-01,2019,1,Saskatchewan,97.6,,-0.10235414534289777
2019-02-01,2019,2,Saskatchewan,97.6,,0.0
2019-03-01,2019,3,Saskatchewan,97.6,,0.0
2019-04-01,2019,4,Saskatchewan,96.9,,-0.7172131147540894
2019-05-01,2019,5,Saskatchewan,96.8,,-0.10319917440660964
2019-06-01,2019,6,Saskatchewan,96.8,,0.0
2019-07-01,2019,7,Saskatchewan,96.7,,-0.10330578512396382
2019-08-01,2019,8,Saskatchewan,96.5,,-0.20682523267838704
2019-09-01,2019,9,Saskatchewan,96.7,,0.2072538860103723
2019-10-01,2019,10,Saskatchewan,96.8,,0.10341261633919352
2019-11-01,2019,11,Saskatchewan,96.0,,-0.8264462809917328
2019-12-01,2019,12,Saskatchewan,96.2,,0.2083333333333437
2020-01-01,2020,1,Saskatchewan,95.5,,-0.7276507276507305
2020-02-01,2020,2,Saskatchewan,95.3,,-0.20942408376963817
2020-03-01,2020,3,Saskatchewan,95.1,,-0.20986358866736943
2020-04-01,2020,4,Saskatchewan,95.0,,-0.1051524710830698
2020-05-01,2020,5,Saskatchewan,95.1,,0.10526315789474161
2020-06-01,2020,6,Saskatchewan,95.0,,-0.1051524710830698
2020-07-01,2020,7,Saskatchewan,94.8,,-0.21052631578947212
2020-08-01,2020,8,Saskatchewan,95.0,,0.21097046413502962
2020-09-01,2020,9,Saskatchewan,94.8,,-0.21052631578947212
2020-10-01,2020,10,Saskatchewan,95.3,,0.527426160337563
2020-11-01,2020,11,Saskatchewan,95.2,,-0.10493179433367361
2020-12-01,2020,12,Saskatchewan,95.5,,0.31512605042016695
2021-01-01,2021,1,Saskatchewan,95.9,,0.41884816753927634
2021-02-01,2021,2,Saskatchewan,96.2,,0.31282586027110426
2021-03-01,2021,3,Saskatchewan,97.5,,1.3513513513513375
2021-04-01,2021,4,Saskatchewan,97.9,,0.41025641025642656
2021-05-01,2021,5,Saskatchewan,100.4,,2.5536261491317713
2021-06-01,2021,6,Saskatchewan,102.2,,1.7928286852589626
2021-07-01,2021,7,Saskatchewan,103.0,,0.7827788649706457
2021-08-01,2021,8,Saskatchewan,103.0,,0.0
2021-09-01,2021,9,Saskatchewan,102.4,,-0.5825242718446533
2021-10-01,2021,10,Saskatchewan,102.8,,0.390625
2021-11-01,2021,11,Saskatchewan,102.9,,0.09727626459143934
2021-12-01,2021,12,Saskatchewan,103.3,,0.38872691933915515
2022-01-01,2022,1,Saskatchewan,103.8,,0.4840271055179146
2022-02-01,2022,2,Saskatchewan,104.1,,0.28901734104045396
2022-03-01,2022,3,Saskatchewan,104.9,,0.7684918347742764
2022-04-01,2022,4,Saskatchewan,105.7,,0.7626310772163913
2022-05-01,2022,5,Saskatchewan,105.8,,0.09460737937558861
2022-06-01,2022,6,Saskatchewan,106.2,,0.3780718336483968
2022-07-01,2022,7,Saskatchewan,106.1,,-0.09416195856875031
2022-08-01,2022,8,Saskatchewan,106.7,,0.5655042412818112
2022-09-01,2022,9,Saskatchewan,106.9,,0.18744142455482393
2022-10-01,2022,10,Saskatchewan,106.9,,0.0
2022-11-01,2022,11,Saskatchewan,106.5,,-0.374181478016844
2022-12-01,2022,12,Saskatchewan,106.2,,-0.28169014084507005
2023-01-01,2023,1,Saskatchewan,106.2,,0.0
2023-02-01,2023,2,Saskatchewan,105.5,,-0.6591337099811745
2023-03-01,2023,3,Saskatchewan,105.5,,0.0
2023-04-01,2023,4,Saskatchewan,106.0,,0.4739336492890933
2023-05-01,2023,5,Saskatchewan,105.8,,-0.18867924528301883
2023-06-01,2023,6,Saskatchewan,104.9,,-0.8506616257088817
2023-07-01,2023,7,Saskatchewan,104.9,,0.0
2023-08-01,2023,8,Saskatchewan,104.6,,-0.28598665395616063
2023-09-01,2023,9,Saskatchewan,104.6,,0.0
2023-10-01,2023,10,Saskatchewan,104.4,,-0.19120458891012104
2023-11-01,2023,11,Saskatchewan,103.9,,-0.47892720306513814
2023-12-01,2023,12,Saskatchewan,103.7,,-0.19249278152069227
2024-01-01,2024,1,Saskatchewan,103.7,,0.0
2024-02-01,2024,2,Saskatchewan,103.7,,0.0
2024-03-01,2024,3,Saskatchewan,104.0,,0.2892960462873573
2024-04-01,2024,4,Saskatchewan,103.7,,-0.28846153846153744
2024-05-01,2024,5,Saskatchewan,104.4,,0.6750241080038633
2024-06-01,2024,6,Saskatchewan,104.9,,0.47892720306512704
2024-07-01,2024,7,Saskatchewan,105.3,,0.38131553860818457
2024-08-01,2024,8,Saskatchewan,105.4,,0.09496676163343043
2024-09-01,2024,9,Saskatchewan,105.7,,0.2846299810246755
2024-10-01,2024,10,Saskatchewan,105.7,,0.0
2024-11-01,2024,11,Saskatchewan,105.9,,0.18921475875117721
2024-12-01,2024,12,Saskatchewan,105.9,,0.0
2025-01-01,2025,1,Saskatchewan,106.4,,0.47214353163360645
2025-02-01,2025,2,Saskatchewan,107.6,,1.1278195488721776
2025-03-01,2025,3,Saskatchewan,107.2,,-0.3717472118959009
2025-04-01,2025,4,Saskatchewan,107.8,,0.5597014925373012
2025-05-01,2025,5,Saskatchewan,108.9,,1.0204081632653184
2025-06-01,2025,6,Saskatchewan,109.0,,0.09182736455464191
2025-07-01,2025,7,Saskatchewan,109.0,,0.0
2025-08-01,2025,8,Saskatchewan,109.7,,0.6422018348623881
2025-09-01,2025,9,Saskatchewan,109.6,,-0.09115770282589475
2025-10-01,2025,10,Saskatchewan,109.6,,0.0
2025-11-01,2025,11,Saskatchewan,110.1,,0.45620437956204185
2025-12-01,2025,12,Saskatchewan,110.1,,0.0
2026-01-01,2026,1,Saskatchewan,109.9,,-0.1816530426884566
2026-02-01,2026,2,Saskatchewan,110.7,,0.7279344858962755
2026-03-01,2026,3,Saskatchewan,111.1,,0.3613369467027949
2026-04-01,2026,4,Saskatchewan,111.8,,0.6300630063006407
2026-05-01,2026,5,Saskatchewan,111.7,,-0.08944543828264262
2026-06-01,2026,6,Saskatchewan,111.7,,0.0
