REF_DATE,GEO,DGUID,UOM,UOM_ID,SCALAR_FACTOR,SCALAR_ID,VECTOR,COORDINATE,VALUE,STATUS,SYMBOL,TERMINATED,DECIMALS
1990-01,Canada,2016A000011124,Units,300,thousands,3,v52300157,1,276.428,,,,3
1990-01,Atlantic provinces,2016A00011,Units,300,thousands,3,v52300158,2,13.302,,,,3
1990-01,Newfoundland and Labrador,2016A000210,Units,300,thousands,3,v52300159,3,4.811,,,,3
1990-01,Prince Edward Island,2016A000211,Units,300,thousands,3,v52300160,4,0.804,,,,3
1990-01,Nova Scotia,2016A000212,Units,300,thousands,3,v52300161,5,5.84,,,,3
1990-01,New Brunswick,2016A000213,Units,300,thousands,3,v52300162,6,1.847,,,,3
1990-01,Quebec,2016A000224,Units,300,thousands,3,v52300163,7,62.026,,,,3
1990-01,Ontario,2016A000235,Units,300,thousands,3,v52300164,8,118.51,,,,3
1990-01,Prairie provinces,2016A00014,Units,300,thousands,3,v52300165,9,36.419,,,,3
1990-01,Manitoba,2016A000246,Units,300,thousands,3,v52300166,10,9.536,,,,3
1990-01,Saskatchewan,2016A000247,Units,300,thousands,3,v52300167,11,1.484,,,,3
1990-01,Alberta,2016A000248,Units,300,thousands,3,v52300168,12,25.399,,,,3
1990-01,British Columbia,2016A000259,Units,300,thousands,3,v52300169,13,46.171,,,,3
1990-02,Canada,2016A000011124,Units,300,thousands,3,v52300157,1,255.893,,,,3
1990-02,Atlantic provinces,2016A00011,Units,300,thousands,3,v52300158,2,18.088,,,,3
1990-02,Newfoundland and Labrador,2016A000210,Units,300,thousands,3,v52300159,3,6.115,,,,3
1990-02,Prince Edward Island,2016A000211,Units,300,thousands,3,v52300160,4,1.022,,,,3
1990-02,Nova Scotia,2016A000212,Units,300,thousands,3,v52300161,5,5.61,,,,3
1990-02,New Brunswick,2016A000213,Units,300,thousands,3,v52300162,6,5.341,,,,3
1990-02,Quebec,2016A000224,Units,300,thousands,3,v52300163,7,77.397,,,,3
1990-02,Ontario,2016A000235,Units,300,thousands,3,v52300164,8,77.476,,,,3
1990-02,Prairie provinces,2016A00014,Units,300,thousands,3,v52300165,9,27.423,,,,3
1990-02,Manitoba,2016A000246,Units,300,thousands,3,v52300166,10,5.469,,,,3
1990-02,Saskatchewan,2016A000247,Units,300,thousands,3,v52300167,11,1.219,,,,3
1990-02,Alberta,2016A000248,Units,300,thousands,3,v52300168,12,20.735,,,,3
1990-02,British Columbia,2016A000259,Units,300,thousands,3,v52300169,13,55.509,,,,3
1990-03,Canada,2016A000011124,Units,300,thousands,3,v52300157,1,254.693,,,,3
1990-03,Atlantic provinces,2016A00011,Units,300,thousands,3,v52300158,2,20.758,,,,3
1990-03,Newfoundland and Labrador,2016A000210,Units,300,thousands,3,v52300159,3,6.737,,,,3
1990-03,Prince Edward Island,2016A000211,Units,300,thousands,3,v52300160,4,1.469,,,,3
1990-03,Nova Scotia,2016A000212,Units,300,thousands,3,v52300161,5,4.833,,,,3
1990-03,New Brunswick,2016A000213,Units,300,thousands,3,v52300162,6,7.719,,,,3
1990-03,Quebec,2016A000224,Units,300,thousands,3,v52300163,7,64.967,,,,3
1990-03,Ontario,2016A000235,Units,300,thousands,3,v52300164,8,94.289,,,,3
1990-03,Prairie provinces,2016A00014,Units,300,thousands,3,v52300165,9,30.018,,,,3
1990-03,Manitoba,2016A000246,Units,300,thousands,3,v52300166,10,4.401,,,,3
1990-03,Saskatchewan,2016A000247,Units,300,thousands,3,v52300167,11,1.486,,,,3
1990-03,Alberta,2016A000248,Units,300,thousands,3,v52300168,12,24.131,,,,3
1990-03,British Columbia,2016A000259,Units,300,thousands,3,v52300169,13,44.661,,,,3
1990-04,Canada,2016A000011124,Units,300,thousands,3,v52300157,1,215.859,,,,3
1990-04,Atlantic provinces,2016A00011,Units,300,thousands,3,v52300158,2,15.211,,,,3
1990-04,Newfoundland and Labrador,2016A000210,Units,300,thousands,3,v52300159,3,2.944,,,,3
1990-04,Prince Edward Island,2016A000211,Units,300,thousands,3,v52300160,4,0.419,,,,3
1990-04,Nova Scotia,2016A000212,Units,300,thousands,3,v52300161,5,8.486,,,,3
1990-04,New Brunswick,2016A000213,Units,300,thousands,3,v52300162,6,3.362,,,,3
1990-04,Quebec,2016A000224,Units,300,thousands,3,v52300163,7,44.666,,,,3
1990-04,Ontario,2016A000235,Units,300,thousands,3,v52300164,8,72.744,,,,3
1990-04,Prairie provinces,2016A00014,Units,300,thousands,3,v52300165,9,30.785,,,,3
1990-04,Manitoba,2016A000246,Units,300,thousands,3,v52300166,10,4.199,,,,3
1990-04,Saskatchewan,2016A000247,Units,300,thousands,3,v52300167,11,1.773,,,,3
1990-04,Alberta,2016A000248,Units,300,thousands,3,v52300168,12,24.813,,,,3
1990-04,British Columbia,2016A000259,Units,300,thousands,3,v52300169,13,52.453,,,,3
1990-05,Canada,2016A000011124,Units,300,thousands,3,v52300157,1,214.111,,,,3
1990-05,Atlantic provinces,2016A00011,Units,300,thousands,3,v52300158,2,10.44,,,,3
1990-05,Newfoundland and Labrador,2016A000210,Units,300,thousands,3,v52300159,3,3.422,,,,3
1990-05,Prince Edward Island,2016A000211,Units,300,thousands,3,v52300160,4,0.391,,,,3
1990-05,Nova Scotia,2016A000212,Units,300,thousands,3,v52300161,5,4.208,,,,3
1990-05,New Brunswick,2016A000213,Units,300,thousands,3,v52300162,6,2.419,,,,3
1990-05,Quebec,2016A000224,Units,300,thousands,3,v52300163,7,45.994,,,,3
1990-05,Ontario,2016A000235,Units,300,thousands,3,v52300164,8,78.534,,,,3
1990-05,Prairie provinces,2016A00014,Units,300,thousands,3,v52300165,9,30.659,,,,3
1990-05,Manitoba,2016A000246,Units,300,thousands,3,v52300166,10,4.357,,,,3
1990-05,Saskatchewan,2016A000247,Units,300,thousands,3,v52300167,11,1.991,,,,3
1990-05,Alberta,2016A000248,Units,300,thousands,3,v52300168,12,24.311,,,,3
1990-05,British Columbia,2016A000259,Units,300,thousands,3,v52300169,13,48.484,,,,3
1990-06,Canada,2016A000011124,Units,300,thousands,3,v52300157,1,184.819,,,,3
1990-06,Atlantic provinces,2016A00011,Units,300,thousands,3,v52300158,2,13.415,,,,3
1990-06,Newfoundland and Labrador,2016A000210,Units,300,thousands,3,v52300159,3,2.971,,,,3
1990-06,Prince Edward Island,2016A000211,Units,300,thousands,3,v52300160,4,0.334,,,,3
1990-06,Nova Scotia,2016A000212,Units,300,thousands,3,v52300161,5,6.379,,,,3
1990-06,New Brunswick,2016A000213,Units,300,thousands,3,v52300162,6,3.731,,,,3
1990-06,Quebec,2016A000224,Units,300,thousands,3,v52300163,7,55.666,,,,3
1990-06,Ontario,2016A000235,Units,300,thousands,3,v52300164,8,57.692,,,,3
1990-06,Prairie provinces,2016A00014,Units,300,thousands,3,v52300165,9,20.356,,,,3
1990-06,Manitoba,2016A000246,Units,300,thousands,3,v52300166,10,3.239,,,,3
1990-06,Saskatchewan,2016A000247,Units,300,thousands,3,v52300167,11,1.77,,,,3
1990-06,Alberta,2016A000248,Units,300,thousands,3,v52300168,12,15.347,,,,3
1990-06,British Columbia,2016A000259,Units,300,thousands,3,v52300169,13,37.69,,,,3
1990-07,Canada,2016A000011124,Units,300,thousands,3,v52300157,1,170.29,,,,3
1990-07,Atlantic provinces,2016A00011,Units,300,thousands,3,v52300158,2,10.833,,,,3
1990-07,Newfoundland and Labrador,2016A000210,Units,300,thousands,3,v52300159,3,2.718,,,,3
1990-07,Prince Edward Island,2016A000211,Units,300,thousands,3,v52300160,4,1.051,,,,3
1990-07,Nova Scotia,2016A000212,Units,300,thousands,3,v52300161,5,5.033,,,,3
1990-07,New Brunswick,2016A000213,Units,300,thousands,3,v52300162,6,2.031,,,,3
1990-07,Quebec,2016A000224,Units,300,thousands,3,v52300163,7,43.506,,,,3
1990-07,Ontario,2016A000235,Units,300,thousands,3,v52300164,8,70.119,,,,3
1990-07,Prairie provinces,2016A00014,Units,300,thousands,3,v52300165,9,19.06,,,,3
1990-07,Manitoba,2016A000246,Units,300,thousands,3,v52300166,10,3.056,,,,3
1990-07,Saskatchewan,2016A000247,Units,300,thousands,3,v52300167,11,1.277,,,,3
1990-07,Alberta,2016A000248,Units,300,thousands,3,v52300168,12,14.727,,,,3
1990-07,British Columbia,2016A000259,Units,300,thousands,3,v52300169,13,26.772,,,,3
1990-08,Canada,2016A000011124,Units,300,thousands,3,v52300157,1,164.638,,,,3
1990-08,Atlantic provinces,2016A00011,Units,300,thousands,3,v52300158,2,12.356,,,,3
1990-08,Newfoundland and Labrador,2016A000210,Units,300,thousands,3,v52300159,3,2.902,,,,3
1990-08,Prince Edward Island,2016A000211,Units,300,thousands,3,v52300160,4,1.118,,,,3
1990-08,Nova Scotia,2016A000212,Units,300,thousands,3,v52300161,5,5.741,,,,3
1990-08,New Brunswick,2016A000213,Units,300,thousands,3,v52300162,6,2.595,,,,3
1990-08,Quebec,2016A000224,Units,300,thousands,3,v52300163,7,48.145,,,,3
1990-08,Ontario,2016A000235,Units,300,thousands,3,v52300164,8,49.298,,,,3
1990-08,Prairie provinces,2016A00014,Units,300,thousands,3,v52300165,9,18.823,,,,3
1990-08,Manitoba,2016A000246,Units,300,thousands,3,v52300166,10,3.729,,,,3
1990-08,Saskatchewan,2016A000247,Units,300,thousands,3,v52300167,11,2.044,,,,3
1990-08,Alberta,2016A000248,Units,300,thousands,3,v52300168,12,13.05,,,,3
1990-08,British Columbia,2016A000259,Units,300,thousands,3,v52300169,13,36.016,,,,3
1990-09,Canada,2016A000011124,Units,300,thousands,3,v52300157,1,143.973,,,,3
1990-09,Atlantic provinces,2016A00011,Units,300,thousands,3,v52300158,2,9.902,,,,3
1990-09,Newfoundland and Labrador,2016A000210,Units,300,thousands,3,v52300159,3,2.662,,,,3
1990-09,Prince Edward Island,2016A000211,Units,300,thousands,3,v52300160,4,0.514,,,,3
1990-09,Nova Scotia,2016A000212,Units,300,thousands,3,v52300161,5,4.363,,,,3
1990-09,New Brunswick,2016A000213,Units,300,thousands,3,v52300162,6,2.363,,,,3
1990-09,Quebec,2016A000224,Units,300,thousands,3,v52300163,7,37.551,,,,3
1990-09,Ontario,2016A000235,Units,300,thousands,3,v52300164,8,51.854,,,,3
1990-09,Prairie provinces,2016A00014,Units,300,thousands,3,v52300165,9,17.243,,,,3
1990-09,Manitoba,2016A000246,Units,300,thousands,3,v52300166,10,2.281,,,,3
1990-09,Saskatchewan,2016A000247,Units,300,thousands,3,v52300167,11,1.198,,,,3
1990-09,Alberta,2016A000248,Units,300,thousands,3,v52300168,12,13.764,,,,3
1990-09,British Columbia,2016A000259,Units,300,thousands,3,v52300169,13,27.423,,,,3
1990-10,Canada,2016A000011124,Units,300,thousands,3,v52300157,1,146.593,,,,3
1990-10,Atlantic provinces,2016A00011,Units,300,thousands,3,v52300158,2,13.892,,,,3
1990-10,Newfoundland and Labrador,2016A000210,Units,300,thousands,3,v52300159,3,4.251,,,,3
1990-10,Prince Edward Island,2016A000211,Units,300,thousands,3,v52300160,4,0.508,,,,3
1990-10,Nova Scotia,2016A000212,Units,300,thousands,3,v52300161,5,5.835,,,,3
1990-10,New Brunswick,2016A000213,Units,300,thousands,3,v52300162,6,3.298,,,,3
1990-10,Quebec,2016A000224,Units,300,thousands,3,v52300163,7,44.373,,,,3
1990-10,Ontario,2016A000235,Units,300,thousands,3,v52300164,8,45.517,,,,3
1990-10,Prairie provinces,2016A00014,Units,300,thousands,3,v52300165,9,15.006,,,,3
1990-10,Manitoba,2016A000246,Units,300,thousands,3,v52300166,10,2.042,,,,3
1990-10,Saskatchewan,2016A000247,Units,300,thousands,3,v52300167,11,1.257,,,,3
1990-10,Alberta,2016A000248,Units,300,thousands,3,v52300168,12,11.707,,,,3
1990-10,British Columbia,2016A000259,Units,300,thousands,3,v52300169,13,27.805,,,,3
1990-11,Canada,2016A000011124,Units,300,thousands,3,v52300157,1,143.505,,,,3
1990-11,Atlantic provinces,2016A00011,Units,300,thousands,3,v52300158,2,13.9,,,,3
1990-11,Newfoundland and Labrador,2016A000210,Units,300,thousands,3,v52300159,3,4.213,,,,3
1990-11,Prince Edward Island,2016A000211,Units,300,thousands,3,v52300160,4,1.604,,,,3
1990-11,Nova Scotia,2016A000212,Units,300,thousands,3,v52300161,5,5.637,,,,3
1990-11,New Brunswick,2016A000213,Units,300,thousands,3,v52300162,6,2.446,,,,3
1990-11,Quebec,2016A000224,Units,300,thousands,3,v52300163,7,48.416,,,,3
1990-11,Ontario,2016A000235,Units,300,thousands,3,v52300164,8,41.548,,,,3
1990-11,Prairie provinces,2016A00014,Units,300,thousands,3,v52300165,9,16.216,,,,3
1990-11,Manitoba,2016A000246,Units,300,thousands,3,v52300166,10,2.697,,,,3
1990-11,Saskatchewan,2016A000247,Units,300,thousands,3,v52300167,11,0.695,,,,3
1990-11,Alberta,2016A000248,Units,300,thousands,3,v52300168,12,12.824,,,,3
1990-11,British Columbia,2016A000259,Units,300,thousands,3,v52300169,13,23.425,,,,3
1990-12,Canada,2016A000011124,Units,300,thousands,3,v52300157,1,142.41,,,,3
1990-12,Atlantic provinces,2016A00011,Units,300,thousands,3,v52300158,2,13.507,,,,3
1990-12,Newfoundland and Labrador,2016A000210,Units,300,thousands,3,v52300159,3,2.963,,,,3
1990-12,Prince Edward Island,2016A000211,Units,300,thousands,3,v52300160,4,1.276,,,,3
1990-12,Nova Scotia,2016A000212,Units,300,thousands,3,v52300161,5,6.924,,,,3
1990-12,New Brunswick,2016A000213,Units,300,thousands,3,v52300162,6,2.344,,,,3
1990-12,Quebec,2016A000224,Units,300,thousands,3,v52300163,7,52.247,,,,3
1990-12,Ontario,2016A000235,Units,300,thousands,3,v52300164,8,39.887,,,,3
1990-12,Prairie provinces,2016A00014,Units,300,thousands,3,v52300165,9,13.22,,,,3
1990-12,Manitoba,2016A000246,Units,300,thousands,3,v52300166,10,1.977,,,,3
1990-12,Saskatchewan,2016A000247,Units,300,thousands,3,v52300167,11,0.604,,,,3
1990-12,Alberta,2016A000248,Units,300,thousands,3,v52300168,12,10.639,,,,3
1990-12,British Columbia,2016A000259,Units,300,thousands,3,v52300169,13,23.549,,,,3
1991-01,Canada,2016A000011124,Units,300,thousands,3,v52300157,1,118.887,,,,3
1991-01,Atlantic provinces,2016A00011,Units,300,thousands,3,v52300158,2,9.374,,,,3
1991-01,Newfoundland and Labrador,2016A000210,Units,300,thousands,3,v52300159,3,2.33,,,,3
1991-01,Prince Edward Island,2016A000211,Units,300,thousands,3,v52300160,4,0.509,,,,3
1991-01,Nova Scotia,2016A000212,Units,300,thousands,3,v52300161,5,3.95,,,,3
1991-01,New Brunswick,2016A000213,Units,300,thousands,3,v52300162,6,2.585,,,,3
1991-01,Quebec,2016A000224,Units,300,thousands,3,v52300163,7,34.912,,,,3
1991-01,Ontario,2016A000235,Units,300,thousands,3,v52300164,8,43.179,,,,3
1991-01,Prairie provinces,2016A00014,Units,300,thousands,3,v52300165,9,13.422,,,,3
1991-01,Manitoba,2016A000246,Units,300,thousands,3,v52300166,10,3.745,,,,3
1991-01,Saskatchewan,2016A000247,Units,300,thousands,3,v52300167,11,1.044,,,,3
1991-01,Alberta,2016A000248,Units,300,thousands,3,v52300168,12,8.633,,,,3
1991-01,British Columbia,2016A000259,Units,300,thousands,3,v52300169,13,18.0,,,,3
1991-02,Canada,2016A000011124,Units,300,thousands,3,v52300157,1,117.926,,,,3
1991-02,Atlantic provinces,2016A00011,Units,300,thousands,3,v52300158,2,10.18,,,,3
1991-02,Newfoundland and Labrador,2016A000210,Units,300,thousands,3,v52300159,3,2.187,,,,3
1991-02,Prince Edward Island,2016A000211,Units,300,thousands,3,v52300160,4,0.593,,,,3
1991-02,Nova Scotia,2016A000212,Units,300,thousands,3,v52300161,5,4.601,,,,3
1991-02,New Brunswick,2016A000213,Units,300,thousands,3,v52300162,6,2.799,,,,3
1991-02,Quebec,2016A000224,Units,300,thousands,3,v52300163,7,41.402,,,,3
1991-02,Ontario,2016A000235,Units,300,thousands,3,v52300164,8,32.688,,,,3
1991-02,Prairie provinces,2016A00014,Units,300,thousands,3,v52300165,9,13.162,,,,3
1991-02,Manitoba,2016A000246,Units,300,thousands,3,v52300166,10,3.732,,,,3
1991-02,Saskatchewan,2016A000247,Units,300,thousands,3,v52300167,11,0.758,,,,3
1991-02,Alberta,2016A000248,Units,300,thousands,3,v52300168,12,8.672,,,,3
1991-02,British Columbia,2016A000259,Units,300,thousands,3,v52300169,13,20.494,,,,3
1991-03,Canada,2016A000011124,Units,300,thousands,3,v52300157,1,118.066,,,,3
1991-03,Atlantic provinces,2016A00011,Units,300,thousands,3,v52300158,2,10.908,,,,3
1991-03,Newfoundland and Labrador,2016A000210,Units,300,thousands,3,v52300159,3,1.617,,,,3
1991-03,Prince Edward Island,2016A000211,Units,300,thousands,3,v52300160,4,0.492,,,,3
1991-03,Nova Scotia,2016A000212,Units,300,thousands,3,v52300161,5,6.286,,,,3
1991-03,New Brunswick,2016A000213,Units,300,thousands,3,v52300162,6,2.513,,,,3
1991-03,Quebec,2016A000224,Units,300,thousands,3,v52300163,7,41.045,,,,3
1991-03,Ontario,2016A000235,Units,300,thousands,3,v52300164,8,33.468,,,,3
1991-03,Prairie provinces,2016A00014,Units,300,thousands,3,v52300165,9,11.359,,,,3
1991-03,Manitoba,2016A000246,Units,300,thousands,3,v52300166,10,2.283,,,,3
1991-03,Saskatchewan,2016A000247,Units,300,thousands,3,v52300167,11,0.897,,,,3
1991-03,Alberta,2016A000248,Units,300,thousands,3,v52300168,12,8.179,,,,3
1991-03,British Columbia,2016A000259,Units,300,thousands,3,v52300169,13,21.286,,,,3
1991-04,Canada,2016A000011124,Units,300,thousands,3,v52300157,1,133.898,,,,3
1991-04,Atlantic provinces,2016A00011,Units,300,thousands,3,v52300158,2,11.91,,,,3
1991-04,Newfoundland and Labrador,2016A000210,Units,300,thousands,3,v52300159,3,2.633,,,,3
1991-04,Prince Edward Island,2016A000211,Units,300,thousands,3,v52300160,4,0.853,,,,3
1991-04,Nova Scotia,2016A000212,Units,300,thousands,3,v52300161,5,6.783,,,,3
1991-04,New Brunswick,2016A000213,Units,300,thousands,3,v52300162,6,1.641,,,,3
1991-04,Quebec,2016A000224,Units,300,thousands,3,v52300163,7,42.244,,,,3
1991-04,Ontario,2016A000235,Units,300,thousands,3,v52300164,8,43.894,,,,3
1991-04,Prairie provinces,2016A00014,Units,300,thousands,3,v52300165,9,13.885,,,,3
1991-04,Manitoba,2016A000246,Units,300,thousands,3,v52300166,10,1.224,,,,3
1991-04,Saskatchewan,2016A000247,Units,300,thousands,3,v52300167,11,1.079,,,,3
1991-04,Alberta,2016A000248,Units,300,thousands,3,v52300168,12,11.582,,,,3
1991-04,British Columbia,2016A000259,Units,300,thousands,3,v52300169,13,21.965,,,,3
1991-05,Canada,2016A000011124,Units,300,thousands,3,v52300157,1,151.871,,,,3
1991-05,Atlantic provinces,2016A00011,Units,300,thousands,3,v52300158,2,10.821,,,,3
1991-05,Newfoundland and Labrador,2016A000210,Units,300,thousands,3,v52300159,3,2.454,,,,3
1991-05,Prince Edward Island,2016A000211,Units,300,thousands,3,v52300160,4,0.762,,,,3
1991-05,Nova Scotia,2016A000212,Units,300,thousands,3,v52300161,5,4.921,,,,3
1991-05,New Brunswick,2016A000213,Units,300,thousands,3,v52300162,6,2.684,,,,3
1991-05,Quebec,2016A000224,Units,300,thousands,3,v52300163,7,43.036,,,,3
1991-05,Ontario,2016A000235,Units,300,thousands,3,v52300164,8,44.305,,,,3
1991-05,Prairie provinces,2016A00014,Units,300,thousands,3,v52300165,9,15.759,,,,3
1991-05,Manitoba,2016A000246,Units,300,thousands,3,v52300166,10,1.193,,,,3
1991-05,Saskatchewan,2016A000247,Units,300,thousands,3,v52300167,11,1.074,,,,3
1991-05,Alberta,2016A000248,Units,300,thousands,3,v52300168,12,13.492,,,,3
1991-05,British Columbia,2016A000259,Units,300,thousands,3,v52300169,13,37.95,,,,3
1991-06,Canada,2016A000011124,Units,300,thousands,3,v52300157,1,158.414,,,,3
1991-06,Atlantic provinces,2016A00011,Units,300,thousands,3,v52300158,2,8.917,,,,3
1991-06,Newfoundland and Labrador,2016A000210,Units,300,thousands,3,v52300159,3,3.232,,,,3
1991-06,Prince Edward Island,2016A000211,Units,300,thousands,3,v52300160,4,0.879,,,,3
1991-06,Nova Scotia,2016A000212,Units,300,thousands,3,v52300161,5,2.786,,,,3
1991-06,New Brunswick,2016A000213,Units,300,thousands,3,v52300162,6,2.02,,,,3
1991-06,Quebec,2016A000224,Units,300,thousands,3,v52300163,7,36.211,,,,3
1991-06,Ontario,2016A000235,Units,300,thousands,3,v52300164,8,59.821,,,,3
1991-06,Prairie provinces,2016A00014,Units,300,thousands,3,v52300165,9,16.044,,,,3
1991-06,Manitoba,2016A000246,Units,300,thousands,3,v52300166,10,1.632,,,,3
1991-06,Saskatchewan,2016A000247,Units,300,thousands,3,v52300167,11,0.929,,,,3
1991-06,Alberta,2016A000248,Units,300,thousands,3,v52300168,12,13.483,,,,3
1991-06,British Columbia,2016A000259,Units,300,thousands,3,v52300169,13,37.421,,,,3
1991-07,Canada,2016A000011124,Units,300,thousands,3,v52300157,1,179.917,,,,3
1991-07,Atlantic provinces,2016A00011,Units,300,thousands,3,v52300158,2,11.99,,,,3
1991-07,Newfoundland and Labrador,2016A000210,Units,300,thousands,3,v52300159,3,3.151,,,,3
1991-07,Prince Edward Island,2016A000211,Units,300,thousands,3,v52300160,4,0.668,,,,3
1991-07,Nova Scotia,2016A000212,Units,300,thousands,3,v52300161,5,5.114,,,,3
1991-07,New Brunswick,2016A000213,Units,300,thousands,3,v52300162,6,3.057,,,,3
1991-07,Quebec,2016A000224,Units,300,thousands,3,v52300163,7,42.494,,,,3
1991-07,Ontario,2016A000235,Units,300,thousands,3,v52300164,8,66.782,,,,3
1991-07,Prairie provinces,2016A00014,Units,300,thousands,3,v52300165,9,17.688,,,,3
1991-07,Manitoba,2016A000246,Units,300,thousands,3,v52300166,10,3.629,,,,3
1991-07,Saskatchewan,2016A000247,Units,300,thousands,3,v52300167,11,1.181,,,,3
1991-07,Alberta,2016A000248,Units,300,thousands,3,v52300168,12,12.878,,,,3
1991-07,British Columbia,2016A000259,Units,300,thousands,3,v52300169,13,40.963,,,,3
1991-08,Canada,2016A000011124,Units,300,thousands,3,v52300157,1,177.579,,,,3
1991-08,Atlantic provinces,2016A00011,Units,300,thousands,3,v52300158,2,14.343,,,,3
1991-08,Newfoundland and Labrador,2016A000210,Units,300,thousands,3,v52300159,3,3.227,,,,3
1991-08,Prince Edward Island,2016A000211,Units,300,thousands,3,v52300160,4,0.322,,,,3
1991-08,Nova Scotia,2016A000212,Units,300,thousands,3,v52300161,5,6.766,,,,3
1991-08,New Brunswick,2016A000213,Units,300,thousands,3,v52300162,6,4.028,,,,3
1991-08,Quebec,2016A000224,Units,300,thousands,3,v52300163,7,46.468,,,,3
1991-08,Ontario,2016A000235,Units,300,thousands,3,v52300164,8,67.146,,,,3
1991-08,Prairie provinces,2016A00014,Units,300,thousands,3,v52300165,9,17.611,,,,3
1991-08,Manitoba,2016A000246,Units,300,thousands,3,v52300166,10,1.699,,,,3
1991-08,Saskatchewan,2016A000247,Units,300,thousands,3,v52300167,11,1.555,,,,3
1991-08,Alberta,2016A000248,Units,300,thousands,3,v52300168,12,14.357,,,,3
1991-08,British Columbia,2016A000259,Units,300,thousands,3,v52300169,13,32.011,,,,3
1991-09,Canada,2016A000011124,Units,300,thousands,3,v52300157,1,171.803,,,,3
1991-09,Atlantic provinces,2016A00011,Units,300,thousands,3,v52300158,2,12.634,,,,3
1991-09,Newfoundland and Labrador,2016A000210,Units,300,thousands,3,v52300159,3,2.861,,,,3
1991-09,Prince Edward Island,2016A000211,Units,300,thousands,3,v52300160,4,0.389,,,,3
1991-09,Nova Scotia,2016A000212,Units,300,thousands,3,v52300161,5,6.152,,,,3
1991-09,New Brunswick,2016A000213,Units,300,thousands,3,v52300162,6,3.232,,,,3
1991-09,Quebec,2016A000224,Units,300,thousands,3,v52300163,7,47.897,,,,3
1991-09,Ontario,2016A000235,Units,300,thousands,3,v52300164,8,63.382,,,,3
1991-09,Prairie provinces,2016A00014,Units,300,thousands,3,v52300165,9,16.847,,,,3
1991-09,Manitoba,2016A000246,Units,300,thousands,3,v52300166,10,2.699,,,,3
1991-09,Saskatchewan,2016A000247,Units,300,thousands,3,v52300167,11,0.774,,,,3
1991-09,Alberta,2016A000248,Units,300,thousands,3,v52300168,12,13.374,,,,3
1991-09,British Columbia,2016A000259,Units,300,thousands,3,v52300169,13,31.043,,,,3
1991-10,Canada,2016A000011124,Units,300,thousands,3,v52300157,1,191.851,,,,3
1991-10,Atlantic provinces,2016A00011,Units,300,thousands,3,v52300158,2,11.694,,,,3
1991-10,Newfoundland and Labrador,2016A000210,Units,300,thousands,3,v52300159,3,2.692,,,,3
1991-10,Prince Edward Island,2016A000211,Units,300,thousands,3,v52300160,4,0.508,,,,3
1991-10,Nova Scotia,2016A000212,Units,300,thousands,3,v52300161,5,5.071,,,,3
1991-10,New Brunswick,2016A000213,Units,300,thousands,3,v52300162,6,3.423,,,,3
1991-10,Quebec,2016A000224,Units,300,thousands,3,v52300163,7,65.713,,,,3
1991-10,Ontario,2016A000235,Units,300,thousands,3,v52300164,8,51.472,,,,3
1991-10,Prairie provinces,2016A00014,Units,300,thousands,3,v52300165,9,18.227,,,,3
1991-10,Manitoba,2016A000246,Units,300,thousands,3,v52300166,10,2.44,,,,3
1991-10,Saskatchewan,2016A000247,Units,300,thousands,3,v52300167,11,1.052,,,,3
1991-10,Alberta,2016A000248,Units,300,thousands,3,v52300168,12,14.735,,,,3
1991-10,British Columbia,2016A000259,Units,300,thousands,3,v52300169,13,44.745,,,,3
1991-11,Canada,2016A000011124,Units,300,thousands,3,v52300157,1,173.188,,,,3
1991-11,Atlantic provinces,2016A00011,Units,300,thousands,3,v52300158,2,11.412,,,,3
1991-11,Newfoundland and Labrador,2016A000210,Units,300,thousands,3,v52300159,3,2.6,,,,3
1991-11,Prince Edward Island,2016A000211,Units,300,thousands,3,v52300160,4,0.723,,,,3
1991-11,Nova Scotia,2016A000212,Units,300,thousands,3,v52300161,5,4.9,,,,3
1991-11,New Brunswick,2016A000213,Units,300,thousands,3,v52300162,6,3.189,,,,3
1991-11,Quebec,2016A000224,Units,300,thousands,3,v52300163,7,54.56,,,,3
1991-11,Ontario,2016A000235,Units,300,thousands,3,v52300164,8,55.139,,,,3
1991-11,Prairie provinces,2016A00014,Units,300,thousands,3,v52300165,9,16.685,,,,3
1991-11,Manitoba,2016A000246,Units,300,thousands,3,v52300166,10,1.407,,,,3
1991-11,Saskatchewan,2016A000247,Units,300,thousands,3,v52300167,11,0.863,,,,3
1991-11,Alberta,2016A000248,Units,300,thousands,3,v52300168,12,14.415,,,,3
1991-11,British Columbia,2016A000259,Units,300,thousands,3,v52300169,13,35.392,,,,3
1991-12,Canada,2016A000011124,Units,300,thousands,3,v52300157,1,165.677,,,,3
1991-12,Atlantic provinces,2016A00011,Units,300,thousands,3,v52300158,2,12.433,,,,3
1991-12,Newfoundland and Labrador,2016A000210,Units,300,thousands,3,v52300159,3,2.853,,,,3
1991-12,Prince Edward Island,2016A000211,Units,300,thousands,3,v52300160,4,0.326,,,,3
1991-12,Nova Scotia,2016A000212,Units,300,thousands,3,v52300161,5,4.722,,,,3
1991-12,New Brunswick,2016A000213,Units,300,thousands,3,v52300162,6,4.532,,,,3
1991-12,Quebec,2016A000224,Units,300,thousands,3,v52300163,7,50.52,,,,3
1991-12,Ontario,2016A000235,Units,300,thousands,3,v52300164,8,51.324,,,,3
1991-12,Prairie provinces,2016A00014,Units,300,thousands,3,v52300165,9,14.622,,,,3
1991-12,Manitoba,2016A000246,Units,300,thousands,3,v52300166,10,0.854,,,,3
1991-12,Saskatchewan,2016A000247,Units,300,thousands,3,v52300167,11,0.864,,,,3
1991-12,Alberta,2016A000248,Units,300,thousands,3,v52300168,12,12.904,,,,3
1991-12,British Columbia,2016A000259,Units,300,thousands,3,v52300169,13,36.778,,,,3
1992-01,Canada,2016A000011124,Units,300,thousands,3,v52300157,1,173.548,,,,3
1992-01,Atlantic provinces,2016A00011,Units,300,thousands,3,v52300158,2,8.031,,,,3
1992-01,Newfoundland and Labrador,2016A000210,Units,300,thousands,3,v52300159,3,2.246,,,,3
1992-01,Prince Edward Island,2016A000211,Units,300,thousands,3,v52300160,4,0.183,,,,3
1992-01,Nova Scotia,2016A000212,Units,300,thousands,3,v52300161,5,3.39,,,,3
1992-01,New Brunswick,2016A000213,Units,300,thousands,3,v52300162,6,2.212,,,,3
1992-01,Quebec,2016A000224,Units,300,thousands,3,v52300163,7,58.123,,,,3
1992-01,Ontario,2016A000235,Units,300,thousands,3,v52300164,8,53.43,,,,3
1992-01,Prairie provinces,2016A00014,Units,300,thousands,3,v52300165,9,20.186,,,,3
1992-01,Manitoba,2016A000246,Units,300,thousands,3,v52300166,10,3.804,,,,3
1992-01,Saskatchewan,2016A000247,Units,300,thousands,3,v52300167,11,1.048,,,,3
1992-01,Alberta,2016A000248,Units,300,thousands,3,v52300168,12,15.334,,,,3
1992-01,British Columbia,2016A000259,Units,300,thousands,3,v52300169,13,33.778,,,,3
1992-02,Canada,2016A000011124,Units,300,thousands,3,v52300157,1,173.818,,,,3
1992-02,Atlantic provinces,2016A00011,Units,300,thousands,3,v52300158,2,8.553,,,,3
1992-02,Newfoundland and Labrador,2016A000210,Units,300,thousands,3,v52300159,3,1.77,,,,3
1992-02,Prince Edward Island,2016A000211,Units,300,thousands,3,v52300160,4,0.595,,,,3
1992-02,Nova Scotia,2016A000212,Units,300,thousands,3,v52300161,5,5.014,,,,3
1992-02,New Brunswick,2016A000213,Units,300,thousands,3,v52300162,6,1.174,,,,3
1992-02,Quebec,2016A000224,Units,300,thousands,3,v52300163,7,45.872,,,,3
1992-02,Ontario,2016A000235,Units,300,thousands,3,v52300164,8,64.141,,,,3
1992-02,Prairie provinces,2016A00014,Units,300,thousands,3,v52300165,9,19.961,,,,3
1992-02,Manitoba,2016A000246,Units,300,thousands,3,v52300166,10,2.97,,,,3
1992-02,Saskatchewan,2016A000247,Units,300,thousands,3,v52300167,11,1.123,,,,3
1992-02,Alberta,2016A000248,Units,300,thousands,3,v52300168,12,15.868,,,,3
1992-02,British Columbia,2016A000259,Units,300,thousands,3,v52300169,13,35.291,,,,3
1992-03,Canada,2016A000011124,Units,300,thousands,3,v52300157,1,177.072,,,,3
1992-03,Atlantic provinces,2016A00011,Units,300,thousands,3,v52300158,2,7.609,,,,3
1992-03,Newfoundland and Labrador,2016A000210,Units,300,thousands,3,v52300159,3,2.292,,,,3
1992-03,Prince Edward Island,2016A000211,Units,300,thousands,3,v52300160,4,0.162,,,,3
1992-03,Nova Scotia,2016A000212,Units,300,thousands,3,v52300161,5,3.39,,,,3
1992-03,New Brunswick,2016A000213,Units,300,thousands,3,v52300162,6,1.765,,,,3
1992-03,Quebec,2016A000224,Units,300,thousands,3,v52300163,7,46.832,,,,3
1992-03,Ontario,2016A000235,Units,300,thousands,3,v52300164,8,62.127,,,,3
1992-03,Prairie provinces,2016A00014,Units,300,thousands,3,v52300165,9,21.732,,,,3
1992-03,Manitoba,2016A000246,Units,300,thousands,3,v52300166,10,3.027,,,,3
1992-03,Saskatchewan,2016A000247,Units,300,thousands,3,v52300167,11,1.606,,,,3
1992-03,Alberta,2016A000248,Units,300,thousands,3,v52300168,12,17.099,,,,3
1992-03,British Columbia,2016A000259,Units,300,thousands,3,v52300169,13,38.772,,,,3
1992-04,Canada,2016A000011124,Units,300,thousands,3,v52300157,1,167.909,,,,3
1992-04,Atlantic provinces,2016A00011,Units,300,thousands,3,v52300158,2,8.951,,,,3
1992-04,Newfoundland and Labrador,2016A000210,Units,300,thousands,3,v52300159,3,2.071,,,,3
1992-04,Prince Edward Island,2016A000211,Units,300,thousands,3,v52300160,4,0.609,,,,3
1992-04,Nova Scotia,2016A000212,Units,300,thousands,3,v52300161,5,3.563,,,,3
1992-04,New Brunswick,2016A000213,Units,300,thousands,3,v52300162,6,2.708,,,,3
1992-04,Quebec,2016A000224,Units,300,thousands,3,v52300163,7,34.522,,,,3
1992-04,Ontario,2016A000235,Units,300,thousands,3,v52300164,8,67.865,,,,3
1992-04,Prairie provinces,2016A00014,Units,300,thousands,3,v52300165,9,19.239,,,,3
1992-04,Manitoba,2016A000246,Units,300,thousands,3,v52300166,10,1.443,,,,3
1992-04,Saskatchewan,2016A000247,Units,300,thousands,3,v52300167,11,1.413,,,,3
1992-04,Alberta,2016A000248,Units,300,thousands,3,v52300168,12,16.383,,,,3
1992-04,British Columbia,2016A000259,Units,300,thousands,3,v52300169,13,37.332,,,,3
1992-05,Canada,2016A000011124,Units,300,thousands,3,v52300157,1,169.404,,,,3
1992-05,Atlantic provinces,2016A00011,Units,300,thousands,3,v52300158,2,10.951,,,,3
1992-05,Newfoundland and Labrador,2016A000210,Units,300,thousands,3,v52300159,3,2.467,,,,3
1992-05,Prince Edward Island,2016A000211,Units,300,thousands,3,v52300160,4,1.06,,,,3
1992-05,Nova Scotia,2016A000212,Units,300,thousands,3,v52300161,5,4.04,,,,3
1992-05,New Brunswick,2016A000213,Units,300,thousands,3,v52300162,6,3.384,,,,3
1992-05,Quebec,2016A000224,Units,300,thousands,3,v52300163,7,37.508,,,,3
1992-05,Ontario,2016A000235,Units,300,thousands,3,v52300164,8,64.127,,,,3
1992-05,Prairie provinces,2016A00014,Units,300,thousands,3,v52300165,9,22.303,,,,3
1992-05,Manitoba,2016A000246,Units,300,thousands,3,v52300166,10,1.686,,,,3
1992-05,Saskatchewan,2016A000247,Units,300,thousands,3,v52300167,11,1.745,,,,3
1992-05,Alberta,2016A000248,Units,300,thousands,3,v52300168,12,18.872,,,,3
1992-05,British Columbia,2016A000259,Units,300,thousands,3,v52300169,13,34.515,,,,3
1992-06,Canada,2016A000011124,Units,300,thousands,3,v52300157,1,170.273,,,,3
1992-06,Atlantic provinces,2016A00011,Units,300,thousands,3,v52300158,2,10.778,,,,3
1992-06,Newfoundland and Labrador,2016A000210,Units,300,thousands,3,v52300159,3,2.275,,,,3
1992-06,Prince Edward Island,2016A000211,Units,300,thousands,3,v52300160,4,0.946,,,,3
1992-06,Nova Scotia,2016A000212,Units,300,thousands,3,v52300161,5,3.928,,,,3
1992-06,New Brunswick,2016A000213,Units,300,thousands,3,v52300162,6,3.629,,,,3
1992-06,Quebec,2016A000224,Units,300,thousands,3,v52300163,7,37.789,,,,3
1992-06,Ontario,2016A000235,Units,300,thousands,3,v52300164,8,49.433,,,,3
1992-06,Prairie provinces,2016A00014,Units,300,thousands,3,v52300165,9,21.373,,,,3
1992-06,Manitoba,2016A000246,Units,300,thousands,3,v52300166,10,1.913,,,,3
1992-06,Saskatchewan,2016A000247,Units,300,thousands,3,v52300167,11,1.8,,,,3
1992-06,Alberta,2016A000248,Units,300,thousands,3,v52300168,12,17.66,,,,3
1992-06,British Columbia,2016A000259,Units,300,thousands,3,v52300169,13,50.9,,,,3
1992-07,Canada,2016A000011124,Units,300,thousands,3,v52300157,1,182.738,,,,3
1992-07,Atlantic provinces,2016A00011,Units,300,thousands,3,v52300158,2,12.451,,,,3
1992-07,Newfoundland and Labrador,2016A000210,Units,300,thousands,3,v52300159,3,2.982,,,,3
1992-07,Prince Edward Island,2016A000211,Units,300,thousands,3,v52300160,4,0.594,,,,3
1992-07,Nova Scotia,2016A000212,Units,300,thousands,3,v52300161,5,4.921,,,,3
1992-07,New Brunswick,2016A000213,Units,300,thousands,3,v52300162,6,3.954,,,,3
1992-07,Quebec,2016A000224,Units,300,thousands,3,v52300163,7,36.085,,,,3
1992-07,Ontario,2016A000235,Units,300,thousands,3,v52300164,8,65.196,,,,3
1992-07,Prairie provinces,2016A00014,Units,300,thousands,3,v52300165,9,24.669,,,,3
1992-07,Manitoba,2016A000246,Units,300,thousands,3,v52300166,10,3.131,,,,3
1992-07,Saskatchewan,2016A000247,Units,300,thousands,3,v52300167,11,2.234,,,,3
1992-07,Alberta,2016A000248,Units,300,thousands,3,v52300168,12,19.304,,,,3
1992-07,British Columbia,2016A000259,Units,300,thousands,3,v52300169,13,44.337,,,,3
1992-08,Canada,2016A000011124,Units,300,thousands,3,v52300157,1,162.015,,,,3
1992-08,Atlantic provinces,2016A00011,Units,300,thousands,3,v52300158,2,11.388,,,,3
1992-08,Newfoundland and Labrador,2016A000210,Units,300,thousands,3,v52300159,3,2.158,,,,3
1992-08,Prince Edward Island,2016A000211,Units,300,thousands,3,v52300160,4,0.417,,,,3
1992-08,Nova Scotia,2016A000212,Units,300,thousands,3,v52300161,5,5.5,,,,3
1992-08,New Brunswick,2016A000213,Units,300,thousands,3,v52300162,6,3.313,,,,3
1992-08,Quebec,2016A000224,Units,300,thousands,3,v52300163,7,33.006,,,,3
1992-08,Ontario,2016A000235,Units,300,thousands,3,v52300164,8,48.862,,,,3
1992-08,Prairie provinces,2016A00014,Units,300,thousands,3,v52300165,9,24.863,,,,3
1992-08,Manitoba,2016A000246,Units,300,thousands,3,v52300166,10,1.256,,,,3
1992-08,Saskatchewan,2016A000247,Units,300,thousands,3,v52300167,11,2.441,,,,3
1992-08,Alberta,2016A000248,Units,300,thousands,3,v52300168,12,21.166,,,,3
1992-08,British Columbia,2016A000259,Units,300,thousands,3,v52300169,13,43.896,,,,3
1992-09,Canada,2016A000011124,Units,300,thousands,3,v52300157,1,174.259,,,,3
1992-09,Atlantic provinces,2016A00011,Units,300,thousands,3,v52300158,2,11.916,,,,3
1992-09,Newfoundland and Labrador,2016A000210,Units,300,thousands,3,v52300159,3,2.356,,,,3
1992-09,Prince Edward Island,2016A000211,Units,300,thousands,3,v52300160,4,0.726,,,,3
1992-09,Nova Scotia,2016A000212,Units,300,thousands,3,v52300161,5,4.878,,,,3
1992-09,New Brunswick,2016A000213,Units,300,thousands,3,v52300162,6,3.956,,,,3
1992-09,Quebec,2016A000224,Units,300,thousands,3,v52300163,7,42.846,,,,3
1992-09,Ontario,2016A000235,Units,300,thousands,3,v52300164,8,53.025,,,,3
1992-09,Prairie provinces,2016A00014,Units,300,thousands,3,v52300165,9,22.79,,,,3
1992-09,Manitoba,2016A000246,Units,300,thousands,3,v52300166,10,2.511,,,,3
1992-09,Saskatchewan,2016A000247,Units,300,thousands,3,v52300167,11,3.116,,,,3
1992-09,Alberta,2016A000248,Units,300,thousands,3,v52300168,12,17.163,,,,3
1992-09,British Columbia,2016A000259,Units,300,thousands,3,v52300169,13,43.682,,,,3
1992-10,Canada,2016A000011124,Units,300,thousands,3,v52300157,1,164.343,,,,3
1992-10,Atlantic provinces,2016A00011,Units,300,thousands,3,v52300158,2,14.003,,,,3
1992-10,Newfoundland and Labrador,2016A000210,Units,300,thousands,3,v52300159,3,2.358,,,,3
1992-10,Prince Edward Island,2016A000211,Units,300,thousands,3,v52300160,4,1.101,,,,3
1992-10,Nova Scotia,2016A000212,Units,300,thousands,3,v52300161,5,6.428,,,,3
1992-10,New Brunswick,2016A000213,Units,300,thousands,3,v52300162,6,4.116,,,,3
1992-10,Quebec,2016A000224,Units,300,thousands,3,v52300163,7,38.737,,,,3
1992-10,Ontario,2016A000235,Units,300,thousands,3,v52300164,8,45.402,,,,3
1992-10,Prairie provinces,2016A00014,Units,300,thousands,3,v52300165,9,26.145,,,,3
1992-10,Manitoba,2016A000246,Units,300,thousands,3,v52300166,10,2.993,,,,3
1992-10,Saskatchewan,2016A000247,Units,300,thousands,3,v52300167,11,2.115,,,,3
1992-10,Alberta,2016A000248,Units,300,thousands,3,v52300168,12,21.037,,,,3
1992-10,British Columbia,2016A000259,Units,300,thousands,3,v52300169,13,40.056,,,,3
1992-11,Canada,2016A000011124,Units,300,thousands,3,v52300157,1,170.465,,,,3
1992-11,Atlantic provinces,2016A00011,Units,300,thousands,3,v52300158,2,10.872,,,,3
1992-11,Newfoundland and Labrador,2016A000210,Units,300,thousands,3,v52300159,3,2.172,,,,3
1992-11,Prince Edward Island,2016A000211,Units,300,thousands,3,v52300160,4,0.507,,,,3
1992-11,Nova Scotia,2016A000212,Units,300,thousands,3,v52300161,5,4.022,,,,3
1992-11,New Brunswick,2016A000213,Units,300,thousands,3,v52300162,6,4.171,,,,3
1992-11,Quebec,2016A000224,Units,300,thousands,3,v52300163,7,38.593,,,,3
1992-11,Ontario,2016A000235,Units,300,thousands,3,v52300164,8,53.61,,,,3
1992-11,Prairie provinces,2016A00014,Units,300,thousands,3,v52300165,9,24.24,,,,3
1992-11,Manitoba,2016A000246,Units,300,thousands,3,v52300166,10,1.689,,,,3
1992-11,Saskatchewan,2016A000247,Units,300,thousands,3,v52300167,11,1.637,,,,3
1992-11,Alberta,2016A000248,Units,300,thousands,3,v52300168,12,20.914,,,,3
1992-11,British Columbia,2016A000259,Units,300,thousands,3,v52300169,13,43.15,,,,3
1992-12,Canada,2016A000011124,Units,300,thousands,3,v52300157,1,168.173,,,,3
1992-12,Atlantic provinces,2016A00011,Units,300,thousands,3,v52300158,2,11.73,,,,3
1992-12,Newfoundland and Labrador,2016A000210,Units,300,thousands,3,v52300159,3,2.06,,,,3
1992-12,Prince Edward Island,2016A000211,Units,300,thousands,3,v52300160,4,0.277,,,,3
1992-12,Nova Scotia,2016A000212,Units,300,thousands,3,v52300161,5,6.192,,,,3
1992-12,New Brunswick,2016A000213,Units,300,thousands,3,v52300162,6,3.201,,,,3
1992-12,Quebec,2016A000224,Units,300,thousands,3,v52300163,7,39.038,,,,3
1992-12,Ontario,2016A000235,Units,300,thousands,3,v52300164,8,47.513,,,,3
1992-12,Prairie provinces,2016A00014,Units,300,thousands,3,v52300165,9,26.096,,,,3
1992-12,Manitoba,2016A000246,Units,300,thousands,3,v52300166,10,3.455,,,,3
1992-12,Saskatchewan,2016A000247,Units,300,thousands,3,v52300167,11,1.38,,,,3
1992-12,Alberta,2016A000248,Units,300,thousands,3,v52300168,12,21.261,,,,3
1992-12,British Columbia,2016A000259,Units,300,thousands,3,v52300169,13,43.796,,,,3
1993-01,Canada,2016A000011124,Units,300,thousands,3,v52300157,1,143.501,,,,3
1993-01,Atlantic provinces,2016A00011,Units,300,thousands,3,v52300158,2,12.239,,,,3
1993-01,Newfoundland and Labrador,2016A000210,Units,300,thousands,3,v52300159,3,2.94,,,,3
1993-01,Prince Edward Island,2016A000211,Units,300,thousands,3,v52300160,4,0.995,,,,3
1993-01,Nova Scotia,2016A000212,Units,300,thousands,3,v52300161,5,4.386,,,,3
1993-01,New Brunswick,2016A000213,Units,300,thousands,3,v52300162,6,3.918,,,,3
1993-01,Quebec,2016A000224,Units,300,thousands,3,v52300163,7,36.21,,,,3
1993-01,Ontario,2016A000235,Units,300,thousands,3,v52300164,8,41.685,,,,3
1993-01,Prairie provinces,2016A00014,Units,300,thousands,3,v52300165,9,19.178,,,,3
1993-01,Manitoba,2016A000246,Units,300,thousands,3,v52300166,10,2.846,,,,3
1993-01,Saskatchewan,2016A000247,Units,300,thousands,3,v52300167,11,1.686,,,,3
1993-01,Alberta,2016A000248,Units,300,thousands,3,v52300168,12,14.646,,,,3
1993-01,British Columbia,2016A000259,Units,300,thousands,3,v52300169,13,34.189,,,,3
1993-02,Canada,2016A000011124,Units,300,thousands,3,v52300157,1,149.289,,,,3
1993-02,Atlantic provinces,2016A00011,Units,300,thousands,3,v52300158,2,6.906,,,,3
1993-02,Newfoundland and Labrador,2016A000210,Units,300,thousands,3,v52300159,3,1.516,,,,3
1993-02,Prince Edward Island,2016A000211,Units,300,thousands,3,v52300160,4,0.098,,,,3
1993-02,Nova Scotia,2016A000212,Units,300,thousands,3,v52300161,5,3.681,,,,3
1993-02,New Brunswick,2016A000213,Units,300,thousands,3,v52300162,6,1.611,,,,3
1993-02,Quebec,2016A000224,Units,300,thousands,3,v52300163,7,36.853,,,,3
1993-02,Ontario,2016A000235,Units,300,thousands,3,v52300164,8,42.73,,,,3
1993-02,Prairie provinces,2016A00014,Units,300,thousands,3,v52300165,9,25.507,,,,3
1993-02,Manitoba,2016A000246,Units,300,thousands,3,v52300166,10,2.584,,,,3
1993-02,Saskatchewan,2016A000247,Units,300,thousands,3,v52300167,11,3.014,,,,3
1993-02,Alberta,2016A000248,Units,300,thousands,3,v52300168,12,19.909,,,,3
1993-02,British Columbia,2016A000259,Units,300,thousands,3,v52300169,13,37.293,,,,3
1993-03,Canada,2016A000011124,Units,300,thousands,3,v52300157,1,154.567,,,,3
1993-03,Atlantic provinces,2016A00011,Units,300,thousands,3,v52300158,2,8.805,,,,3
1993-03,Newfoundland and Labrador,2016A000210,Units,300,thousands,3,v52300159,3,3.214,,,,3
1993-03,Prince Edward Island,2016A000211,Units,300,thousands,3,v52300160,4,0.201,,,,3
1993-03,Nova Scotia,2016A000212,Units,300,thousands,3,v52300161,5,3.336,,,,3
1993-03,New Brunswick,2016A000213,Units,300,thousands,3,v52300162,6,2.054,,,,3
1993-03,Quebec,2016A000224,Units,300,thousands,3,v52300163,7,31.852,,,,3
1993-03,Ontario,2016A000235,Units,300,thousands,3,v52300164,8,50.059,,,,3
1993-03,Prairie provinces,2016A00014,Units,300,thousands,3,v52300165,9,21.221,,,,3
1993-03,Manitoba,2016A000246,Units,300,thousands,3,v52300166,10,2.509,,,,3
1993-03,Saskatchewan,2016A000247,Units,300,thousands,3,v52300167,11,1.55,,,,3
1993-03,Alberta,2016A000248,Units,300,thousands,3,v52300168,12,17.162,,,,3
1993-03,British Columbia,2016A000259,Units,300,thousands,3,v52300169,13,42.63,,,,3
1993-04,Canada,2016A000011124,Units,300,thousands,3,v52300157,1,164.532,,,,3
1993-04,Atlantic provinces,2016A00011,Units,300,thousands,3,v52300158,2,9.475,,,,3
1993-04,Newfoundland and Labrador,2016A000210,Units,300,thousands,3,v52300159,3,2.577,,,,3
1993-04,Prince Edward Island,2016A000211,Units,300,thousands,3,v52300160,4,0.4,,,,3
1993-04,Nova Scotia,2016A000212,Units,300,thousands,3,v52300161,5,2.692,,,,3
1993-04,New Brunswick,2016A000213,Units,300,thousands,3,v52300162,6,3.806,,,,3
1993-04,Quebec,2016A000224,Units,300,thousands,3,v52300163,7,34.722,,,,3
1993-04,Ontario,2016A000235,Units,300,thousands,3,v52300164,8,47.418,,,,3
1993-04,Prairie provinces,2016A00014,Units,300,thousands,3,v52300165,9,24.333,,,,3
1993-04,Manitoba,2016A000246,Units,300,thousands,3,v52300166,10,1.962,,,,3
1993-04,Saskatchewan,2016A000247,Units,300,thousands,3,v52300167,11,2.557,,,,3
1993-04,Alberta,2016A000248,Units,300,thousands,3,v52300168,12,19.814,,,,3
1993-04,British Columbia,2016A000259,Units,300,thousands,3,v52300169,13,48.584,,,,3
1993-05,Canada,2016A000011124,Units,300,thousands,3,v52300157,1,146.704,,,,3
1993-05,Atlantic provinces,2016A00011,Units,300,thousands,3,v52300158,2,10.454,,,,3
1993-05,Newfoundland and Labrador,2016A000210,Units,300,thousands,3,v52300159,3,1.918,,,,3
1993-05,Prince Edward Island,2016A000211,Units,300,thousands,3,v52300160,4,0.826,,,,3
1993-05,Nova Scotia,2016A000212,Units,300,thousands,3,v52300161,5,3.874,,,,3
1993-05,New Brunswick,2016A000213,Units,300,thousands,3,v52300162,6,3.836,,,,3
1993-05,Quebec,2016A000224,Units,300,thousands,3,v52300163,7,30.23,,,,3
1993-05,Ontario,2016A000235,Units,300,thousands,3,v52300164,8,43.765,,,,3
1993-05,Prairie provinces,2016A00014,Units,300,thousands,3,v52300165,9,18.865,,,,3
1993-05,Manitoba,2016A000246,Units,300,thousands,3,v52300166,10,1.784,,,,3
1993-05,Saskatchewan,2016A000247,Units,300,thousands,3,v52300167,11,1.782,,,,3
1993-05,Alberta,2016A000248,Units,300,thousands,3,v52300168,12,15.299,,,,3
1993-05,British Columbia,2016A000259,Units,300,thousands,3,v52300169,13,43.39,,,,3
1993-06,Canada,2016A000011124,Units,300,thousands,3,v52300157,1,148.908,,,,3
1993-06,Atlantic provinces,2016A00011,Units,300,thousands,3,v52300158,2,12.497,,,,3
1993-06,Newfoundland and Labrador,2016A000210,Units,300,thousands,3,v52300159,3,1.873,,,,3
1993-06,Prince Edward Island,2016A000211,Units,300,thousands,3,v52300160,4,0.699,,,,3
1993-06,Nova Scotia,2016A000212,Units,300,thousands,3,v52300161,5,4.412,,,,3
1993-06,New Brunswick,2016A000213,Units,300,thousands,3,v52300162,6,5.513,,,,3
1993-06,Quebec,2016A000224,Units,300,thousands,3,v52300163,7,32.958,,,,3
1993-06,Ontario,2016A000235,Units,300,thousands,3,v52300164,8,33.96,,,,3
1993-06,Prairie provinces,2016A00014,Units,300,thousands,3,v52300165,9,23.959,,,,3
1993-06,Manitoba,2016A000246,Units,300,thousands,3,v52300166,10,1.705,,,,3
1993-06,Saskatchewan,2016A000247,Units,300,thousands,3,v52300167,11,3.065,,,,3
1993-06,Alberta,2016A000248,Units,300,thousands,3,v52300168,12,19.189,,,,3
1993-06,British Columbia,2016A000259,Units,300,thousands,3,v52300169,13,45.534,,,,3
1993-07,Canada,2016A000011124,Units,300,thousands,3,v52300157,1,173.655,,,,3
1993-07,Atlantic provinces,2016A00011,Units,300,thousands,3,v52300158,2,11.802,,,,3
1993-07,Newfoundland and Labrador,2016A000210,Units,300,thousands,3,v52300159,3,3.48,,,,3
1993-07,Prince Edward Island,2016A000211,Units,300,thousands,3,v52300160,4,0.683,,,,3
1993-07,Nova Scotia,2016A000212,Units,300,thousands,3,v52300161,5,4.261,,,,3
1993-07,New Brunswick,2016A000213,Units,300,thousands,3,v52300162,6,3.378,,,,3
1993-07,Quebec,2016A000224,Units,300,thousands,3,v52300163,7,39.264,,,,3
1993-07,Ontario,2016A000235,Units,300,thousands,3,v52300164,8,50.293,,,,3
1993-07,Prairie provinces,2016A00014,Units,300,thousands,3,v52300165,9,24.939,,,,3
1993-07,Manitoba,2016A000246,Units,300,thousands,3,v52300166,10,3.229,,,,3
1993-07,Saskatchewan,2016A000247,Units,300,thousands,3,v52300167,11,1.628,,,,3
1993-07,Alberta,2016A000248,Units,300,thousands,3,v52300168,12,20.082,,,,3
1993-07,British Columbia,2016A000259,Units,300,thousands,3,v52300169,13,47.357,,,,3
1993-08,Canada,2016A000011124,Units,300,thousands,3,v52300157,1,161.254,,,,3
1993-08,Atlantic provinces,2016A00011,Units,300,thousands,3,v52300158,2,11.799,,,,3
1993-08,Newfoundland and Labrador,2016A000210,Units,300,thousands,3,v52300159,3,2.309,,,,3
1993-08,Prince Edward Island,2016A000211,Units,300,thousands,3,v52300160,4,0.568,,,,3
1993-08,Nova Scotia,2016A000212,Units,300,thousands,3,v52300161,5,4.589,,,,3
1993-08,New Brunswick,2016A000213,Units,300,thousands,3,v52300162,6,4.333,,,,3
1993-08,Quebec,2016A000224,Units,300,thousands,3,v52300163,7,34.293,,,,3
1993-08,Ontario,2016A000235,Units,300,thousands,3,v52300164,8,41.259,,,,3
1993-08,Prairie provinces,2016A00014,Units,300,thousands,3,v52300165,9,23.727,,,,3
1993-08,Manitoba,2016A000246,Units,300,thousands,3,v52300166,10,3.488,,,,3
1993-08,Saskatchewan,2016A000247,Units,300,thousands,3,v52300167,11,1.524,,,,3
1993-08,Alberta,2016A000248,Units,300,thousands,3,v52300168,12,18.715,,,,3
1993-08,British Columbia,2016A000259,Units,300,thousands,3,v52300169,13,50.176,,,,3
1993-09,Canada,2016A000011124,Units,300,thousands,3,v52300157,1,155.533,,,,3
1993-09,Atlantic provinces,2016A00011,Units,300,thousands,3,v52300158,2,11.981,,,,3
1993-09,Newfoundland and Labrador,2016A000210,Units,300,thousands,3,v52300159,3,2.842,,,,3
1993-09,Prince Edward Island,2016A000211,Units,300,thousands,3,v52300160,4,0.672,,,,3
1993-09,Nova Scotia,2016A000212,Units,300,thousands,3,v52300161,5,3.887,,,,3
1993-09,New Brunswick,2016A000213,Units,300,thousands,3,v52300162,6,4.58,,,,3
1993-09,Quebec,2016A000224,Units,300,thousands,3,v52300163,7,38.176,,,,3
1993-09,Ontario,2016A000235,Units,300,thousands,3,v52300164,8,44.076,,,,3
1993-09,Prairie provinces,2016A00014,Units,300,thousands,3,v52300165,9,22.605,,,,3
1993-09,Manitoba,2016A000246,Units,300,thousands,3,v52300166,10,1.487,,,,3
1993-09,Saskatchewan,2016A000247,Units,300,thousands,3,v52300167,11,1.389,,,,3
1993-09,Alberta,2016A000248,Units,300,thousands,3,v52300168,12,19.729,,,,3
1993-09,British Columbia,2016A000259,Units,300,thousands,3,v52300169,13,38.695,,,,3
1993-10,Canada,2016A000011124,Units,300,thousands,3,v52300157,1,162.186,,,,3
1993-10,Atlantic provinces,2016A00011,Units,300,thousands,3,v52300158,2,11.664,,,,3
1993-10,Newfoundland and Labrador,2016A000210,Units,300,thousands,3,v52300159,3,2.06,,,,3
1993-10,Prince Edward Island,2016A000211,Units,300,thousands,3,v52300160,4,0.866,,,,3
1993-10,Nova Scotia,2016A000212,Units,300,thousands,3,v52300161,5,5.691,,,,3
1993-10,New Brunswick,2016A000213,Units,300,thousands,3,v52300162,6,3.047,,,,3
1993-10,Quebec,2016A000224,Units,300,thousands,3,v52300163,7,34.227,,,,3
1993-10,Ontario,2016A000235,Units,300,thousands,3,v52300164,8,49.315,,,,3
1993-10,Prairie provinces,2016A00014,Units,300,thousands,3,v52300165,9,25.196,,,,3
1993-10,Manitoba,2016A000246,Units,300,thousands,3,v52300166,10,3.817,,,,3
1993-10,Saskatchewan,2016A000247,Units,300,thousands,3,v52300167,11,1.365,,,,3
1993-10,Alberta,2016A000248,Units,300,thousands,3,v52300168,12,20.014,,,,3
1993-10,British Columbia,2016A000259,Units,300,thousands,3,v52300169,13,41.784,,,,3
1993-11,Canada,2016A000011124,Units,300,thousands,3,v52300157,1,163.741,,,,3
1993-11,Atlantic provinces,2016A00011,Units,300,thousands,3,v52300158,2,12.176,,,,3
1993-11,Newfoundland and Labrador,2016A000210,Units,300,thousands,3,v52300159,3,2.365,,,,3
1993-11,Prince Edward Island,2016A000211,Units,300,thousands,3,v52300160,4,0.996,,,,3
1993-11,Nova Scotia,2016A000212,Units,300,thousands,3,v52300161,5,4.556,,,,3
1993-11,New Brunswick,2016A000213,Units,300,thousands,3,v52300162,6,4.259,,,,3
1993-11,Quebec,2016A000224,Units,300,thousands,3,v52300163,7,33.128,,,,3
1993-11,Ontario,2016A000235,Units,300,thousands,3,v52300164,8,56.214,,,,3
1993-11,Prairie provinces,2016A00014,Units,300,thousands,3,v52300165,9,20.722,,,,3
1993-11,Manitoba,2016A000246,Units,300,thousands,3,v52300166,10,2.261,,,,3
1993-11,Saskatchewan,2016A000247,Units,300,thousands,3,v52300167,11,1.803,,,,3
1993-11,Alberta,2016A000248,Units,300,thousands,3,v52300168,12,16.658,,,,3
1993-11,British Columbia,2016A000259,Units,300,thousands,3,v52300169,13,41.501,,,,3
1993-12,Canada,2016A000011124,Units,300,thousands,3,v52300157,1,161.597,,,,3
1993-12,Atlantic provinces,2016A00011,Units,300,thousands,3,v52300158,2,11.978,,,,3
1993-12,Newfoundland and Labrador,2016A000210,Units,300,thousands,3,v52300159,3,2.758,,,,3
1993-12,Prince Edward Island,2016A000211,Units,300,thousands,3,v52300160,4,0.728,,,,3
1993-12,Nova Scotia,2016A000212,Units,300,thousands,3,v52300161,5,5.26,,,,3
1993-12,New Brunswick,2016A000213,Units,300,thousands,3,v52300162,6,3.232,,,,3
1993-12,Quebec,2016A000224,Units,300,thousands,3,v52300163,7,32.89,,,,3
1993-12,Ontario,2016A000235,Units,300,thousands,3,v52300164,8,47.74,,,,3
1993-12,Prairie provinces,2016A00014,Units,300,thousands,3,v52300165,9,22.403,,,,3
1993-12,Manitoba,2016A000246,Units,300,thousands,3,v52300166,10,3.283,,,,3
1993-12,Saskatchewan,2016A000247,Units,300,thousands,3,v52300167,11,1.98,,,,3
1993-12,Alberta,2016A000248,Units,300,thousands,3,v52300168,12,17.14,,,,3
1993-12,British Columbia,2016A000259,Units,300,thousands,3,v52300169,13,46.586,,,,3
1994-01,Canada,2016A000011124,Units,300,thousands,3,v52300157,1,150.02,,,,3
1994-01,Atlantic provinces,2016A00011,Units,300,thousands,3,v52300158,2,10.24,,,,3
1994-01,Newfoundland and Labrador,2016A000210,Units,300,thousands,3,v52300159,3,1.854,,,,3
1994-01,Prince Edward Island,2016A000211,Units,300,thousands,3,v52300160,4,2.294,,,,3
1994-01,Nova Scotia,2016A000212,Units,300,thousands,3,v52300161,5,3.535,,,,3
1994-01,New Brunswick,2016A000213,Units,300,thousands,3,v52300162,6,2.557,,,,3
1994-01,Quebec,2016A000224,Units,300,thousands,3,v52300163,7,40.457,,,,3
1994-01,Ontario,2016A000235,Units,300,thousands,3,v52300164,8,43.356,,,,3
1994-01,Prairie provinces,2016A00014,Units,300,thousands,3,v52300165,9,22.84,,,,3
1994-01,Manitoba,2016A000246,Units,300,thousands,3,v52300166,10,2.03,,,,3
1994-01,Saskatchewan,2016A000247,Units,300,thousands,3,v52300167,11,0.932,,,,3
1994-01,Alberta,2016A000248,Units,300,thousands,3,v52300168,12,19.878,,,,3
1994-01,British Columbia,2016A000259,Units,300,thousands,3,v52300169,13,33.127,,,,3
1994-02,Canada,2016A000011124,Units,300,thousands,3,v52300157,1,143.589,,,,3
1994-02,Atlantic provinces,2016A00011,Units,300,thousands,3,v52300158,2,7.145,,,,3
1994-02,Newfoundland and Labrador,2016A000210,Units,300,thousands,3,v52300159,3,1.34,,,,3
1994-02,Prince Edward Island,2016A000211,Units,300,thousands,3,v52300160,4,0.371,,,,3
1994-02,Nova Scotia,2016A000212,Units,300,thousands,3,v52300161,5,2.442,,,,3
1994-02,New Brunswick,2016A000213,Units,300,thousands,3,v52300162,6,2.992,,,,3
1994-02,Quebec,2016A000224,Units,300,thousands,3,v52300163,7,30.39,,,,3
1994-02,Ontario,2016A000235,Units,300,thousands,3,v52300164,8,38.857,,,,3
1994-02,Prairie provinces,2016A00014,Units,300,thousands,3,v52300165,9,22.082,,,,3
1994-02,Manitoba,2016A000246,Units,300,thousands,3,v52300166,10,2.449,,,,3
1994-02,Saskatchewan,2016A000247,Units,300,thousands,3,v52300167,11,0.986,,,,3
1994-02,Alberta,2016A000248,Units,300,thousands,3,v52300168,12,18.647,,,,3
1994-02,British Columbia,2016A000259,Units,300,thousands,3,v52300169,13,45.115,,,,3
1994-03,Canada,2016A000011124,Units,300,thousands,3,v52300157,1,151.841,,,,3
1994-03,Atlantic provinces,2016A00011,Units,300,thousands,3,v52300158,2,7.653,,,,3
1994-03,Newfoundland and Labrador,2016A000210,Units,300,thousands,3,v52300159,3,0.578,,,,3
1994-03,Prince Edward Island,2016A000211,Units,300,thousands,3,v52300160,4,0.523,,,,3
1994-03,Nova Scotia,2016A000212,Units,300,thousands,3,v52300161,5,4.078,,,,3
1994-03,New Brunswick,2016A000213,Units,300,thousands,3,v52300162,6,2.474,,,,3
1994-03,Quebec,2016A000224,Units,300,thousands,3,v52300163,7,37.574,,,,3
1994-03,Ontario,2016A000235,Units,300,thousands,3,v52300164,8,42.841,,,,3
1994-03,Prairie provinces,2016A00014,Units,300,thousands,3,v52300165,9,18.994,,,,3
1994-03,Manitoba,2016A000246,Units,300,thousands,3,v52300166,10,2.031,,,,3
1994-03,Saskatchewan,2016A000247,Units,300,thousands,3,v52300167,11,1.438,,,,3
1994-03,Alberta,2016A000248,Units,300,thousands,3,v52300168,12,15.525,,,,3
1994-03,British Columbia,2016A000259,Units,300,thousands,3,v52300169,13,44.779,,,,3
1994-04,Canada,2016A000011124,Units,300,thousands,3,v52300157,1,160.5,,,,3
1994-04,Atlantic provinces,2016A00011,Units,300,thousands,3,v52300158,2,10.382,,,,3
1994-04,Newfoundland and Labrador,2016A000210,Units,300,thousands,3,v52300159,3,2.422,,,,3
1994-04,Prince Edward Island,2016A000211,Units,300,thousands,3,v52300160,4,0.89,,,,3
1994-04,Nova Scotia,2016A000212,Units,300,thousands,3,v52300161,5,3.65,,,,3
1994-04,New Brunswick,2016A000213,Units,300,thousands,3,v52300162,6,3.42,,,,3
1994-04,Quebec,2016A000224,Units,300,thousands,3,v52300163,7,40.95,,,,3
1994-04,Ontario,2016A000235,Units,300,thousands,3,v52300164,8,50.46,,,,3
1994-04,Prairie provinces,2016A00014,Units,300,thousands,3,v52300165,9,22.935,,,,3
1994-04,Manitoba,2016A000246,Units,300,thousands,3,v52300166,10,2.327,,,,3
1994-04,Saskatchewan,2016A000247,Units,300,thousands,3,v52300167,11,1.927,,,,3
1994-04,Alberta,2016A000248,Units,300,thousands,3,v52300168,12,18.681,,,,3
1994-04,British Columbia,2016A000259,Units,300,thousands,3,v52300169,13,35.773,,,,3
1994-05,Canada,2016A000011124,Units,300,thousands,3,v52300157,1,161.433,,,,3
1994-05,Atlantic provinces,2016A00011,Units,300,thousands,3,v52300158,2,11.351,,,,3
1994-05,Newfoundland and Labrador,2016A000210,Units,300,thousands,3,v52300159,3,2.94,,,,3
1994-05,Prince Edward Island,2016A000211,Units,300,thousands,3,v52300160,4,0.837,,,,3
1994-05,Nova Scotia,2016A000212,Units,300,thousands,3,v52300161,5,4.382,,,,3
1994-05,New Brunswick,2016A000213,Units,300,thousands,3,v52300162,6,3.192,,,,3
1994-05,Quebec,2016A000224,Units,300,thousands,3,v52300163,7,40.512,,,,3
1994-05,Ontario,2016A000235,Units,300,thousands,3,v52300164,8,48.479,,,,3
1994-05,Prairie provinces,2016A00014,Units,300,thousands,3,v52300165,9,22.7,,,,3
1994-05,Manitoba,2016A000246,Units,300,thousands,3,v52300166,10,2.852,,,,3
1994-05,Saskatchewan,2016A000247,Units,300,thousands,3,v52300167,11,2.379,,,,3
1994-05,Alberta,2016A000248,Units,300,thousands,3,v52300168,12,17.469,,,,3
1994-05,British Columbia,2016A000259,Units,300,thousands,3,v52300169,13,38.391,,,,3
1994-06,Canada,2016A000011124,Units,300,thousands,3,v52300157,1,169.039,,,,3
1994-06,Atlantic provinces,2016A00011,Units,300,thousands,3,v52300158,2,14.756,,,,3
1994-06,Newfoundland and Labrador,2016A000210,Units,300,thousands,3,v52300159,3,2.888,,,,3
1994-06,Prince Edward Island,2016A000211,Units,300,thousands,3,v52300160,4,0.819,,,,3
1994-06,Nova Scotia,2016A000212,Units,300,thousands,3,v52300161,5,5.582,,,,3
1994-06,New Brunswick,2016A000213,Units,300,thousands,3,v52300162,6,5.467,,,,3
1994-06,Quebec,2016A000224,Units,300,thousands,3,v52300163,7,35.989,,,,3
1994-06,Ontario,2016A000235,Units,300,thousands,3,v52300164,8,46.162,,,,3
1994-06,Prairie provinces,2016A00014,Units,300,thousands,3,v52300165,9,25.796,,,,3
1994-06,Manitoba,2016A000246,Units,300,thousands,3,v52300166,10,3.049,,,,3
1994-06,Saskatchewan,2016A000247,Units,300,thousands,3,v52300167,11,1.951,,,,3
1994-06,Alberta,2016A000248,Units,300,thousands,3,v52300168,12,20.796,,,,3
1994-06,British Columbia,2016A000259,Units,300,thousands,3,v52300169,13,46.336,,,,3
1994-07,Canada,2016A000011124,Units,300,thousands,3,v52300157,1,164.043,,,,3
1994-07,Atlantic provinces,2016A00011,Units,300,thousands,3,v52300158,2,11.287,,,,3
1994-07,Newfoundland and Labrador,2016A000210,Units,300,thousands,3,v52300159,3,1.723,,,,3
1994-07,Prince Edward Island,2016A000211,Units,300,thousands,3,v52300160,4,0.634,,,,3
1994-07,Nova Scotia,2016A000212,Units,300,thousands,3,v52300161,5,5.009,,,,3
1994-07,New Brunswick,2016A000213,Units,300,thousands,3,v52300162,6,3.921,,,,3
1994-07,Quebec,2016A000224,Units,300,thousands,3,v52300163,7,35.587,,,,3
1994-07,Ontario,2016A000235,Units,300,thousands,3,v52300164,8,53.309,,,,3
1994-07,Prairie provinces,2016A00014,Units,300,thousands,3,v52300165,9,25.455,,,,3
1994-07,Manitoba,2016A000246,Units,300,thousands,3,v52300166,10,4.18,,,,3
1994-07,Saskatchewan,2016A000247,Units,300,thousands,3,v52300167,11,1.887,,,,3
1994-07,Alberta,2016A000248,Units,300,thousands,3,v52300168,12,19.388,,,,3
1994-07,British Columbia,2016A000259,Units,300,thousands,3,v52300169,13,38.405,,,,3
1994-08,Canada,2016A000011124,Units,300,thousands,3,v52300157,1,151.159,,,,3
1994-08,Atlantic provinces,2016A00011,Units,300,thousands,3,v52300158,2,11.459,,,,3
1994-08,Newfoundland and Labrador,2016A000210,Units,300,thousands,3,v52300159,3,2.402,,,,3
1994-08,Prince Edward Island,2016A000211,Units,300,thousands,3,v52300160,4,0.512,,,,3
1994-08,Nova Scotia,2016A000212,Units,300,thousands,3,v52300161,5,5.378,,,,3
1994-08,New Brunswick,2016A000213,Units,300,thousands,3,v52300162,6,3.167,,,,3
1994-08,Quebec,2016A000224,Units,300,thousands,3,v52300163,7,33.69,,,,3
1994-08,Ontario,2016A000235,Units,300,thousands,3,v52300164,8,45.684,,,,3
1994-08,Prairie provinces,2016A00014,Units,300,thousands,3,v52300165,9,22.553,,,,3
1994-08,Manitoba,2016A000246,Units,300,thousands,3,v52300166,10,3.205,,,,3
1994-08,Saskatchewan,2016A000247,Units,300,thousands,3,v52300167,11,1.772,,,,3
1994-08,Alberta,2016A000248,Units,300,thousands,3,v52300168,12,17.576,,,,3
1994-08,British Columbia,2016A000259,Units,300,thousands,3,v52300169,13,37.773,,,,3
1994-09,Canada,2016A000011124,Units,300,thousands,3,v52300157,1,154.9,,,,3
1994-09,Atlantic provinces,2016A00011,Units,300,thousands,3,v52300158,2,13.128,,,,3
1994-09,Newfoundland and Labrador,2016A000210,Units,300,thousands,3,v52300159,3,2.415,,,,3
1994-09,Prince Edward Island,2016A000211,Units,300,thousands,3,v52300160,4,0.994,,,,3
1994-09,Nova Scotia,2016A000212,Units,300,thousands,3,v52300161,5,6.168,,,,3
1994-09,New Brunswick,2016A000213,Units,300,thousands,3,v52300162,6,3.551,,,,3
1994-09,Quebec,2016A000224,Units,300,thousands,3,v52300163,7,29.097,,,,3
1994-09,Ontario,2016A000235,Units,300,thousands,3,v52300164,8,51.503,,,,3
1994-09,Prairie provinces,2016A00014,Units,300,thousands,3,v52300165,9,22.897,,,,3
1994-09,Manitoba,2016A000246,Units,300,thousands,3,v52300166,10,3.237,,,,3
1994-09,Saskatchewan,2016A000247,Units,300,thousands,3,v52300167,11,2.634,,,,3
1994-09,Alberta,2016A000248,Units,300,thousands,3,v52300168,12,17.026,,,,3
1994-09,British Columbia,2016A000259,Units,300,thousands,3,v52300169,13,38.275,,,,3
1994-10,Canada,2016A000011124,Units,300,thousands,3,v52300157,1,149.869,,,,3
1994-10,Atlantic provinces,2016A00011,Units,300,thousands,3,v52300158,2,9.257,,,,3
1994-10,Newfoundland and Labrador,2016A000210,Units,300,thousands,3,v52300159,3,2.005,,,,3
1994-10,Prince Edward Island,2016A000211,Units,300,thousands,3,v52300160,4,0.543,,,,3
1994-10,Nova Scotia,2016A000212,Units,300,thousands,3,v52300161,5,4.012,,,,3
1994-10,New Brunswick,2016A000213,Units,300,thousands,3,v52300162,6,2.697,,,,3
1994-10,Quebec,2016A000224,Units,300,thousands,3,v52300163,7,26.505,,,,3
1994-10,Ontario,2016A000235,Units,300,thousands,3,v52300164,8,50.669,,,,3
1994-10,Prairie provinces,2016A00014,Units,300,thousands,3,v52300165,9,25.898,,,,3
1994-10,Manitoba,2016A000246,Units,300,thousands,3,v52300166,10,4.511,,,,3
1994-10,Saskatchewan,2016A000247,Units,300,thousands,3,v52300167,11,4.155,,,,3
1994-10,Alberta,2016A000248,Units,300,thousands,3,v52300168,12,17.232,,,,3
1994-10,British Columbia,2016A000259,Units,300,thousands,3,v52300169,13,37.54,,,,3
1994-11,Canada,2016A000011124,Units,300,thousands,3,v52300157,1,144.029,,,,3
1994-11,Atlantic provinces,2016A00011,Units,300,thousands,3,v52300158,2,10.52,,,,3
1994-11,Newfoundland and Labrador,2016A000210,Units,300,thousands,3,v52300159,3,2.324,,,,3
1994-11,Prince Edward Island,2016A000211,Units,300,thousands,3,v52300160,4,0.581,,,,3
1994-11,Nova Scotia,2016A000212,Units,300,thousands,3,v52300161,5,5.674,,,,3
1994-11,New Brunswick,2016A000213,Units,300,thousands,3,v52300162,6,1.941,,,,3
1994-11,Quebec,2016A000224,Units,300,thousands,3,v52300163,7,25.443,,,,3
1994-11,Ontario,2016A000235,Units,300,thousands,3,v52300164,8,43.872,,,,3
1994-11,Prairie provinces,2016A00014,Units,300,thousands,3,v52300165,9,19.981,,,,3
1994-11,Manitoba,2016A000246,Units,300,thousands,3,v52300166,10,2.966,,,,3
1994-11,Saskatchewan,2016A000247,Units,300,thousands,3,v52300167,11,2.319,,,,3
1994-11,Alberta,2016A000248,Units,300,thousands,3,v52300168,12,14.696,,,,3
1994-11,British Columbia,2016A000259,Units,300,thousands,3,v52300169,13,44.213,,,,3
1994-12,Canada,2016A000011124,Units,300,thousands,3,v52300157,1,125.041,,,,3
1994-12,Atlantic provinces,2016A00011,Units,300,thousands,3,v52300158,2,9.637,,,,3
1994-12,Newfoundland and Labrador,2016A000210,Units,300,thousands,3,v52300159,3,2.006,,,,3
1994-12,Prince Edward Island,2016A000211,Units,300,thousands,3,v52300160,4,0.537,,,,3
1994-12,Nova Scotia,2016A000212,Units,300,thousands,3,v52300161,5,5.252,,,,3
1994-12,New Brunswick,2016A000213,Units,300,thousands,3,v52300162,6,1.842,,,,3
1994-12,Quebec,2016A000224,Units,300,thousands,3,v52300163,7,27.251,,,,3
1994-12,Ontario,2016A000235,Units,300,thousands,3,v52300164,8,35.06,,,,3
1994-12,Prairie provinces,2016A00014,Units,300,thousands,3,v52300165,9,20.025,,,,3
1994-12,Manitoba,2016A000246,Units,300,thousands,3,v52300166,10,3.078,,,,3
1994-12,Saskatchewan,2016A000247,Units,300,thousands,3,v52300167,11,1.797,,,,3
1994-12,Alberta,2016A000248,Units,300,thousands,3,v52300168,12,15.15,,,,3
1994-12,British Columbia,2016A000259,Units,300,thousands,3,v52300169,13,33.068,,,,3
1995-01,Canada,2016A000011124,Units,300,thousands,3,v52300157,1,136.747,,,,3
1995-01,Atlantic provinces,2016A00011,Units,300,thousands,3,v52300158,2,8.273,,,,3
1995-01,Newfoundland and Labrador,2016A000210,Units,300,thousands,3,v52300159,3,1.566,,,,3
1995-01,Prince Edward Island,2016A000211,Units,300,thousands,3,v52300160,4,1.553,,,,3
1995-01,Nova Scotia,2016A000212,Units,300,thousands,3,v52300161,5,3.801,,,,3
1995-01,New Brunswick,2016A000213,Units,300,thousands,3,v52300162,6,1.353,,,,3
1995-01,Quebec,2016A000224,Units,300,thousands,3,v52300163,7,34.067,,,,3
1995-01,Ontario,2016A000235,Units,300,thousands,3,v52300164,8,37.549,,,,3
1995-01,Prairie provinces,2016A00014,Units,300,thousands,3,v52300165,9,17.907,,,,3
1995-01,Manitoba,2016A000246,Units,300,thousands,3,v52300166,10,2.146,,,,3
1995-01,Saskatchewan,2016A000247,Units,300,thousands,3,v52300167,11,0.729,,,,3
1995-01,Alberta,2016A000248,Units,300,thousands,3,v52300168,12,15.032,,,,3
1995-01,British Columbia,2016A000259,Units,300,thousands,3,v52300169,13,38.951,,,,3
1995-02,Canada,2016A000011124,Units,300,thousands,3,v52300157,1,122.976,,,,3
1995-02,Atlantic provinces,2016A00011,Units,300,thousands,3,v52300158,2,7.438,,,,3
1995-02,Newfoundland and Labrador,2016A000210,Units,300,thousands,3,v52300159,3,1.885,,,,3
1995-02,Prince Edward Island,2016A000211,Units,300,thousands,3,v52300160,4,0.324,,,,3
1995-02,Nova Scotia,2016A000212,Units,300,thousands,3,v52300161,5,3.999,,,,3
1995-02,New Brunswick,2016A000213,Units,300,thousands,3,v52300162,6,1.23,,,,3
1995-02,Quebec,2016A000224,Units,300,thousands,3,v52300163,7,28.848,,,,3
1995-02,Ontario,2016A000235,Units,300,thousands,3,v52300164,8,37.39,,,,3
1995-02,Prairie provinces,2016A00014,Units,300,thousands,3,v52300165,9,19.314,,,,3
1995-02,Manitoba,2016A000246,Units,300,thousands,3,v52300166,10,2.081,,,,3
1995-02,Saskatchewan,2016A000247,Units,300,thousands,3,v52300167,11,1.038,,,,3
1995-02,Alberta,2016A000248,Units,300,thousands,3,v52300168,12,16.195,,,,3
1995-02,British Columbia,2016A000259,Units,300,thousands,3,v52300169,13,29.986,,,,3
1995-03,Canada,2016A000011124,Units,300,thousands,3,v52300157,1,98.919,,,,3
1995-03,Atlantic provinces,2016A00011,Units,300,thousands,3,v52300158,2,5.889,,,,3
1995-03,Newfoundland and Labrador,2016A000210,Units,300,thousands,3,v52300159,3,1.126,,,,3
1995-03,Prince Edward Island,2016A000211,Units,300,thousands,3,v52300160,4,0.169,,,,3
1995-03,Nova Scotia,2016A000212,Units,300,thousands,3,v52300161,5,3.312,,,,3
1995-03,New Brunswick,2016A000213,Units,300,thousands,3,v52300162,6,1.282,,,,3
1995-03,Quebec,2016A000224,Units,300,thousands,3,v52300163,7,21.108,,,,3
1995-03,Ontario,2016A000235,Units,300,thousands,3,v52300164,8,37.99,,,,3
1995-03,Prairie provinces,2016A00014,Units,300,thousands,3,v52300165,9,13.295,,,,3
1995-03,Manitoba,2016A000246,Units,300,thousands,3,v52300166,10,1.742,,,,3
1995-03,Saskatchewan,2016A000247,Units,300,thousands,3,v52300167,11,0.839,,,,3
1995-03,Alberta,2016A000248,Units,300,thousands,3,v52300168,12,10.714,,,,3
1995-03,British Columbia,2016A000259,Units,300,thousands,3,v52300169,13,20.637,,,,3
1995-04,Canada,2016A000011124,Units,300,thousands,3,v52300157,1,114.715,,,,3
1995-04,Atlantic provinces,2016A00011,Units,300,thousands,3,v52300158,2,7.577,,,,3
1995-04,Newfoundland and Labrador,2016A000210,Units,300,thousands,3,v52300159,3,0.973,,,,3
1995-04,Prince Edward Island,2016A000211,Units,300,thousands,3,v52300160,4,0.421,,,,3
1995-04,Nova Scotia,2016A000212,Units,300,thousands,3,v52300161,5,4.712,,,,3
1995-04,New Brunswick,2016A000213,Units,300,thousands,3,v52300162,6,1.471,,,,3
1995-04,Quebec,2016A000224,Units,300,thousands,3,v52300163,7,26.579,,,,3
1995-04,Ontario,2016A000235,Units,300,thousands,3,v52300164,8,36.052,,,,3
1995-04,Prairie provinces,2016A00014,Units,300,thousands,3,v52300165,9,16.083,,,,3
1995-04,Manitoba,2016A000246,Units,300,thousands,3,v52300166,10,1.599,,,,3
1995-04,Saskatchewan,2016A000247,Units,300,thousands,3,v52300167,11,1.489,,,,3
1995-04,Alberta,2016A000248,Units,300,thousands,3,v52300168,12,12.995,,,,3
1995-04,British Columbia,2016A000259,Units,300,thousands,3,v52300169,13,28.424,,,,3
1995-05,Canada,2016A000011124,Units,300,thousands,3,v52300157,1,97.502,,,,3
1995-05,Atlantic provinces,2016A00011,Units,300,thousands,3,v52300158,2,9.639,,,,3
1995-05,Newfoundland and Labrador,2016A000210,Units,300,thousands,3,v52300159,3,1.284,,,,3
1995-05,Prince Edward Island,2016A000211,Units,300,thousands,3,v52300160,4,0.387,,,,3
1995-05,Nova Scotia,2016A000212,Units,300,thousands,3,v52300161,5,5.218,,,,3
1995-05,New Brunswick,2016A000213,Units,300,thousands,3,v52300162,6,2.75,,,,3
1995-05,Quebec,2016A000224,Units,300,thousands,3,v52300163,7,20.937,,,,3
1995-05,Ontario,2016A000235,Units,300,thousands,3,v52300164,8,27.389,,,,3
1995-05,Prairie provinces,2016A00014,Units,300,thousands,3,v52300165,9,14.335,,,,3
1995-05,Manitoba,2016A000246,Units,300,thousands,3,v52300166,10,1.814,,,,3
1995-05,Saskatchewan,2016A000247,Units,300,thousands,3,v52300167,11,2.492,,,,3
1995-05,Alberta,2016A000248,Units,300,thousands,3,v52300168,12,10.029,,,,3
1995-05,British Columbia,2016A000259,Units,300,thousands,3,v52300169,13,25.202,,,,3
1995-06,Canada,2016A000011124,Units,300,thousands,3,v52300157,1,112.029,,,,3
1995-06,Atlantic provinces,2016A00011,Units,300,thousands,3,v52300158,2,10.718,,,,3
1995-06,Newfoundland and Labrador,2016A000210,Units,300,thousands,3,v52300159,3,2.32,,,,3
1995-06,Prince Edward Island,2016A000211,Units,300,thousands,3,v52300160,4,0.287,,,,3
1995-06,Nova Scotia,2016A000212,Units,300,thousands,3,v52300161,5,5.845,,,,3
1995-06,New Brunswick,2016A000213,Units,300,thousands,3,v52300162,6,2.266,,,,3
1995-06,Quebec,2016A000224,Units,300,thousands,3,v52300163,7,19.368,,,,3
1995-06,Ontario,2016A000235,Units,300,thousands,3,v52300164,8,36.679,,,,3
1995-06,Prairie provinces,2016A00014,Units,300,thousands,3,v52300165,9,16.567,,,,3
1995-06,Manitoba,2016A000246,Units,300,thousands,3,v52300166,10,2.399,,,,3
1995-06,Saskatchewan,2016A000247,Units,300,thousands,3,v52300167,11,2.258,,,,3
1995-06,Alberta,2016A000248,Units,300,thousands,3,v52300168,12,11.91,,,,3
1995-06,British Columbia,2016A000259,Units,300,thousands,3,v52300169,13,28.697,,,,3
1995-07,Canada,2016A000011124,Units,300,thousands,3,v52300157,1,105.005,,,,3
1995-07,Atlantic provinces,2016A00011,Units,300,thousands,3,v52300158,2,8.884,,,,3
1995-07,Newfoundland and Labrador,2016A000210,Units,300,thousands,3,v52300159,3,1.837,,,,3
1995-07,Prince Edward Island,2016A000211,Units,300,thousands,3,v52300160,4,0.379,,,,3
1995-07,Nova Scotia,2016A000212,Units,300,thousands,3,v52300161,5,4.163,,,,3
1995-07,New Brunswick,2016A000213,Units,300,thousands,3,v52300162,6,2.505,,,,3
1995-07,Quebec,2016A000224,Units,300,thousands,3,v52300163,7,20.265,,,,3
1995-07,Ontario,2016A000235,Units,300,thousands,3,v52300164,8,29.585,,,,3
1995-07,Prairie provinces,2016A00014,Units,300,thousands,3,v52300165,9,21.847,,,,3
1995-07,Manitoba,2016A000246,Units,300,thousands,3,v52300166,10,3.342,,,,3
1995-07,Saskatchewan,2016A000247,Units,300,thousands,3,v52300167,11,1.706,,,,3
1995-07,Alberta,2016A000248,Units,300,thousands,3,v52300168,12,16.799,,,,3
1995-07,British Columbia,2016A000259,Units,300,thousands,3,v52300169,13,24.424,,,,3
1995-08,Canada,2016A000011124,Units,300,thousands,3,v52300157,1,108.75,,,,3
1995-08,Atlantic provinces,2016A00011,Units,300,thousands,3,v52300158,2,9.533,,,,3
1995-08,Newfoundland and Labrador,2016A000210,Units,300,thousands,3,v52300159,3,2.105,,,,3
1995-08,Prince Edward Island,2016A000211,Units,300,thousands,3,v52300160,4,0.509,,,,3
1995-08,Nova Scotia,2016A000212,Units,300,thousands,3,v52300161,5,3.896,,,,3
1995-08,New Brunswick,2016A000213,Units,300,thousands,3,v52300162,6,3.023,,,,3
1995-08,Quebec,2016A000224,Units,300,thousands,3,v52300163,7,19.31,,,,3
1995-08,Ontario,2016A000235,Units,300,thousands,3,v52300164,8,34.608,,,,3
1995-08,Prairie provinces,2016A00014,Units,300,thousands,3,v52300165,9,19.765,,,,3
1995-08,Manitoba,2016A000246,Units,300,thousands,3,v52300166,10,1.957,,,,3
1995-08,Saskatchewan,2016A000247,Units,300,thousands,3,v52300167,11,2.394,,,,3
1995-08,Alberta,2016A000248,Units,300,thousands,3,v52300168,12,15.414,,,,3
1995-08,British Columbia,2016A000259,Units,300,thousands,3,v52300169,13,25.534,,,,3
1995-09,Canada,2016A000011124,Units,300,thousands,3,v52300157,1,112.143,,,,3
1995-09,Atlantic provinces,2016A00011,Units,300,thousands,3,v52300158,2,9.249,,,,3
1995-09,Newfoundland and Labrador,2016A000210,Units,300,thousands,3,v52300159,3,1.751,,,,3
1995-09,Prince Edward Island,2016A000211,Units,300,thousands,3,v52300160,4,0.535,,,,3
1995-09,Nova Scotia,2016A000212,Units,300,thousands,3,v52300161,5,3.964,,,,3
1995-09,New Brunswick,2016A000213,Units,300,thousands,3,v52300162,6,2.999,,,,3
1995-09,Quebec,2016A000224,Units,300,thousands,3,v52300163,7,19.492,,,,3
1995-09,Ontario,2016A000235,Units,300,thousands,3,v52300164,8,38.592,,,,3
1995-09,Prairie provinces,2016A00014,Units,300,thousands,3,v52300165,9,16.661,,,,3
1995-09,Manitoba,2016A000246,Units,300,thousands,3,v52300166,10,1.407,,,,3
1995-09,Saskatchewan,2016A000247,Units,300,thousands,3,v52300167,11,1.816,,,,3
1995-09,Alberta,2016A000248,Units,300,thousands,3,v52300168,12,13.438,,,,3
1995-09,British Columbia,2016A000259,Units,300,thousands,3,v52300169,13,28.149,,,,3
1995-10,Canada,2016A000011124,Units,300,thousands,3,v52300157,1,110.648,,,,3
1995-10,Atlantic provinces,2016A00011,Units,300,thousands,3,v52300158,2,9.016,,,,3
1995-10,Newfoundland and Labrador,2016A000210,Units,300,thousands,3,v52300159,3,1.781,,,,3
1995-10,Prince Edward Island,2016A000211,Units,300,thousands,3,v52300160,4,0.39,,,,3
1995-10,Nova Scotia,2016A000212,Units,300,thousands,3,v52300161,5,3.666,,,,3
1995-10,New Brunswick,2016A000213,Units,300,thousands,3,v52300162,6,3.179,,,,3
1995-10,Quebec,2016A000224,Units,300,thousands,3,v52300163,7,23.541,,,,3
1995-10,Ontario,2016A000235,Units,300,thousands,3,v52300164,8,32.756,,,,3
1995-10,Prairie provinces,2016A00014,Units,300,thousands,3,v52300165,9,22.401,,,,3
1995-10,Manitoba,2016A000246,Units,300,thousands,3,v52300166,10,2.186,,,,3
1995-10,Saskatchewan,2016A000247,Units,300,thousands,3,v52300167,11,2.106,,,,3
1995-10,Alberta,2016A000248,Units,300,thousands,3,v52300168,12,18.109,,,,3
1995-10,British Columbia,2016A000259,Units,300,thousands,3,v52300169,13,22.934,,,,3
1995-11,Canada,2016A000011124,Units,300,thousands,3,v52300157,1,114.573,,,,3
1995-11,Atlantic provinces,2016A00011,Units,300,thousands,3,v52300158,2,8.193,,,,3
1995-11,Newfoundland and Labrador,2016A000210,Units,300,thousands,3,v52300159,3,1.855,,,,3
1995-11,Prince Edward Island,2016A000211,Units,300,thousands,3,v52300160,4,0.727,,,,3
1995-11,Nova Scotia,2016A000212,Units,300,thousands,3,v52300161,5,3.745,,,,3
1995-11,New Brunswick,2016A000213,Units,300,thousands,3,v52300162,6,1.866,,,,3
1995-11,Quebec,2016A000224,Units,300,thousands,3,v52300163,7,21.158,,,,3
1995-11,Ontario,2016A000235,Units,300,thousands,3,v52300164,8,41.482,,,,3
1995-11,Prairie provinces,2016A00014,Units,300,thousands,3,v52300165,9,16.134,,,,3
1995-11,Manitoba,2016A000246,Units,300,thousands,3,v52300166,10,1.727,,,,3
1995-11,Saskatchewan,2016A000247,Units,300,thousands,3,v52300167,11,1.418,,,,3
1995-11,Alberta,2016A000248,Units,300,thousands,3,v52300168,12,12.989,,,,3
1995-11,British Columbia,2016A000259,Units,300,thousands,3,v52300169,13,27.606,,,,3
1995-12,Canada,2016A000011124,Units,300,thousands,3,v52300157,1,119.395,,,,3
1995-12,Atlantic provinces,2016A00011,Units,300,thousands,3,v52300158,2,8.262,,,,3
1995-12,Newfoundland and Labrador,2016A000210,Units,300,thousands,3,v52300159,3,1.474,,,,3
1995-12,Prince Edward Island,2016A000211,Units,300,thousands,3,v52300160,4,0.203,,,,3
1995-12,Nova Scotia,2016A000212,Units,300,thousands,3,v52300161,5,4.515,,,,3
1995-12,New Brunswick,2016A000213,Units,300,thousands,3,v52300162,6,2.07,,,,3
1995-12,Quebec,2016A000224,Units,300,thousands,3,v52300163,7,22.842,,,,3
1995-12,Ontario,2016A000235,Units,300,thousands,3,v52300164,8,44.066,,,,3
1995-12,Prairie provinces,2016A00014,Units,300,thousands,3,v52300165,9,17.177,,,,3
1995-12,Manitoba,2016A000246,Units,300,thousands,3,v52300166,10,1.602,,,,3
1995-12,Saskatchewan,2016A000247,Units,300,thousands,3,v52300167,11,1.586,,,,3
1995-12,Alberta,2016A000248,Units,300,thousands,3,v52300168,12,13.989,,,,3
1995-12,British Columbia,2016A000259,Units,300,thousands,3,v52300169,13,27.048,,,,3
1996-01,Canada,2016A000011124,Units,300,thousands,3,v52300157,1,102.918,,,,3
1996-01,Atlantic provinces,2016A00011,Units,300,thousands,3,v52300158,2,7.492,,,,3
1996-01,Newfoundland and Labrador,2016A000210,Units,300,thousands,3,v52300159,3,2.239,,,,3
1996-01,Prince Edward Island,2016A000211,Units,300,thousands,3,v52300160,4,0.683,,,,3
1996-01,Nova Scotia,2016A000212,Units,300,thousands,3,v52300161,5,2.71,,,,3
1996-01,New Brunswick,2016A000213,Units,300,thousands,3,v52300162,6,1.86,,,,3
1996-01,Quebec,2016A000224,Units,300,thousands,3,v52300163,7,22.341,,,,3
1996-01,Ontario,2016A000235,Units,300,thousands,3,v52300164,8,35.221,,,,3
1996-01,Prairie provinces,2016A00014,Units,300,thousands,3,v52300165,9,16.285,,,,3
1996-01,Manitoba,2016A000246,Units,300,thousands,3,v52300166,10,1.265,,,,3
1996-01,Saskatchewan,2016A000247,Units,300,thousands,3,v52300167,11,1.604,,,,3
1996-01,Alberta,2016A000248,Units,300,thousands,3,v52300168,12,13.416,,,,3
1996-01,British Columbia,2016A000259,Units,300,thousands,3,v52300169,13,21.579,,,,3
1996-02,Canada,2016A000011124,Units,300,thousands,3,v52300157,1,103.362,,,,3
1996-02,Atlantic provinces,2016A00011,Units,300,thousands,3,v52300158,2,7.084,,,,3
1996-02,Newfoundland and Labrador,2016A000210,Units,300,thousands,3,v52300159,3,1.931,,,,3
1996-02,Prince Edward Island,2016A000211,Units,300,thousands,3,v52300160,4,0.765,,,,3
1996-02,Nova Scotia,2016A000212,Units,300,thousands,3,v52300161,5,2.682,,,,3
1996-02,New Brunswick,2016A000213,Units,300,thousands,3,v52300162,6,1.706,,,,3
1996-02,Quebec,2016A000224,Units,300,thousands,3,v52300163,7,23.994,,,,3
1996-02,Ontario,2016A000235,Units,300,thousands,3,v52300164,8,30.4,,,,3
1996-02,Prairie provinces,2016A00014,Units,300,thousands,3,v52300165,9,16.6,,,,3
1996-02,Manitoba,2016A000246,Units,300,thousands,3,v52300166,10,2.269,,,,3
1996-02,Saskatchewan,2016A000247,Units,300,thousands,3,v52300167,11,1.547,,,,3
1996-02,Alberta,2016A000248,Units,300,thousands,3,v52300168,12,12.784,,,,3
1996-02,British Columbia,2016A000259,Units,300,thousands,3,v52300169,13,25.284,,,,3
1996-03,Canada,2016A000011124,Units,300,thousands,3,v52300157,1,110.717,,,,3
1996-03,Atlantic provinces,2016A00011,Units,300,thousands,3,v52300158,2,8.623,,,,3
1996-03,Newfoundland and Labrador,2016A000210,Units,300,thousands,3,v52300159,3,2.048,,,,3
1996-03,Prince Edward Island,2016A000211,Units,300,thousands,3,v52300160,4,0.758,,,,3
1996-03,Nova Scotia,2016A000212,Units,300,thousands,3,v52300161,5,3.271,,,,3
1996-03,New Brunswick,2016A000213,Units,300,thousands,3,v52300162,6,2.546,,,,3
1996-03,Quebec,2016A000224,Units,300,thousands,3,v52300163,7,23.548,,,,3
1996-03,Ontario,2016A000235,Units,300,thousands,3,v52300164,8,33.803,,,,3
1996-03,Prairie provinces,2016A00014,Units,300,thousands,3,v52300165,9,20.14,,,,3
1996-03,Manitoba,2016A000246,Units,300,thousands,3,v52300166,10,1.84,,,,3
1996-03,Saskatchewan,2016A000247,Units,300,thousands,3,v52300167,11,2.406,,,,3
1996-03,Alberta,2016A000248,Units,300,thousands,3,v52300168,12,15.894,,,,3
1996-03,British Columbia,2016A000259,Units,300,thousands,3,v52300169,13,24.603,,,,3
1996-04,Canada,2016A000011124,Units,300,thousands,3,v52300157,1,106.024,,,,3
1996-04,Atlantic provinces,2016A00011,Units,300,thousands,3,v52300158,2,11.775,,,,3
1996-04,Newfoundland and Labrador,2016A000210,Units,300,thousands,3,v52300159,3,1.63,,,,3
1996-04,Prince Edward Island,2016A000211,Units,300,thousands,3,v52300160,4,0.509,,,,3
1996-04,Nova Scotia,2016A000212,Units,300,thousands,3,v52300161,5,6.237,,,,3
1996-04,New Brunswick,2016A000213,Units,300,thousands,3,v52300162,6,3.399,,,,3
1996-04,Quebec,2016A000224,Units,300,thousands,3,v52300163,7,21.371,,,,3
1996-04,Ontario,2016A000235,Units,300,thousands,3,v52300164,8,33.489,,,,3
1996-04,Prairie provinces,2016A00014,Units,300,thousands,3,v52300165,9,16.129,,,,3
1996-04,Manitoba,2016A000246,Units,300,thousands,3,v52300166,10,1.94,,,,3
1996-04,Saskatchewan,2016A000247,Units,300,thousands,3,v52300167,11,2.159,,,,3
1996-04,Alberta,2016A000248,Units,300,thousands,3,v52300168,12,12.03,,,,3
1996-04,British Columbia,2016A000259,Units,300,thousands,3,v52300169,13,23.26,,,,3
1996-05,Canada,2016A000011124,Units,300,thousands,3,v52300157,1,128.412,,,,3
1996-05,Atlantic provinces,2016A00011,Units,300,thousands,3,v52300158,2,10.03,,,,3
1996-05,Newfoundland and Labrador,2016A000210,Units,300,thousands,3,v52300159,3,2.028,,,,3
1996-05,Prince Edward Island,2016A000211,Units,300,thousands,3,v52300160,4,0.615,,,,3
1996-05,Nova Scotia,2016A000212,Units,300,thousands,3,v52300161,5,4.569,,,,3
1996-05,New Brunswick,2016A000213,Units,300,thousands,3,v52300162,6,2.818,,,,3
1996-05,Quebec,2016A000224,Units,300,thousands,3,v52300163,7,23.792,,,,3
1996-05,Ontario,2016A000235,Units,300,thousands,3,v52300164,8,44.985,,,,3
1996-05,Prairie provinces,2016A00014,Units,300,thousands,3,v52300165,9,21.027,,,,3
1996-05,Manitoba,2016A000246,Units,300,thousands,3,v52300166,10,2.174,,,,3
1996-05,Saskatchewan,2016A000247,Units,300,thousands,3,v52300167,11,2.405,,,,3
1996-05,Alberta,2016A000248,Units,300,thousands,3,v52300168,12,16.448,,,,3
1996-05,British Columbia,2016A000259,Units,300,thousands,3,v52300169,13,28.578,,,,3
1996-06,Canada,2016A000011124,Units,300,thousands,3,v52300157,1,139.102,,,,3
1996-06,Atlantic provinces,2016A00011,Units,300,thousands,3,v52300158,2,9.429,,,,3
1996-06,Newfoundland and Labrador,2016A000210,Units,300,thousands,3,v52300159,3,1.766,,,,3
1996-06,Prince Edward Island,2016A000211,Units,300,thousands,3,v52300160,4,1.032,,,,3
1996-06,Nova Scotia,2016A000212,Units,300,thousands,3,v52300161,5,3.983,,,,3
1996-06,New Brunswick,2016A000213,Units,300,thousands,3,v52300162,6,2.648,,,,3
1996-06,Quebec,2016A000224,Units,300,thousands,3,v52300163,7,25.17,,,,3
1996-06,Ontario,2016A000235,Units,300,thousands,3,v52300164,8,46.233,,,,3
1996-06,Prairie provinces,2016A00014,Units,300,thousands,3,v52300165,9,24.585,,,,3
1996-06,Manitoba,2016A000246,Units,300,thousands,3,v52300166,10,4.264,,,,3
1996-06,Saskatchewan,2016A000247,Units,300,thousands,3,v52300167,11,2.987,,,,3
1996-06,Alberta,2016A000248,Units,300,thousands,3,v52300168,12,17.334,,,,3
1996-06,British Columbia,2016A000259,Units,300,thousands,3,v52300169,13,33.685,,,,3
1996-07,Canada,2016A000011124,Units,300,thousands,3,v52300157,1,130.833,,,,3
1996-07,Atlantic provinces,2016A00011,Units,300,thousands,3,v52300158,2,8.698,,,,3
1996-07,Newfoundland and Labrador,2016A000210,Units,300,thousands,3,v52300159,3,1.958,,,,3
1996-07,Prince Edward Island,2016A000211,Units,300,thousands,3,v52300160,4,0.499,,,,3
1996-07,Nova Scotia,2016A000212,Units,300,thousands,3,v52300161,5,3.543,,,,3
1996-07,New Brunswick,2016A000213,Units,300,thousands,3,v52300162,6,2.698,,,,3
1996-07,Quebec,2016A000224,Units,300,thousands,3,v52300163,7,21.058,,,,3
1996-07,Ontario,2016A000235,Units,300,thousands,3,v52300164,8,43.863,,,,3
1996-07,Prairie provinces,2016A00014,Units,300,thousands,3,v52300165,9,20.863,,,,3
1996-07,Manitoba,2016A000246,Units,300,thousands,3,v52300166,10,2.093,,,,3
1996-07,Saskatchewan,2016A000247,Units,300,thousands,3,v52300167,11,2.357,,,,3
1996-07,Alberta,2016A000248,Units,300,thousands,3,v52300168,12,16.413,,,,3
1996-07,British Columbia,2016A000259,Units,300,thousands,3,v52300169,13,36.351,,,,3
1996-08,Canada,2016A000011124,Units,300,thousands,3,v52300157,1,129.78,,,,3
1996-08,Atlantic provinces,2016A00011,Units,300,thousands,3,v52300158,2,9.933,,,,3
1996-08,Newfoundland and Labrador,2016A000210,Units,300,thousands,3,v52300159,3,1.821,,,,3
1996-08,Prince Edward Island,2016A000211,Units,300,thousands,3,v52300160,4,0.397,,,,3
1996-08,Nova Scotia,2016A000212,Units,300,thousands,3,v52300161,5,4.572,,,,3
1996-08,New Brunswick,2016A000213,Units,300,thousands,3,v52300162,6,3.143,,,,3
1996-08,Quebec,2016A000224,Units,300,thousands,3,v52300163,7,22.333,,,,3
1996-08,Ontario,2016A000235,Units,300,thousands,3,v52300164,8,41.656,,,,3
1996-08,Prairie provinces,2016A00014,Units,300,thousands,3,v52300165,9,25.677,,,,3
1996-08,Manitoba,2016A000246,Units,300,thousands,3,v52300166,10,1.438,,,,3
1996-08,Saskatchewan,2016A000247,Units,300,thousands,3,v52300167,11,4.563,,,,3
1996-08,Alberta,2016A000248,Units,300,thousands,3,v52300168,12,19.676,,,,3
1996-08,British Columbia,2016A000259,Units,300,thousands,3,v52300169,13,30.181,,,,3
1996-09,Canada,2016A000011124,Units,300,thousands,3,v52300157,1,136.53,,,,3
1996-09,Atlantic provinces,2016A00011,Units,300,thousands,3,v52300158,2,9.08,,,,3
1996-09,Newfoundland and Labrador,2016A000210,Units,300,thousands,3,v52300159,3,1.864,,,,3
1996-09,Prince Edward Island,2016A000211,Units,300,thousands,3,v52300160,4,0.433,,,,3
1996-09,Nova Scotia,2016A000212,Units,300,thousands,3,v52300161,5,4.028,,,,3
1996-09,New Brunswick,2016A000213,Units,300,thousands,3,v52300162,6,2.755,,,,3
1996-09,Quebec,2016A000224,Units,300,thousands,3,v52300163,7,21.968,,,,3
1996-09,Ontario,2016A000235,Units,300,thousands,3,v52300164,8,50.678,,,,3
1996-09,Prairie provinces,2016A00014,Units,300,thousands,3,v52300165,9,22.572,,,,3
1996-09,Manitoba,2016A000246,Units,300,thousands,3,v52300166,10,1.447,,,,3
1996-09,Saskatchewan,2016A000247,Units,300,thousands,3,v52300167,11,3.558,,,,3
1996-09,Alberta,2016A000248,Units,300,thousands,3,v52300168,12,17.567,,,,3
1996-09,British Columbia,2016A000259,Units,300,thousands,3,v52300169,13,32.232,,,,3
1996-10,Canada,2016A000011124,Units,300,thousands,3,v52300157,1,118.098,,,,3
1996-10,Atlantic provinces,2016A00011,Units,300,thousands,3,v52300158,2,8.942,,,,3
1996-10,Newfoundland and Labrador,2016A000210,Units,300,thousands,3,v52300159,3,2.374,,,,3
1996-10,Prince Edward Island,2016A000211,Units,300,thousands,3,v52300160,4,0.492,,,,3
1996-10,Nova Scotia,2016A000212,Units,300,thousands,3,v52300161,5,3.356,,,,3
1996-10,New Brunswick,2016A000213,Units,300,thousands,3,v52300162,6,2.72,,,,3
1996-10,Quebec,2016A000224,Units,300,thousands,3,v52300163,7,24.27,,,,3
1996-10,Ontario,2016A000235,Units,300,thousands,3,v52300164,8,42.884,,,,3
1996-10,Prairie provinces,2016A00014,Units,300,thousands,3,v52300165,9,22.225,,,,3
1996-10,Manitoba,2016A000246,Units,300,thousands,3,v52300166,10,2.933,,,,3
1996-10,Saskatchewan,2016A000247,Units,300,thousands,3,v52300167,11,1.695,,,,3
1996-10,Alberta,2016A000248,Units,300,thousands,3,v52300168,12,17.597,,,,3
1996-10,British Columbia,2016A000259,Units,300,thousands,3,v52300169,13,19.777,,,,3
1996-11,Canada,2016A000011124,Units,300,thousands,3,v52300157,1,140.2,,,,3
1996-11,Atlantic provinces,2016A00011,Units,300,thousands,3,v52300158,2,10.627,,,,3
1996-11,Newfoundland and Labrador,2016A000210,Units,300,thousands,3,v52300159,3,2.517,,,,3
1996-11,Prince Edward Island,2016A000211,Units,300,thousands,3,v52300160,4,0.495,,,,3
1996-11,Nova Scotia,2016A000212,Units,300,thousands,3,v52300161,5,4.529,,,,3
1996-11,New Brunswick,2016A000213,Units,300,thousands,3,v52300162,6,3.086,,,,3
1996-11,Quebec,2016A000224,Units,300,thousands,3,v52300163,7,27.116,,,,3
1996-11,Ontario,2016A000235,Units,300,thousands,3,v52300164,8,47.974,,,,3
1996-11,Prairie provinces,2016A00014,Units,300,thousands,3,v52300165,9,25.585,,,,3
1996-11,Manitoba,2016A000246,Units,300,thousands,3,v52300166,10,3.798,,,,3
1996-11,Saskatchewan,2016A000247,Units,300,thousands,3,v52300167,11,2.136,,,,3
1996-11,Alberta,2016A000248,Units,300,thousands,3,v52300168,12,19.651,,,,3
1996-11,British Columbia,2016A000259,Units,300,thousands,3,v52300169,13,28.898,,,,3
1996-12,Canada,2016A000011124,Units,300,thousands,3,v52300157,1,137.325,,,,3
1996-12,Atlantic provinces,2016A00011,Units,300,thousands,3,v52300158,2,11.785,,,,3
1996-12,Newfoundland and Labrador,2016A000210,Units,300,thousands,3,v52300159,3,3.332,,,,3
1996-12,Prince Edward Island,2016A000211,Units,300,thousands,3,v52300160,4,0.687,,,,3
1996-12,Nova Scotia,2016A000212,Units,300,thousands,3,v52300161,5,5.034,,,,3
1996-12,New Brunswick,2016A000213,Units,300,thousands,3,v52300162,6,2.732,,,,3
1996-12,Quebec,2016A000224,Units,300,thousands,3,v52300163,7,25.323,,,,3
1996-12,Ontario,2016A000235,Units,300,thousands,3,v52300164,8,51.955,,,,3
1996-12,Prairie provinces,2016A00014,Units,300,thousands,3,v52300165,9,21.9,,,,3
1996-12,Manitoba,2016A000246,Units,300,thousands,3,v52300166,10,2.175,,,,3
1996-12,Saskatchewan,2016A000247,Units,300,thousands,3,v52300167,11,1.33,,,,3
1996-12,Alberta,2016A000248,Units,300,thousands,3,v52300168,12,18.395,,,,3
1996-12,British Columbia,2016A000259,Units,300,thousands,3,v52300169,13,26.362,,,,3
1997-01,Canada,2016A000011124,Units,300,thousands,3,v52300157,1,134.585,,,,3
1997-01,Atlantic provinces,2016A00011,Units,300,thousands,3,v52300158,2,13.173,,,,3
1997-01,Newfoundland and Labrador,2016A000210,Units,300,thousands,3,v52300159,3,2.956,,,,3
1997-01,Prince Edward Island,2016A000211,Units,300,thousands,3,v52300160,4,0.218,,,,3
1997-01,Nova Scotia,2016A000212,Units,300,thousands,3,v52300161,5,7.555,,,,3
1997-01,New Brunswick,2016A000213,Units,300,thousands,3,v52300162,6,2.444,,,,3
1997-01,Quebec,2016A000224,Units,300,thousands,3,v52300163,7,24.9,,,,3
1997-01,Ontario,2016A000235,Units,300,thousands,3,v52300164,8,50.194,,,,3
1997-01,Prairie provinces,2016A00014,Units,300,thousands,3,v52300165,9,24.225,,,,3
1997-01,Manitoba,2016A000246,Units,300,thousands,3,v52300166,10,2.008,,,,3
1997-01,Saskatchewan,2016A000247,Units,300,thousands,3,v52300167,11,2.036,,,,3
1997-01,Alberta,2016A000248,Units,300,thousands,3,v52300168,12,20.181,,,,3
1997-01,British Columbia,2016A000259,Units,300,thousands,3,v52300169,13,22.093,,,,3
1997-02,Canada,2016A000011124,Units,300,thousands,3,v52300157,1,148.65,,,,3
1997-02,Atlantic provinces,2016A00011,Units,300,thousands,3,v52300158,2,9.563,,,,3
1997-02,Newfoundland and Labrador,2016A000210,Units,300,thousands,3,v52300159,3,2.471,,,,3
1997-02,Prince Edward Island,2016A000211,Units,300,thousands,3,v52300160,4,0.19,,,,3
1997-02,Nova Scotia,2016A000212,Units,300,thousands,3,v52300161,5,4.879,,,,3
1997-02,New Brunswick,2016A000213,Units,300,thousands,3,v52300162,6,2.023,,,,3
1997-02,Quebec,2016A000224,Units,300,thousands,3,v52300163,7,24.792,,,,3
1997-02,Ontario,2016A000235,Units,300,thousands,3,v52300164,8,54.56,,,,3
1997-02,Prairie provinces,2016A00014,Units,300,thousands,3,v52300165,9,31.409,,,,3
1997-02,Manitoba,2016A000246,Units,300,thousands,3,v52300166,10,2.792,,,,3
1997-02,Saskatchewan,2016A000247,Units,300,thousands,3,v52300167,11,2.802,,,,3
1997-02,Alberta,2016A000248,Units,300,thousands,3,v52300168,12,25.815,,,,3
1997-02,British Columbia,2016A000259,Units,300,thousands,3,v52300169,13,28.326,,,,3
1997-03,Canada,2016A000011124,Units,300,thousands,3,v52300157,1,142.875,,,,3
1997-03,Atlantic provinces,2016A00011,Units,300,thousands,3,v52300158,2,11.388,,,,3
1997-03,Newfoundland and Labrador,2016A000210,Units,300,thousands,3,v52300159,3,1.206,,,,3
1997-03,Prince Edward Island,2016A000211,Units,300,thousands,3,v52300160,4,0.262,,,,3
1997-03,Nova Scotia,2016A000212,Units,300,thousands,3,v52300161,5,8.184,,,,3
1997-03,New Brunswick,2016A000213,Units,300,thousands,3,v52300162,6,1.736,,,,3
1997-03,Quebec,2016A000224,Units,300,thousands,3,v52300163,7,25.622,,,,3
1997-03,Ontario,2016A000235,Units,300,thousands,3,v52300164,8,53.508,,,,3
1997-03,Prairie provinces,2016A00014,Units,300,thousands,3,v52300165,9,28.4,,,,3
1997-03,Manitoba,2016A000246,Units,300,thousands,3,v52300166,10,2.109,,,,3
1997-03,Saskatchewan,2016A000247,Units,300,thousands,3,v52300167,11,1.964,,,,3
1997-03,Alberta,2016A000248,Units,300,thousands,3,v52300168,12,24.327,,,,3
1997-03,British Columbia,2016A000259,Units,300,thousands,3,v52300169,13,23.957,,,,3
1997-04,Canada,2016A000011124,Units,300,thousands,3,v52300157,1,143.226,,,,3
1997-04,Atlantic provinces,2016A00011,Units,300,thousands,3,v52300158,2,8.653,,,,3
1997-04,Newfoundland and Labrador,2016A000210,Units,300,thousands,3,v52300159,3,0.843,,,,3
1997-04,Prince Edward Island,2016A000211,Units,300,thousands,3,v52300160,4,0.346,,,,3
1997-04,Nova Scotia,2016A000212,Units,300,thousands,3,v52300161,5,3.89,,,,3
1997-04,New Brunswick,2016A000213,Units,300,thousands,3,v52300162,6,3.574,,,,3
1997-04,Quebec,2016A000224,Units,300,thousands,3,v52300163,7,24.267,,,,3
1997-04,Ontario,2016A000235,Units,300,thousands,3,v52300164,8,56.353,,,,3
1997-04,Prairie provinces,2016A00014,Units,300,thousands,3,v52300165,9,29.086,,,,3
1997-04,Manitoba,2016A000246,Units,300,thousands,3,v52300166,10,3.19,,,,3
1997-04,Saskatchewan,2016A000247,Units,300,thousands,3,v52300167,11,2.642,,,,3
1997-04,Alberta,2016A000248,Units,300,thousands,3,v52300168,12,23.254,,,,3
1997-04,British Columbia,2016A000259,Units,300,thousands,3,v52300169,13,24.867,,,,3
1997-05,Canada,2016A000011124,Units,300,thousands,3,v52300157,1,150.19,,,,3
1997-05,Atlantic provinces,2016A00011,Units,300,thousands,3,v52300158,2,7.054,,,,3
1997-05,Newfoundland and Labrador,2016A000210,Units,300,thousands,3,v52300159,3,1.457,,,,3
1997-05,Prince Edward Island,2016A000211,Units,300,thousands,3,v52300160,4,0.698,,,,3
1997-05,Nova Scotia,2016A000212,Units,300,thousands,3,v52300161,5,2.578,,,,3
1997-05,New Brunswick,2016A000213,Units,300,thousands,3,v52300162,6,2.321,,,,3
1997-05,Quebec,2016A000224,Units,300,thousands,3,v52300163,7,25.931,,,,3
1997-05,Ontario,2016A000235,Units,300,thousands,3,v52300164,8,52.661,,,,3
1997-05,Prairie provinces,2016A00014,Units,300,thousands,3,v52300165,9,29.216,,,,3
1997-05,Manitoba,2016A000246,Units,300,thousands,3,v52300166,10,2.877,,,,3
1997-05,Saskatchewan,2016A000247,Units,300,thousands,3,v52300167,11,2.788,,,,3
1997-05,Alberta,2016A000248,Units,300,thousands,3,v52300168,12,23.551,,,,3
1997-05,British Columbia,2016A000259,Units,300,thousands,3,v52300169,13,35.328,,,,3
1997-06,Canada,2016A000011124,Units,300,thousands,3,v52300157,1,144.494,,,,3
1997-06,Atlantic provinces,2016A00011,Units,300,thousands,3,v52300158,2,8.117,,,,3
1997-06,Newfoundland and Labrador,2016A000210,Units,300,thousands,3,v52300159,3,1.532,,,,3
1997-06,Prince Edward Island,2016A000211,Units,300,thousands,3,v52300160,4,0.679,,,,3
1997-06,Nova Scotia,2016A000212,Units,300,thousands,3,v52300161,5,3.044,,,,3
1997-06,New Brunswick,2016A000213,Units,300,thousands,3,v52300162,6,2.862,,,,3
1997-06,Quebec,2016A000224,Units,300,thousands,3,v52300163,7,26.72,,,,3
1997-06,Ontario,2016A000235,Units,300,thousands,3,v52300164,8,47.959,,,,3
1997-06,Prairie provinces,2016A00014,Units,300,thousands,3,v52300165,9,28.058,,,,3
1997-06,Manitoba,2016A000246,Units,300,thousands,3,v52300166,10,2.925,,,,3
1997-06,Saskatchewan,2016A000247,Units,300,thousands,3,v52300167,11,2.277,,,,3
1997-06,Alberta,2016A000248,Units,300,thousands,3,v52300168,12,22.856,,,,3
1997-06,British Columbia,2016A000259,Units,300,thousands,3,v52300169,13,33.64,,,,3
1997-07,Canada,2016A000011124,Units,300,thousands,3,v52300157,1,154.708,,,,3
1997-07,Atlantic provinces,2016A00011,Units,300,thousands,3,v52300158,2,9.408,,,,3
1997-07,Newfoundland and Labrador,2016A000210,Units,300,thousands,3,v52300159,3,1.574,,,,3
1997-07,Prince Edward Island,2016A000211,Units,300,thousands,3,v52300160,4,0.712,,,,3
1997-07,Nova Scotia,2016A000212,Units,300,thousands,3,v52300161,5,4.177,,,,3
1997-07,New Brunswick,2016A000213,Units,300,thousands,3,v52300162,6,2.945,,,,3
1997-07,Quebec,2016A000224,Units,300,thousands,3,v52300163,7,30.468,,,,3
1997-07,Ontario,2016A000235,Units,300,thousands,3,v52300164,8,52.958,,,,3
1997-07,Prairie provinces,2016A00014,Units,300,thousands,3,v52300165,9,29.291,,,,3
1997-07,Manitoba,2016A000246,Units,300,thousands,3,v52300166,10,2.86,,,,3
1997-07,Saskatchewan,2016A000247,Units,300,thousands,3,v52300167,11,3.218,,,,3
1997-07,Alberta,2016A000248,Units,300,thousands,3,v52300168,12,23.213,,,,3
1997-07,British Columbia,2016A000259,Units,300,thousands,3,v52300169,13,32.583,,,,3
1997-08,Canada,2016A000011124,Units,300,thousands,3,v52300157,1,154.431,,,,3
1997-08,Atlantic provinces,2016A00011,Units,300,thousands,3,v52300158,2,8.917,,,,3
1997-08,Newfoundland and Labrador,2016A000210,Units,300,thousands,3,v52300159,3,1.585,,,,3
1997-08,Prince Edward Island,2016A000211,Units,300,thousands,3,v52300160,4,0.335,,,,3
1997-08,Nova Scotia,2016A000212,Units,300,thousands,3,v52300161,5,4.162,,,,3
1997-08,New Brunswick,2016A000213,Units,300,thousands,3,v52300162,6,2.835,,,,3
1997-08,Quebec,2016A000224,Units,300,thousands,3,v52300163,7,27.534,,,,3
1997-08,Ontario,2016A000235,Units,300,thousands,3,v52300164,8,58.752,,,,3
1997-08,Prairie provinces,2016A00014,Units,300,thousands,3,v52300165,9,27.782,,,,3
1997-08,Manitoba,2016A000246,Units,300,thousands,3,v52300166,10,2.14,,,,3
1997-08,Saskatchewan,2016A000247,Units,300,thousands,3,v52300167,11,2.97,,,,3
1997-08,Alberta,2016A000248,Units,300,thousands,3,v52300168,12,22.672,,,,3
1997-08,British Columbia,2016A000259,Units,300,thousands,3,v52300169,13,31.446,,,,3
1997-09,Canada,2016A000011124,Units,300,thousands,3,v52300157,1,152.78,,,,3
1997-09,Atlantic provinces,2016A00011,Units,300,thousands,3,v52300158,2,8.51,,,,3
1997-09,Newfoundland and Labrador,2016A000210,Units,300,thousands,3,v52300159,3,1.921,,,,3
1997-09,Prince Edward Island,2016A000211,Units,300,thousands,3,v52300160,4,0.45,,,,3
1997-09,Nova Scotia,2016A000212,Units,300,thousands,3,v52300161,5,2.749,,,,3
1997-09,New Brunswick,2016A000213,Units,300,thousands,3,v52300162,6,3.39,,,,3
1997-09,Quebec,2016A000224,Units,300,thousands,3,v52300163,7,28.255,,,,3
1997-09,Ontario,2016A000235,Units,300,thousands,3,v52300164,8,55.879,,,,3
1997-09,Prairie provinces,2016A00014,Units,300,thousands,3,v52300165,9,28.238,,,,3
1997-09,Manitoba,2016A000246,Units,300,thousands,3,v52300166,10,2.703,,,,3
1997-09,Saskatchewan,2016A000247,Units,300,thousands,3,v52300167,11,3.291,,,,3
1997-09,Alberta,2016A000248,Units,300,thousands,3,v52300168,12,22.244,,,,3
1997-09,British Columbia,2016A000259,Units,300,thousands,3,v52300169,13,31.898,,,,3
1997-10,Canada,2016A000011124,Units,300,thousands,3,v52300157,1,146.505,,,,3
1997-10,Atlantic provinces,2016A00011,Units,300,thousands,3,v52300158,2,7.511,,,,3
1997-10,Newfoundland and Labrador,2016A000210,Units,300,thousands,3,v52300159,3,1.881,,,,3
1997-10,Prince Edward Island,2016A000211,Units,300,thousands,3,v52300160,4,0.353,,,,3
1997-10,Nova Scotia,2016A000212,Units,300,thousands,3,v52300161,5,2.683,,,,3
1997-10,New Brunswick,2016A000213,Units,300,thousands,3,v52300162,6,2.594,,,,3
1997-10,Quebec,2016A000224,Units,300,thousands,3,v52300163,7,21.623,,,,3
1997-10,Ontario,2016A000235,Units,300,thousands,3,v52300164,8,55.959,,,,3
1997-10,Prairie provinces,2016A00014,Units,300,thousands,3,v52300165,9,31.388,,,,3
1997-10,Manitoba,2016A000246,Units,300,thousands,3,v52300166,10,2.992,,,,3
1997-10,Saskatchewan,2016A000247,Units,300,thousands,3,v52300167,11,2.893,,,,3
1997-10,Alberta,2016A000248,Units,300,thousands,3,v52300168,12,25.503,,,,3
1997-10,British Columbia,2016A000259,Units,300,thousands,3,v52300169,13,30.024,,,,3
1997-11,Canada,2016A000011124,Units,300,thousands,3,v52300157,1,148.15,,,,3
1997-11,Atlantic provinces,2016A00011,Units,300,thousands,3,v52300158,2,8.873,,,,3
1997-11,Newfoundland and Labrador,2016A000210,Units,300,thousands,3,v52300159,3,2.186,,,,3
1997-11,Prince Edward Island,2016A000211,Units,300,thousands,3,v52300160,4,0.437,,,,3
1997-11,Nova Scotia,2016A000212,Units,300,thousands,3,v52300161,5,3.243,,,,3
1997-11,New Brunswick,2016A000213,Units,300,thousands,3,v52300162,6,3.007,,,,3
1997-11,Quebec,2016A000224,Units,300,thousands,3,v52300163,7,23.716,,,,3
1997-11,Ontario,2016A000235,Units,300,thousands,3,v52300164,8,53.081,,,,3
1997-11,Prairie provinces,2016A00014,Units,300,thousands,3,v52300165,9,32.853,,,,3
1997-11,Manitoba,2016A000246,Units,300,thousands,3,v52300166,10,2.419,,,,3
1997-11,Saskatchewan,2016A000247,Units,300,thousands,3,v52300167,11,3.309,,,,3
1997-11,Alberta,2016A000248,Units,300,thousands,3,v52300168,12,27.125,,,,3
1997-11,British Columbia,2016A000259,Units,300,thousands,3,v52300169,13,29.627,,,,3
1997-12,Canada,2016A000011124,Units,300,thousands,3,v52300157,1,148.479,,,,3
1997-12,Atlantic provinces,2016A00011,Units,300,thousands,3,v52300158,2,8.718,,,,3
1997-12,Newfoundland and Labrador,2016A000210,Units,300,thousands,3,v52300159,3,2.004,,,,3
1997-12,Prince Edward Island,2016A000211,Units,300,thousands,3,v52300160,4,0.472,,,,3
1997-12,Nova Scotia,2016A000212,Units,300,thousands,3,v52300161,5,4.256,,,,3
1997-12,New Brunswick,2016A000213,Units,300,thousands,3,v52300162,6,1.986,,,,3
1997-12,Quebec,2016A000224,Units,300,thousands,3,v52300163,7,25.412,,,,3
1997-12,Ontario,2016A000235,Units,300,thousands,3,v52300164,8,56.21,,,,3
1997-12,Prairie provinces,2016A00014,Units,300,thousands,3,v52300165,9,30.172,,,,3
1997-12,Manitoba,2016A000246,Units,300,thousands,3,v52300166,10,2.124,,,,3
1997-12,Saskatchewan,2016A000247,Units,300,thousands,3,v52300167,11,3.182,,,,3
1997-12,Alberta,2016A000248,Units,300,thousands,3,v52300168,12,24.866,,,,3
1997-12,British Columbia,2016A000259,Units,300,thousands,3,v52300169,13,27.967,,,,3
1998-01,Canada,2016A000011124,Units,300,thousands,3,v52300157,1,131.269,,,,3
1998-01,Atlantic provinces,2016A00011,Units,300,thousands,3,v52300158,2,4.591,,,,3
1998-01,Newfoundland and Labrador,2016A000210,Units,300,thousands,3,v52300159,3,1.579,,,,3
1998-01,Prince Edward Island,2016A000211,Units,300,thousands,3,v52300160,4,0.233,,,,3
1998-01,Nova Scotia,2016A000212,Units,300,thousands,3,v52300161,5,1.823,,,,3
1998-01,New Brunswick,2016A000213,Units,300,thousands,3,v52300162,6,0.956,,,,3
1998-01,Quebec,2016A000224,Units,300,thousands,3,v52300163,7,20.303,,,,3
1998-01,Ontario,2016A000235,Units,300,thousands,3,v52300164,8,55.244,,,,3
1998-01,Prairie provinces,2016A00014,Units,300,thousands,3,v52300165,9,29.665,,,,3
1998-01,Manitoba,2016A000246,Units,300,thousands,3,v52300166,10,1.93,,,,3
1998-01,Saskatchewan,2016A000247,Units,300,thousands,3,v52300167,11,1.999,,,,3
1998-01,Alberta,2016A000248,Units,300,thousands,3,v52300168,12,25.736,,,,3
1998-01,British Columbia,2016A000259,Units,300,thousands,3,v52300169,13,21.466,,,,3
1998-02,Canada,2016A000011124,Units,300,thousands,3,v52300157,1,142.279,,,,3
1998-02,Atlantic provinces,2016A00011,Units,300,thousands,3,v52300158,2,4.365,,,,3
1998-02,Newfoundland and Labrador,2016A000210,Units,300,thousands,3,v52300159,3,0.562,,,,3
1998-02,Prince Edward Island,2016A000211,Units,300,thousands,3,v52300160,4,0.335,,,,3
1998-02,Nova Scotia,2016A000212,Units,300,thousands,3,v52300161,5,2.172,,,,3
1998-02,New Brunswick,2016A000213,Units,300,thousands,3,v52300162,6,1.296,,,,3
1998-02,Quebec,2016A000224,Units,300,thousands,3,v52300163,7,20.7,,,,3
1998-02,Ontario,2016A000235,Units,300,thousands,3,v52300164,8,55.757,,,,3
1998-02,Prairie provinces,2016A00014,Units,300,thousands,3,v52300165,9,35.754,,,,3
1998-02,Manitoba,2016A000246,Units,300,thousands,3,v52300166,10,2.425,,,,3
1998-02,Saskatchewan,2016A000247,Units,300,thousands,3,v52300167,11,3.597,,,,3
1998-02,Alberta,2016A000248,Units,300,thousands,3,v52300168,12,29.732,,,,3
1998-02,British Columbia,2016A000259,Units,300,thousands,3,v52300169,13,25.703,,,,3
1998-03,Canada,2016A000011124,Units,300,thousands,3,v52300157,1,144.513,,,,3
1998-03,Atlantic provinces,2016A00011,Units,300,thousands,3,v52300158,2,5.608,,,,3
1998-03,Newfoundland and Labrador,2016A000210,Units,300,thousands,3,v52300159,3,1.545,,,,3
1998-03,Prince Edward Island,2016A000211,Units,300,thousands,3,v52300160,4,0.613,,,,3
1998-03,Nova Scotia,2016A000212,Units,300,thousands,3,v52300161,5,1.803,,,,3
1998-03,New Brunswick,2016A000213,Units,300,thousands,3,v52300162,6,1.647,,,,3
1998-03,Quebec,2016A000224,Units,300,thousands,3,v52300163,7,23.313,,,,3
1998-03,Ontario,2016A000235,Units,300,thousands,3,v52300164,8,64.198,,,,3
1998-03,Prairie provinces,2016A00014,Units,300,thousands,3,v52300165,9,29.938,,,,3
1998-03,Manitoba,2016A000246,Units,300,thousands,3,v52300166,10,2.143,,,,3
1998-03,Saskatchewan,2016A000247,Units,300,thousands,3,v52300167,11,3.25,,,,3
1998-03,Alberta,2016A000248,Units,300,thousands,3,v52300168,12,24.545,,,,3
1998-03,British Columbia,2016A000259,Units,300,thousands,3,v52300169,13,21.456,,,,3
1998-04,Canada,2016A000011124,Units,300,thousands,3,v52300157,1,145.177,,,,3
1998-04,Atlantic provinces,2016A00011,Units,300,thousands,3,v52300158,2,5.517,,,,3
1998-04,Newfoundland and Labrador,2016A000210,Units,300,thousands,3,v52300159,3,1.109,,,,3
1998-04,Prince Edward Island,2016A000211,Units,300,thousands,3,v52300160,4,0.382,,,,3
1998-04,Nova Scotia,2016A000212,Units,300,thousands,3,v52300161,5,2.055,,,,3
1998-04,New Brunswick,2016A000213,Units,300,thousands,3,v52300162,6,1.971,,,,3
1998-04,Quebec,2016A000224,Units,300,thousands,3,v52300163,7,26.225,,,,3
1998-04,Ontario,2016A000235,Units,300,thousands,3,v52300164,8,58.711,,,,3
1998-04,Prairie provinces,2016A00014,Units,300,thousands,3,v52300165,9,34.576,,,,3
1998-04,Manitoba,2016A000246,Units,300,thousands,3,v52300166,10,4.128,,,,3
1998-04,Saskatchewan,2016A000247,Units,300,thousands,3,v52300167,11,4.228,,,,3
1998-04,Alberta,2016A000248,Units,300,thousands,3,v52300168,12,26.22,,,,3
1998-04,British Columbia,2016A000259,Units,300,thousands,3,v52300169,13,20.148,,,,3
1998-05,Canada,2016A000011124,Units,300,thousands,3,v52300157,1,140.358,,,,3
1998-05,Atlantic provinces,2016A00011,Units,300,thousands,3,v52300158,2,6.49,,,,3
1998-05,Newfoundland and Labrador,2016A000210,Units,300,thousands,3,v52300159,3,1.603,,,,3
1998-05,Prince Edward Island,2016A000211,Units,300,thousands,3,v52300160,4,0.432,,,,3
1998-05,Nova Scotia,2016A000212,Units,300,thousands,3,v52300161,5,1.663,,,,3
1998-05,New Brunswick,2016A000213,Units,300,thousands,3,v52300162,6,2.792,,,,3
1998-05,Quebec,2016A000224,Units,300,thousands,3,v52300163,7,24.255,,,,3
1998-05,Ontario,2016A000235,Units,300,thousands,3,v52300164,8,52.366,,,,3
1998-05,Prairie provinces,2016A00014,Units,300,thousands,3,v52300165,9,37.207,,,,3
1998-05,Manitoba,2016A000246,Units,300,thousands,3,v52300166,10,3.889,,,,3
1998-05,Saskatchewan,2016A000247,Units,300,thousands,3,v52300167,11,2.763,,,,3
1998-05,Alberta,2016A000248,Units,300,thousands,3,v52300168,12,30.555,,,,3
1998-05,British Columbia,2016A000259,Units,300,thousands,3,v52300169,13,20.04,,,,3
1998-06,Canada,2016A000011124,Units,300,thousands,3,v52300157,1,131.202,,,,3
1998-06,Atlantic provinces,2016A00011,Units,300,thousands,3,v52300158,2,7.485,,,,3
1998-06,Newfoundland and Labrador,2016A000210,Units,300,thousands,3,v52300159,3,1.234,,,,3
1998-06,Prince Edward Island,2016A000211,Units,300,thousands,3,v52300160,4,0.723,,,,3
1998-06,Nova Scotia,2016A000212,Units,300,thousands,3,v52300161,5,2.824,,,,3
1998-06,New Brunswick,2016A000213,Units,300,thousands,3,v52300162,6,2.704,,,,3
1998-06,Quebec,2016A000224,Units,300,thousands,3,v52300163,7,24.827,,,,3
1998-06,Ontario,2016A000235,Units,300,thousands,3,v52300164,8,47.681,,,,3
1998-06,Prairie provinces,2016A00014,Units,300,thousands,3,v52300165,9,29.915,,,,3
1998-06,Manitoba,2016A000246,Units,300,thousands,3,v52300166,10,2.914,,,,3
1998-06,Saskatchewan,2016A000247,Units,300,thousands,3,v52300167,11,2.765,,,,3
1998-06,Alberta,2016A000248,Units,300,thousands,3,v52300168,12,24.236,,,,3
1998-06,British Columbia,2016A000259,Units,300,thousands,3,v52300169,13,21.294,,,,3
1998-07,Canada,2016A000011124,Units,300,thousands,3,v52300157,1,124.631,,,,3
1998-07,Atlantic provinces,2016A00011,Units,300,thousands,3,v52300158,2,8.261,,,,3
1998-07,Newfoundland and Labrador,2016A000210,Units,300,thousands,3,v52300159,3,1.111,,,,3
1998-07,Prince Edward Island,2016A000211,Units,300,thousands,3,v52300160,4,0.567,,,,3
1998-07,Nova Scotia,2016A000212,Units,300,thousands,3,v52300161,5,3.284,,,,3
1998-07,New Brunswick,2016A000213,Units,300,thousands,3,v52300162,6,3.299,,,,3
1998-07,Quebec,2016A000224,Units,300,thousands,3,v52300163,7,19.589,,,,3
1998-07,Ontario,2016A000235,Units,300,thousands,3,v52300164,8,39.904,,,,3
1998-07,Prairie provinces,2016A00014,Units,300,thousands,3,v52300165,9,34.299,,,,3
1998-07,Manitoba,2016A000246,Units,300,thousands,3,v52300166,10,3.134,,,,3
1998-07,Saskatchewan,2016A000247,Units,300,thousands,3,v52300167,11,3.27,,,,3
1998-07,Alberta,2016A000248,Units,300,thousands,3,v52300168,12,27.895,,,,3
1998-07,British Columbia,2016A000259,Units,300,thousands,3,v52300169,13,22.578,,,,3
1998-08,Canada,2016A000011124,Units,300,thousands,3,v52300157,1,142.024,,,,3
1998-08,Atlantic provinces,2016A00011,Units,300,thousands,3,v52300158,2,11.26,,,,3
1998-08,Newfoundland and Labrador,2016A000210,Units,300,thousands,3,v52300159,3,1.827,,,,3
1998-08,Prince Edward Island,2016A000211,Units,300,thousands,3,v52300160,4,0.716,,,,3
1998-08,Nova Scotia,2016A000212,Units,300,thousands,3,v52300161,5,5.718,,,,3
1998-08,New Brunswick,2016A000213,Units,300,thousands,3,v52300162,6,2.999,,,,3
1998-08,Quebec,2016A000224,Units,300,thousands,3,v52300163,7,24.286,,,,3
1998-08,Ontario,2016A000235,Units,300,thousands,3,v52300164,8,53.536,,,,3
1998-08,Prairie provinces,2016A00014,Units,300,thousands,3,v52300165,9,30.644,,,,3
1998-08,Manitoba,2016A000246,Units,300,thousands,3,v52300166,10,2.708,,,,3
1998-08,Saskatchewan,2016A000247,Units,300,thousands,3,v52300167,11,2.641,,,,3
1998-08,Alberta,2016A000248,Units,300,thousands,3,v52300168,12,25.295,,,,3
1998-08,British Columbia,2016A000259,Units,300,thousands,3,v52300169,13,22.298,,,,3
1998-09,Canada,2016A000011124,Units,300,thousands,3,v52300157,1,139.365,,,,3
1998-09,Atlantic provinces,2016A00011,Units,300,thousands,3,v52300158,2,9.208,,,,3
1998-09,Newfoundland and Labrador,2016A000210,Units,300,thousands,3,v52300159,3,1.911,,,,3
1998-09,Prince Edward Island,2016A000211,Units,300,thousands,3,v52300160,4,0.375,,,,3
1998-09,Nova Scotia,2016A000212,Units,300,thousands,3,v52300161,5,5.137,,,,3
1998-09,New Brunswick,2016A000213,Units,300,thousands,3,v52300162,6,1.785,,,,3
1998-09,Quebec,2016A000224,Units,300,thousands,3,v52300163,7,21.88,,,,3
1998-09,Ontario,2016A000235,Units,300,thousands,3,v52300164,8,54.88,,,,3
1998-09,Prairie provinces,2016A00014,Units,300,thousands,3,v52300165,9,32.495,,,,3
1998-09,Manitoba,2016A000246,Units,300,thousands,3,v52300166,10,3.534,,,,3
1998-09,Saskatchewan,2016A000247,Units,300,thousands,3,v52300167,11,3.306,,,,3
1998-09,Alberta,2016A000248,Units,300,thousands,3,v52300168,12,25.655,,,,3
1998-09,British Columbia,2016A000259,Units,300,thousands,3,v52300169,13,20.902,,,,3
1998-10,Canada,2016A000011124,Units,300,thousands,3,v52300157,1,138.022,,,,3
1998-10,Atlantic provinces,2016A00011,Units,300,thousands,3,v52300158,2,9.8,,,,3
1998-10,Newfoundland and Labrador,2016A000210,Units,300,thousands,3,v52300159,3,1.606,,,,3
1998-10,Prince Edward Island,2016A000211,Units,300,thousands,3,v52300160,4,0.507,,,,3
1998-10,Nova Scotia,2016A000212,Units,300,thousands,3,v52300161,5,4.854,,,,3
1998-10,New Brunswick,2016A000213,Units,300,thousands,3,v52300162,6,2.833,,,,3
1998-10,Quebec,2016A000224,Units,300,thousands,3,v52300163,7,20.767,,,,3
1998-10,Ontario,2016A000235,Units,300,thousands,3,v52300164,8,58.397,,,,3
1998-10,Prairie provinces,2016A00014,Units,300,thousands,3,v52300165,9,32.823,,,,3
1998-10,Manitoba,2016A000246,Units,300,thousands,3,v52300166,10,2.22,,,,3
1998-10,Saskatchewan,2016A000247,Units,300,thousands,3,v52300167,11,2.346,,,,3
1998-10,Alberta,2016A000248,Units,300,thousands,3,v52300168,12,28.257,,,,3
1998-10,British Columbia,2016A000259,Units,300,thousands,3,v52300169,13,16.235,,,,3
1998-11,Canada,2016A000011124,Units,300,thousands,3,v52300157,1,131.287,,,,3
1998-11,Atlantic provinces,2016A00011,Units,300,thousands,3,v52300158,2,7.068,,,,3
1998-11,Newfoundland and Labrador,2016A000210,Units,300,thousands,3,v52300159,3,1.15,,,,3
1998-11,Prince Edward Island,2016A000211,Units,300,thousands,3,v52300160,4,0.782,,,,3
1998-11,Nova Scotia,2016A000212,Units,300,thousands,3,v52300161,5,2.569,,,,3
1998-11,New Brunswick,2016A000213,Units,300,thousands,3,v52300162,6,2.567,,,,3
1998-11,Quebec,2016A000224,Units,300,thousands,3,v52300163,7,22.792,,,,3
1998-11,Ontario,2016A000235,Units,300,thousands,3,v52300164,8,55.123,,,,3
1998-11,Prairie provinces,2016A00014,Units,300,thousands,3,v52300165,9,31.625,,,,3
1998-11,Manitoba,2016A000246,Units,300,thousands,3,v52300166,10,2.379,,,,3
1998-11,Saskatchewan,2016A000247,Units,300,thousands,3,v52300167,11,3.279,,,,3
1998-11,Alberta,2016A000248,Units,300,thousands,3,v52300168,12,25.967,,,,3
1998-11,British Columbia,2016A000259,Units,300,thousands,3,v52300169,13,14.679,,,,3
1998-12,Canada,2016A000011124,Units,300,thousands,3,v52300157,1,141.957,,,,3
1998-12,Atlantic provinces,2016A00011,Units,300,thousands,3,v52300158,2,7.16,,,,3
1998-12,Newfoundland and Labrador,2016A000210,Units,300,thousands,3,v52300159,3,1.488,,,,3
1998-12,Prince Edward Island,2016A000211,Units,300,thousands,3,v52300160,4,0.523,,,,3
1998-12,Nova Scotia,2016A000212,Units,300,thousands,3,v52300161,5,2.42,,,,3
1998-12,New Brunswick,2016A000213,Units,300,thousands,3,v52300162,6,2.729,,,,3
1998-12,Quebec,2016A000224,Units,300,thousands,3,v52300163,7,23.334,,,,3
1998-12,Ontario,2016A000235,Units,300,thousands,3,v52300164,8,59.599,,,,3
1998-12,Prairie provinces,2016A00014,Units,300,thousands,3,v52300165,9,35.371,,,,3
1998-12,Manitoba,2016A000246,Units,300,thousands,3,v52300166,10,2.097,,,,3
1998-12,Saskatchewan,2016A000247,Units,300,thousands,3,v52300167,11,2.483,,,,3
1998-12,Alberta,2016A000248,Units,300,thousands,3,v52300168,12,30.791,,,,3
1998-12,British Columbia,2016A000259,Units,300,thousands,3,v52300169,13,16.493,,,,3
1999-01,Canada,2016A000011124,Units,300,thousands,3,v52300157,1,131.249,,,,3
1999-01,Atlantic provinces,2016A00011,Units,300,thousands,3,v52300158,2,7.968,,,,3
1999-01,Newfoundland and Labrador,2016A000210,Units,300,thousands,3,v52300159,3,1.244,,,,3
1999-01,Prince Edward Island,2016A000211,Units,300,thousands,3,v52300160,4,1.161,,,,3
1999-01,Nova Scotia,2016A000212,Units,300,thousands,3,v52300161,5,4.242,,,,3
1999-01,New Brunswick,2016A000213,Units,300,thousands,3,v52300162,6,1.321,,,,3
1999-01,Quebec,2016A000224,Units,300,thousands,3,v52300163,7,25.691,,,,3
1999-01,Ontario,2016A000235,Units,300,thousands,3,v52300164,8,56.093,,,,3
1999-01,Prairie provinces,2016A00014,Units,300,thousands,3,v52300165,9,28.624,,,,3
1999-01,Manitoba,2016A000246,Units,300,thousands,3,v52300166,10,3.782,,,,3
1999-01,Saskatchewan,2016A000247,Units,300,thousands,3,v52300167,11,2.121,,,,3
1999-01,Alberta,2016A000248,Units,300,thousands,3,v52300168,12,22.721,,,,3
1999-01,British Columbia,2016A000259,Units,300,thousands,3,v52300169,13,12.873,,,,3
1999-02,Canada,2016A000011124,Units,300,thousands,3,v52300157,1,139.48,,,,3
1999-02,Atlantic provinces,2016A00011,Units,300,thousands,3,v52300158,2,7.636,,,,3
1999-02,Newfoundland and Labrador,2016A000210,Units,300,thousands,3,v52300159,3,0.777,,,,3
1999-02,Prince Edward Island,2016A000211,Units,300,thousands,3,v52300160,4,0.497,,,,3
1999-02,Nova Scotia,2016A000212,Units,300,thousands,3,v52300161,5,4.193,,,,3
1999-02,New Brunswick,2016A000213,Units,300,thousands,3,v52300162,6,2.169,,,,3
1999-02,Quebec,2016A000224,Units,300,thousands,3,v52300163,7,21.475,,,,3
1999-02,Ontario,2016A000235,Units,300,thousands,3,v52300164,8,65.962,,,,3
1999-02,Prairie provinces,2016A00014,Units,300,thousands,3,v52300165,9,30.493,,,,3
1999-02,Manitoba,2016A000246,Units,300,thousands,3,v52300166,10,2.363,,,,3
1999-02,Saskatchewan,2016A000247,Units,300,thousands,3,v52300167,11,2.453,,,,3
1999-02,Alberta,2016A000248,Units,300,thousands,3,v52300168,12,25.677,,,,3
1999-02,British Columbia,2016A000259,Units,300,thousands,3,v52300169,13,13.914,,,,3
1999-03,Canada,2016A000011124,Units,300,thousands,3,v52300157,1,141.858,,,,3
1999-03,Atlantic provinces,2016A00011,Units,300,thousands,3,v52300158,2,9.945,,,,3
1999-03,Newfoundland and Labrador,2016A000210,Units,300,thousands,3,v52300159,3,3.826,,,,3
1999-03,Prince Edward Island,2016A000211,Units,300,thousands,3,v52300160,4,0.213,,,,3
1999-03,Nova Scotia,2016A000212,Units,300,thousands,3,v52300161,5,3.601,,,,3
1999-03,New Brunswick,2016A000213,Units,300,thousands,3,v52300162,6,2.305,,,,3
1999-03,Quebec,2016A000224,Units,300,thousands,3,v52300163,7,21.439,,,,3
1999-03,Ontario,2016A000235,Units,300,thousands,3,v52300164,8,63.509,,,,3
1999-03,Prairie provinces,2016A00014,Units,300,thousands,3,v52300165,9,27.662,,,,3
1999-03,Manitoba,2016A000246,Units,300,thousands,3,v52300166,10,2.956,,,,3
1999-03,Saskatchewan,2016A000247,Units,300,thousands,3,v52300167,11,4.046,,,,3
1999-03,Alberta,2016A000248,Units,300,thousands,3,v52300168,12,20.66,,,,3
1999-03,British Columbia,2016A000259,Units,300,thousands,3,v52300169,13,19.303,,,,3
1999-04,Canada,2016A000011124,Units,300,thousands,3,v52300157,1,146.056,,,,3
1999-04,Atlantic provinces,2016A00011,Units,300,thousands,3,v52300158,2,9.472,,,,3
1999-04,Newfoundland and Labrador,2016A000210,Units,300,thousands,3,v52300159,3,1.734,,,,3
1999-04,Prince Edward Island,2016A000211,Units,300,thousands,3,v52300160,4,0.544,,,,3
1999-04,Nova Scotia,2016A000212,Units,300,thousands,3,v52300161,5,5.062,,,,3
1999-04,New Brunswick,2016A000213,Units,300,thousands,3,v52300162,6,2.132,,,,3
1999-04,Quebec,2016A000224,Units,300,thousands,3,v52300163,7,25.293,,,,3
1999-04,Ontario,2016A000235,Units,300,thousands,3,v52300164,8,68.882,,,,3
1999-04,Prairie provinces,2016A00014,Units,300,thousands,3,v52300165,9,28.58,,,,3
1999-04,Manitoba,2016A000246,Units,300,thousands,3,v52300166,10,3.482,,,,3
1999-04,Saskatchewan,2016A000247,Units,300,thousands,3,v52300167,11,3.338,,,,3
1999-04,Alberta,2016A000248,Units,300,thousands,3,v52300168,12,21.76,,,,3
1999-04,British Columbia,2016A000259,Units,300,thousands,3,v52300169,13,13.829,,,,3
1999-05,Canada,2016A000011124,Units,300,thousands,3,v52300157,1,151.765,,,,3
1999-05,Atlantic provinces,2016A00011,Units,300,thousands,3,v52300158,2,9.311,,,,3
1999-05,Newfoundland and Labrador,2016A000210,Units,300,thousands,3,v52300159,3,1.105,,,,3
1999-05,Prince Edward Island,2016A000211,Units,300,thousands,3,v52300160,4,0.813,,,,3
1999-05,Nova Scotia,2016A000212,Units,300,thousands,3,v52300161,5,5.423,,,,3
1999-05,New Brunswick,2016A000213,Units,300,thousands,3,v52300162,6,1.97,,,,3
1999-05,Quebec,2016A000224,Units,300,thousands,3,v52300163,7,24.132,,,,3
1999-05,Ontario,2016A000235,Units,300,thousands,3,v52300164,8,75.319,,,,3
1999-05,Prairie provinces,2016A00014,Units,300,thousands,3,v52300165,9,25.85,,,,3
1999-05,Manitoba,2016A000246,Units,300,thousands,3,v52300166,10,3.062,,,,3
1999-05,Saskatchewan,2016A000247,Units,300,thousands,3,v52300167,11,2.805,,,,3
1999-05,Alberta,2016A000248,Units,300,thousands,3,v52300168,12,19.983,,,,3
1999-05,British Columbia,2016A000259,Units,300,thousands,3,v52300169,13,17.153,,,,3
1999-06,Canada,2016A000011124,Units,300,thousands,3,v52300157,1,153.076,,,,3
1999-06,Atlantic provinces,2016A00011,Units,300,thousands,3,v52300158,2,10.581,,,,3
1999-06,Newfoundland and Labrador,2016A000210,Units,300,thousands,3,v52300159,3,1.331,,,,3
1999-06,Prince Edward Island,2016A000211,Units,300,thousands,3,v52300160,4,0.66,,,,3
1999-06,Nova Scotia,2016A000212,Units,300,thousands,3,v52300161,5,4.501,,,,3
1999-06,New Brunswick,2016A000213,Units,300,thousands,3,v52300162,6,4.089,,,,3
1999-06,Quebec,2016A000224,Units,300,thousands,3,v52300163,7,24.622,,,,3
1999-06,Ontario,2016A000235,Units,300,thousands,3,v52300164,8,69.08,,,,3
1999-06,Prairie provinces,2016A00014,Units,300,thousands,3,v52300165,9,33.918,,,,3
1999-06,Manitoba,2016A000246,Units,300,thousands,3,v52300166,10,2.732,,,,3
1999-06,Saskatchewan,2016A000247,Units,300,thousands,3,v52300167,11,2.887,,,,3
1999-06,Alberta,2016A000248,Units,300,thousands,3,v52300168,12,28.299,,,,3
1999-06,British Columbia,2016A000259,Units,300,thousands,3,v52300169,13,14.875,,,,3
1999-07,Canada,2016A000011124,Units,300,thousands,3,v52300157,1,145.527,,,,3
1999-07,Atlantic provinces,2016A00011,Units,300,thousands,3,v52300158,2,9.082,,,,3
1999-07,Newfoundland and Labrador,2016A000210,Units,300,thousands,3,v52300159,3,1.16,,,,3
1999-07,Prince Edward Island,2016A000211,Units,300,thousands,3,v52300160,4,1.052,,,,3
1999-07,Nova Scotia,2016A000212,Units,300,thousands,3,v52300161,5,3.452,,,,3
1999-07,New Brunswick,2016A000213,Units,300,thousands,3,v52300162,6,3.418,,,,3
1999-07,Quebec,2016A000224,Units,300,thousands,3,v52300163,7,24.452,,,,3
1999-07,Ontario,2016A000235,Units,300,thousands,3,v52300164,8,59.989,,,,3
1999-07,Prairie provinces,2016A00014,Units,300,thousands,3,v52300165,9,35.222,,,,3
1999-07,Manitoba,2016A000246,Units,300,thousands,3,v52300166,10,4.481,,,,3
1999-07,Saskatchewan,2016A000247,Units,300,thousands,3,v52300167,11,4.583,,,,3
1999-07,Alberta,2016A000248,Units,300,thousands,3,v52300168,12,26.158,,,,3
1999-07,British Columbia,2016A000259,Units,300,thousands,3,v52300169,13,16.782,,,,3
1999-08,Canada,2016A000011124,Units,300,thousands,3,v52300157,1,152.053,,,,3
1999-08,Atlantic provinces,2016A00011,Units,300,thousands,3,v52300158,2,7.524,,,,3
1999-08,Newfoundland and Labrador,2016A000210,Units,300,thousands,3,v52300159,3,1.56,,,,3
1999-08,Prince Edward Island,2016A000211,Units,300,thousands,3,v52300160,4,0.659,,,,3
1999-08,Nova Scotia,2016A000212,Units,300,thousands,3,v52300161,5,2.539,,,,3
1999-08,New Brunswick,2016A000213,Units,300,thousands,3,v52300162,6,2.766,,,,3
1999-08,Quebec,2016A000224,Units,300,thousands,3,v52300163,7,21.592,,,,3
1999-08,Ontario,2016A000235,Units,300,thousands,3,v52300164,8,67.908,,,,3
1999-08,Prairie provinces,2016A00014,Units,300,thousands,3,v52300165,9,39.076,,,,3
1999-08,Manitoba,2016A000246,Units,300,thousands,3,v52300166,10,3.317,,,,3
1999-08,Saskatchewan,2016A000247,Units,300,thousands,3,v52300167,11,3.434,,,,3
1999-08,Alberta,2016A000248,Units,300,thousands,3,v52300168,12,32.325,,,,3
1999-08,British Columbia,2016A000259,Units,300,thousands,3,v52300169,13,15.953,,,,3
1999-09,Canada,2016A000011124,Units,300,thousands,3,v52300157,1,156.596,,,,3
1999-09,Atlantic provinces,2016A00011,Units,300,thousands,3,v52300158,2,8.446,,,,3
1999-09,Newfoundland and Labrador,2016A000210,Units,300,thousands,3,v52300159,3,1.266,,,,3
1999-09,Prince Edward Island,2016A000211,Units,300,thousands,3,v52300160,4,0.513,,,,3
1999-09,Nova Scotia,2016A000212,Units,300,thousands,3,v52300161,5,3.704,,,,3
1999-09,New Brunswick,2016A000213,Units,300,thousands,3,v52300162,6,2.963,,,,3
1999-09,Quebec,2016A000224,Units,300,thousands,3,v52300163,7,33.396,,,,3
1999-09,Ontario,2016A000235,Units,300,thousands,3,v52300164,8,67.193,,,,3
1999-09,Prairie provinces,2016A00014,Units,300,thousands,3,v52300165,9,29.807,,,,3
1999-09,Manitoba,2016A000246,Units,300,thousands,3,v52300166,10,2.972,,,,3
1999-09,Saskatchewan,2016A000247,Units,300,thousands,3,v52300167,11,4.031,,,,3
1999-09,Alberta,2016A000248,Units,300,thousands,3,v52300168,12,22.804,,,,3
1999-09,British Columbia,2016A000259,Units,300,thousands,3,v52300169,13,17.754,,,,3
1999-10,Canada,2016A000011124,Units,300,thousands,3,v52300157,1,152.984,,,,3
1999-10,Atlantic provinces,2016A00011,Units,300,thousands,3,v52300158,2,10.169,,,,3
1999-10,Newfoundland and Labrador,2016A000210,Units,300,thousands,3,v52300159,3,1.262,,,,3
1999-10,Prince Edward Island,2016A000211,Units,300,thousands,3,v52300160,4,0.495,,,,3
1999-10,Nova Scotia,2016A000212,Units,300,thousands,3,v52300161,5,5.794,,,,3
1999-10,New Brunswick,2016A000213,Units,300,thousands,3,v52300162,6,2.618,,,,3
1999-10,Quebec,2016A000224,Units,300,thousands,3,v52300163,7,27.998,,,,3
1999-10,Ontario,2016A000235,Units,300,thousands,3,v52300164,8,64.507,,,,3
1999-10,Prairie provinces,2016A00014,Units,300,thousands,3,v52300165,9,35.624,,,,3
1999-10,Manitoba,2016A000246,Units,300,thousands,3,v52300166,10,3.78,,,,3
1999-10,Saskatchewan,2016A000247,Units,300,thousands,3,v52300167,11,2.84,,,,3
1999-10,Alberta,2016A000248,Units,300,thousands,3,v52300168,12,29.004,,,,3
1999-10,British Columbia,2016A000259,Units,300,thousands,3,v52300169,13,14.686,,,,3
1999-11,Canada,2016A000011124,Units,300,thousands,3,v52300157,1,165.5,,,,3
1999-11,Atlantic provinces,2016A00011,Units,300,thousands,3,v52300158,2,10.817,,,,3
1999-11,Newfoundland and Labrador,2016A000210,Units,300,thousands,3,v52300159,3,1.644,,,,3
1999-11,Prince Edward Island,2016A000211,Units,300,thousands,3,v52300160,4,0.578,,,,3
1999-11,Nova Scotia,2016A000212,Units,300,thousands,3,v52300161,5,5.116,,,,3
1999-11,New Brunswick,2016A000213,Units,300,thousands,3,v52300162,6,3.479,,,,3
1999-11,Quebec,2016A000224,Units,300,thousands,3,v52300163,7,28.318,,,,3
1999-11,Ontario,2016A000235,Units,300,thousands,3,v52300164,8,75.016,,,,3
1999-11,Prairie provinces,2016A00014,Units,300,thousands,3,v52300165,9,31.412,,,,3
1999-11,Manitoba,2016A000246,Units,300,thousands,3,v52300166,10,2.328,,,,3
1999-11,Saskatchewan,2016A000247,Units,300,thousands,3,v52300167,11,2.093,,,,3
1999-11,Alberta,2016A000248,Units,300,thousands,3,v52300168,12,26.991,,,,3
1999-11,British Columbia,2016A000259,Units,300,thousands,3,v52300169,13,19.937,,,,3
1999-12,Canada,2016A000011124,Units,300,thousands,3,v52300157,1,161.526,,,,3
1999-12,Atlantic provinces,2016A00011,Units,300,thousands,3,v52300158,2,9.266,,,,3
1999-12,Newfoundland and Labrador,2016A000210,Units,300,thousands,3,v52300159,3,1.149,,,,3
1999-12,Prince Edward Island,2016A000211,Units,300,thousands,3,v52300160,4,0.468,,,,3
1999-12,Nova Scotia,2016A000212,Units,300,thousands,3,v52300161,5,4.263,,,,3
1999-12,New Brunswick,2016A000213,Units,300,thousands,3,v52300162,6,3.386,,,,3
1999-12,Quebec,2016A000224,Units,300,thousands,3,v52300163,7,28.683,,,,3
1999-12,Ontario,2016A000235,Units,300,thousands,3,v52300164,8,73.464,,,,3
1999-12,Prairie provinces,2016A00014,Units,300,thousands,3,v52300165,9,31.234,,,,3
1999-12,Manitoba,2016A000246,Units,300,thousands,3,v52300166,10,2.262,,,,3
1999-12,Saskatchewan,2016A000247,Units,300,thousands,3,v52300167,11,2.317,,,,3
1999-12,Alberta,2016A000248,Units,300,thousands,3,v52300168,12,26.655,,,,3
1999-12,British Columbia,2016A000259,Units,300,thousands,3,v52300169,13,18.879,,,,3
2000-01,Canada,2016A000011124,Units,300,thousands,3,v52300157,1,137.194,,,,3
2000-01,Atlantic provinces,2016A00011,Units,300,thousands,3,v52300158,2,11.572,,,,3
2000-01,Newfoundland and Labrador,2016A000210,Units,300,thousands,3,v52300159,3,2.098,,,,3
2000-01,Prince Edward Island,2016A000211,Units,300,thousands,3,v52300160,4,1.403,,,,3
2000-01,Nova Scotia,2016A000212,Units,300,thousands,3,v52300161,5,3.904,,,,3
2000-01,New Brunswick,2016A000213,Units,300,thousands,3,v52300162,6,4.167,,,,3
2000-01,Quebec,2016A000224,Units,300,thousands,3,v52300163,7,21.134,,,,3
2000-01,Ontario,2016A000235,Units,300,thousands,3,v52300164,8,64.999,,,,3
2000-01,Prairie provinces,2016A00014,Units,300,thousands,3,v52300165,9,28.879,,,,3
2000-01,Manitoba,2016A000246,Units,300,thousands,3,v52300166,10,2.241,,,,3
2000-01,Saskatchewan,2016A000247,Units,300,thousands,3,v52300167,11,2.28,,,,3
2000-01,Alberta,2016A000248,Units,300,thousands,3,v52300168,12,24.358,,,,3
2000-01,British Columbia,2016A000259,Units,300,thousands,3,v52300169,13,10.61,,,,3
2000-02,Canada,2016A000011124,Units,300,thousands,3,v52300157,1,149.904,,,,3
2000-02,Atlantic provinces,2016A00011,Units,300,thousands,3,v52300158,2,10.392,,,,3
2000-02,Newfoundland and Labrador,2016A000210,Units,300,thousands,3,v52300159,3,1.935,,,,3
2000-02,Prince Edward Island,2016A000211,Units,300,thousands,3,v52300160,4,1.239,,,,3
2000-02,Nova Scotia,2016A000212,Units,300,thousands,3,v52300161,5,4.537,,,,3
2000-02,New Brunswick,2016A000213,Units,300,thousands,3,v52300162,6,2.681,,,,3
2000-02,Quebec,2016A000224,Units,300,thousands,3,v52300163,7,19.983,,,,3
2000-02,Ontario,2016A000235,Units,300,thousands,3,v52300164,8,76.962,,,,3
2000-02,Prairie provinces,2016A00014,Units,300,thousands,3,v52300165,9,26.441,,,,3
2000-02,Manitoba,2016A000246,Units,300,thousands,3,v52300166,10,1.501,,,,3
2000-02,Saskatchewan,2016A000247,Units,300,thousands,3,v52300167,11,1.938,,,,3
2000-02,Alberta,2016A000248,Units,300,thousands,3,v52300168,12,23.002,,,,3
2000-02,British Columbia,2016A000259,Units,300,thousands,3,v52300169,13,16.126,,,,3
2000-03,Canada,2016A000011124,Units,300,thousands,3,v52300157,1,154.401,,,,3
2000-03,Atlantic provinces,2016A00011,Units,300,thousands,3,v52300158,2,12.41,,,,3
2000-03,Newfoundland and Labrador,2016A000210,Units,300,thousands,3,v52300159,3,3.723,,,,3
2000-03,Prince Edward Island,2016A000211,Units,300,thousands,3,v52300160,4,1.37,,,,3
2000-03,Nova Scotia,2016A000212,Units,300,thousands,3,v52300161,5,4.658,,,,3
2000-03,New Brunswick,2016A000213,Units,300,thousands,3,v52300162,6,2.659,,,,3
2000-03,Quebec,2016A000224,Units,300,thousands,3,v52300163,7,23.147,,,,3
2000-03,Ontario,2016A000235,Units,300,thousands,3,v52300164,8,77.302,,,,3
2000-03,Prairie provinces,2016A00014,Units,300,thousands,3,v52300165,9,29.518,,,,3
2000-03,Manitoba,2016A000246,Units,300,thousands,3,v52300166,10,2.613,,,,3
2000-03,Saskatchewan,2016A000247,Units,300,thousands,3,v52300167,11,2.451,,,,3
2000-03,Alberta,2016A000248,Units,300,thousands,3,v52300168,12,24.454,,,,3
2000-03,British Columbia,2016A000259,Units,300,thousands,3,v52300169,13,12.024,,,,3
2000-04,Canada,2016A000011124,Units,300,thousands,3,v52300157,1,156.762,,,,3
2000-04,Atlantic provinces,2016A00011,Units,300,thousands,3,v52300158,2,9.215,,,,3
2000-04,Newfoundland and Labrador,2016A000210,Units,300,thousands,3,v52300159,3,1.96,,,,3
2000-04,Prince Edward Island,2016A000211,Units,300,thousands,3,v52300160,4,0.468,,,,3
2000-04,Nova Scotia,2016A000212,Units,300,thousands,3,v52300161,5,4.28,,,,3
2000-04,New Brunswick,2016A000213,Units,300,thousands,3,v52300162,6,2.507,,,,3
2000-04,Quebec,2016A000224,Units,300,thousands,3,v52300163,7,24.09,,,,3
2000-04,Ontario,2016A000235,Units,300,thousands,3,v52300164,8,78.067,,,,3
2000-04,Prairie provinces,2016A00014,Units,300,thousands,3,v52300165,9,29.148,,,,3
2000-04,Manitoba,2016A000246,Units,300,thousands,3,v52300166,10,2.799,,,,3
2000-04,Saskatchewan,2016A000247,Units,300,thousands,3,v52300167,11,2.34,,,,3
2000-04,Alberta,2016A000248,Units,300,thousands,3,v52300168,12,24.009,,,,3
2000-04,British Columbia,2016A000259,Units,300,thousands,3,v52300169,13,16.242,,,,3
2000-05,Canada,2016A000011124,Units,300,thousands,3,v52300157,1,144.354,,,,3
2000-05,Atlantic provinces,2016A00011,Units,300,thousands,3,v52300158,2,9.783,,,,3
2000-05,Newfoundland and Labrador,2016A000210,Units,300,thousands,3,v52300159,3,1.265,,,,3
2000-05,Prince Edward Island,2016A000211,Units,300,thousands,3,v52300160,4,0.658,,,,3
2000-05,Nova Scotia,2016A000212,Units,300,thousands,3,v52300161,5,5.552,,,,3
2000-05,New Brunswick,2016A000213,Units,300,thousands,3,v52300162,6,2.308,,,,3
2000-05,Quebec,2016A000224,Units,300,thousands,3,v52300163,7,23.645,,,,3
2000-05,Ontario,2016A000235,Units,300,thousands,3,v52300164,8,59.332,,,,3
2000-05,Prairie provinces,2016A00014,Units,300,thousands,3,v52300165,9,35.72,,,,3
2000-05,Manitoba,2016A000246,Units,300,thousands,3,v52300166,10,2.323,,,,3
2000-05,Saskatchewan,2016A000247,Units,300,thousands,3,v52300167,11,2.919,,,,3
2000-05,Alberta,2016A000248,Units,300,thousands,3,v52300168,12,30.478,,,,3
2000-05,British Columbia,2016A000259,Units,300,thousands,3,v52300169,13,15.874,,,,3
2000-06,Canada,2016A000011124,Units,300,thousands,3,v52300157,1,132.265,,,,3
2000-06,Atlantic provinces,2016A00011,Units,300,thousands,3,v52300158,2,8.503,,,,3
2000-06,Newfoundland and Labrador,2016A000210,Units,300,thousands,3,v52300159,3,1.069,,,,3
2000-06,Prince Edward Island,2016A000211,Units,300,thousands,3,v52300160,4,0.689,,,,3
2000-06,Nova Scotia,2016A000212,Units,300,thousands,3,v52300161,5,4.3,,,,3
2000-06,New Brunswick,2016A000213,Units,300,thousands,3,v52300162,6,2.445,,,,3
2000-06,Quebec,2016A000224,Units,300,thousands,3,v52300163,7,22.159,,,,3
2000-06,Ontario,2016A000235,Units,300,thousands,3,v52300164,8,57.524,,,,3
2000-06,Prairie provinces,2016A00014,Units,300,thousands,3,v52300165,9,30.215,,,,3
2000-06,Manitoba,2016A000246,Units,300,thousands,3,v52300166,10,2.647,,,,3
2000-06,Saskatchewan,2016A000247,Units,300,thousands,3,v52300167,11,3.245,,,,3
2000-06,Alberta,2016A000248,Units,300,thousands,3,v52300168,12,24.323,,,,3
2000-06,British Columbia,2016A000259,Units,300,thousands,3,v52300169,13,13.864,,,,3
2000-07,Canada,2016A000011124,Units,300,thousands,3,v52300157,1,166.648,,,,3
2000-07,Atlantic provinces,2016A00011,Units,300,thousands,3,v52300158,2,12.083,,,,3
2000-07,Newfoundland and Labrador,2016A000210,Units,300,thousands,3,v52300159,3,1.703,,,,3
2000-07,Prince Edward Island,2016A000211,Units,300,thousands,3,v52300160,4,0.646,,,,3
2000-07,Nova Scotia,2016A000212,Units,300,thousands,3,v52300161,5,5.784,,,,3
2000-07,New Brunswick,2016A000213,Units,300,thousands,3,v52300162,6,3.95,,,,3
2000-07,Quebec,2016A000224,Units,300,thousands,3,v52300163,7,25.816,,,,3
2000-07,Ontario,2016A000235,Units,300,thousands,3,v52300164,8,82.859,,,,3
2000-07,Prairie provinces,2016A00014,Units,300,thousands,3,v52300165,9,32.4,,,,3
2000-07,Manitoba,2016A000246,Units,300,thousands,3,v52300166,10,2.687,,,,3
2000-07,Saskatchewan,2016A000247,Units,300,thousands,3,v52300167,11,2.796,,,,3
2000-07,Alberta,2016A000248,Units,300,thousands,3,v52300168,12,26.917,,,,3
2000-07,British Columbia,2016A000259,Units,300,thousands,3,v52300169,13,13.49,,,,3
2000-08,Canada,2016A000011124,Units,300,thousands,3,v52300157,1,149.76,,,,3
2000-08,Atlantic provinces,2016A00011,Units,300,thousands,3,v52300158,2,12.584,,,,3
2000-08,Newfoundland and Labrador,2016A000210,Units,300,thousands,3,v52300159,3,1.522,,,,3
2000-08,Prince Edward Island,2016A000211,Units,300,thousands,3,v52300160,4,0.84,,,,3
2000-08,Nova Scotia,2016A000212,Units,300,thousands,3,v52300161,5,7.017,,,,3
2000-08,New Brunswick,2016A000213,Units,300,thousands,3,v52300162,6,3.205,,,,3
2000-08,Quebec,2016A000224,Units,300,thousands,3,v52300163,7,27.52,,,,3
2000-08,Ontario,2016A000235,Units,300,thousands,3,v52300164,8,64.966,,,,3
2000-08,Prairie provinces,2016A00014,Units,300,thousands,3,v52300165,9,33.894,,,,3
2000-08,Manitoba,2016A000246,Units,300,thousands,3,v52300166,10,3.215,,,,3
2000-08,Saskatchewan,2016A000247,Units,300,thousands,3,v52300167,11,3.181,,,,3
2000-08,Alberta,2016A000248,Units,300,thousands,3,v52300168,12,27.498,,,,3
2000-08,British Columbia,2016A000259,Units,300,thousands,3,v52300169,13,10.796,,,,3
2000-09,Canada,2016A000011124,Units,300,thousands,3,v52300157,1,164.996,,,,3
2000-09,Atlantic provinces,2016A00011,Units,300,thousands,3,v52300158,2,9.738,,,,3
2000-09,Newfoundland and Labrador,2016A000210,Units,300,thousands,3,v52300159,3,1.356,,,,3
2000-09,Prince Edward Island,2016A000211,Units,300,thousands,3,v52300160,4,0.547,,,,3
2000-09,Nova Scotia,2016A000212,Units,300,thousands,3,v52300161,5,2.639,,,,3
2000-09,New Brunswick,2016A000213,Units,300,thousands,3,v52300162,6,5.196,,,,3
2000-09,Quebec,2016A000224,Units,300,thousands,3,v52300163,7,28.209,,,,3
2000-09,Ontario,2016A000235,Units,300,thousands,3,v52300164,8,75.766,,,,3
2000-09,Prairie provinces,2016A00014,Units,300,thousands,3,v52300165,9,34.444,,,,3
2000-09,Manitoba,2016A000246,Units,300,thousands,3,v52300166,10,2.552,,,,3
2000-09,Saskatchewan,2016A000247,Units,300,thousands,3,v52300167,11,2.184,,,,3
2000-09,Alberta,2016A000248,Units,300,thousands,3,v52300168,12,29.708,,,,3
2000-09,British Columbia,2016A000259,Units,300,thousands,3,v52300169,13,16.839,,,,3
2000-10,Canada,2016A000011124,Units,300,thousands,3,v52300157,1,165.958,,,,3
2000-10,Atlantic provinces,2016A00011,Units,300,thousands,3,v52300158,2,9.012,,,,3
2000-10,Newfoundland and Labrador,2016A000210,Units,300,thousands,3,v52300159,3,1.552,,,,3
2000-10,Prince Edward Island,2016A000211,Units,300,thousands,3,v52300160,4,0.944,,,,3
2000-10,Nova Scotia,2016A000212,Units,300,thousands,3,v52300161,5,3.838,,,,3
2000-10,New Brunswick,2016A000213,Units,300,thousands,3,v52300162,6,2.678,,,,3
2000-10,Quebec,2016A000224,Units,300,thousands,3,v52300163,7,25.9,,,,3
2000-10,Ontario,2016A000235,Units,300,thousands,3,v52300164,8,79.204,,,,3
2000-10,Prairie provinces,2016A00014,Units,300,thousands,3,v52300165,9,31.389,,,,3
2000-10,Manitoba,2016A000246,Units,300,thousands,3,v52300166,10,2.738,,,,3
2000-10,Saskatchewan,2016A000247,Units,300,thousands,3,v52300167,11,2.629,,,,3
2000-10,Alberta,2016A000248,Units,300,thousands,3,v52300168,12,26.022,,,,3
2000-10,British Columbia,2016A000259,Units,300,thousands,3,v52300169,13,20.453,,,,3
2000-11,Canada,2016A000011124,Units,300,thousands,3,v52300157,1,156.917,,,,3
2000-11,Atlantic provinces,2016A00011,Units,300,thousands,3,v52300158,2,8.601,,,,3
2000-11,Newfoundland and Labrador,2016A000210,Units,300,thousands,3,v52300159,3,1.154,,,,3
2000-11,Prince Edward Island,2016A000211,Units,300,thousands,3,v52300160,4,0.672,,,,3
2000-11,Nova Scotia,2016A000212,Units,300,thousands,3,v52300161,5,3.387,,,,3
2000-11,New Brunswick,2016A000213,Units,300,thousands,3,v52300162,6,3.388,,,,3
2000-11,Quebec,2016A000224,Units,300,thousands,3,v52300163,7,28.831,,,,3
2000-11,Ontario,2016A000235,Units,300,thousands,3,v52300164,8,73.208,,,,3
2000-11,Prairie provinces,2016A00014,Units,300,thousands,3,v52300165,9,33.257,,,,3
2000-11,Manitoba,2016A000246,Units,300,thousands,3,v52300166,10,2.351,,,,3
2000-11,Saskatchewan,2016A000247,Units,300,thousands,3,v52300167,11,2.399,,,,3
2000-11,Alberta,2016A000248,Units,300,thousands,3,v52300168,12,28.507,,,,3
2000-11,British Columbia,2016A000259,Units,300,thousands,3,v52300169,13,13.02,,,,3
2000-12,Canada,2016A000011124,Units,300,thousands,3,v52300157,1,144.483,,,,3
2000-12,Atlantic provinces,2016A00011,Units,300,thousands,3,v52300158,2,7.489,,,,3
2000-12,Newfoundland and Labrador,2016A000210,Units,300,thousands,3,v52300159,3,1.156,,,,3
2000-12,Prince Edward Island,2016A000211,Units,300,thousands,3,v52300160,4,0.689,,,,3
2000-12,Nova Scotia,2016A000212,Units,300,thousands,3,v52300161,5,3.606,,,,3
2000-12,New Brunswick,2016A000213,Units,300,thousands,3,v52300162,6,2.038,,,,3
2000-12,Quebec,2016A000224,Units,300,thousands,3,v52300163,7,21.662,,,,3
2000-12,Ontario,2016A000235,Units,300,thousands,3,v52300164,8,70.872,,,,3
2000-12,Prairie provinces,2016A00014,Units,300,thousands,3,v52300165,9,30.469,,,,3
2000-12,Manitoba,2016A000246,Units,300,thousands,3,v52300166,10,2.76,,,,3
2000-12,Saskatchewan,2016A000247,Units,300,thousands,3,v52300167,11,1.367,,,,3
2000-12,Alberta,2016A000248,Units,300,thousands,3,v52300168,12,26.342,,,,3
2000-12,British Columbia,2016A000259,Units,300,thousands,3,v52300169,13,13.991,,,,3
2001-01,Canada,2016A000011124,Units,300,thousands,3,v52300157,1,161.758,,,,3
2001-01,Atlantic provinces,2016A00011,Units,300,thousands,3,v52300158,2,11.194,,,,3
2001-01,Newfoundland and Labrador,2016A000210,Units,300,thousands,3,v52300159,3,1.029,,,,3
2001-01,Prince Edward Island,2016A000211,Units,300,thousands,3,v52300160,4,0.979,,,,3
2001-01,Nova Scotia,2016A000212,Units,300,thousands,3,v52300161,5,4.512,,,,3
2001-01,New Brunswick,2016A000213,Units,300,thousands,3,v52300162,6,4.674,,,,3
2001-01,Quebec,2016A000224,Units,300,thousands,3,v52300163,7,25.104,,,,3
2001-01,Ontario,2016A000235,Units,300,thousands,3,v52300164,8,75.656,,,,3
2001-01,Prairie provinces,2016A00014,Units,300,thousands,3,v52300165,9,31.986,,,,3
2001-01,Manitoba,2016A000246,Units,300,thousands,3,v52300166,10,2.441,,,,3
2001-01,Saskatchewan,2016A000247,Units,300,thousands,3,v52300167,11,2.04,,,,3
2001-01,Alberta,2016A000248,Units,300,thousands,3,v52300168,12,27.505,,,,3
2001-01,British Columbia,2016A000259,Units,300,thousands,3,v52300169,13,17.818,,,,3
2001-02,Canada,2016A000011124,Units,300,thousands,3,v52300157,1,145.835,,,,3
2001-02,Atlantic provinces,2016A00011,Units,300,thousands,3,v52300158,2,9.585,,,,3
2001-02,Newfoundland and Labrador,2016A000210,Units,300,thousands,3,v52300159,3,0.616,,,,3
2001-02,Prince Edward Island,2016A000211,Units,300,thousands,3,v52300160,4,0.431,,,,3
2001-02,Nova Scotia,2016A000212,Units,300,thousands,3,v52300161,5,3.896,,,,3
2001-02,New Brunswick,2016A000213,Units,300,thousands,3,v52300162,6,4.642,,,,3
2001-02,Quebec,2016A000224,Units,300,thousands,3,v52300163,7,26.741,,,,3
2001-02,Ontario,2016A000235,Units,300,thousands,3,v52300164,8,69.085,,,,3
2001-02,Prairie provinces,2016A00014,Units,300,thousands,3,v52300165,9,25.726,,,,3
2001-02,Manitoba,2016A000246,Units,300,thousands,3,v52300166,10,2.139,,,,3
2001-02,Saskatchewan,2016A000247,Units,300,thousands,3,v52300167,11,1.552,,,,3
2001-02,Alberta,2016A000248,Units,300,thousands,3,v52300168,12,22.035,,,,3
2001-02,British Columbia,2016A000259,Units,300,thousands,3,v52300169,13,14.698,,,,3
2001-03,Canada,2016A000011124,Units,300,thousands,3,v52300157,1,150.896,,,,3
2001-03,Atlantic provinces,2016A00011,Units,300,thousands,3,v52300158,2,6.854,,,,3
2001-03,Newfoundland and Labrador,2016A000210,Units,300,thousands,3,v52300159,3,1.045,,,,3
2001-03,Prince Edward Island,2016A000211,Units,300,thousands,3,v52300160,4,0.534,,,,3
2001-03,Nova Scotia,2016A000212,Units,300,thousands,3,v52300161,5,2.535,,,,3
2001-03,New Brunswick,2016A000213,Units,300,thousands,3,v52300162,6,2.74,,,,3
2001-03,Quebec,2016A000224,Units,300,thousands,3,v52300163,7,24.171,,,,3
2001-03,Ontario,2016A000235,Units,300,thousands,3,v52300164,8,78.652,,,,3
2001-03,Prairie provinces,2016A00014,Units,300,thousands,3,v52300165,9,28.563,,,,3
2001-03,Manitoba,2016A000246,Units,300,thousands,3,v52300166,10,2.451,,,,3
2001-03,Saskatchewan,2016A000247,Units,300,thousands,3,v52300167,11,2.025,,,,3
2001-03,Alberta,2016A000248,Units,300,thousands,3,v52300168,12,24.087,,,,3
2001-03,British Columbia,2016A000259,Units,300,thousands,3,v52300169,13,12.656,,,,3
2001-04,Canada,2016A000011124,Units,300,thousands,3,v52300157,1,165.747,,,,3
2001-04,Atlantic provinces,2016A00011,Units,300,thousands,3,v52300158,2,9.141,,,,3
2001-04,Newfoundland and Labrador,2016A000210,Units,300,thousands,3,v52300159,3,1.751,,,,3
2001-04,Prince Edward Island,2016A000211,Units,300,thousands,3,v52300160,4,0.419,,,,3
2001-04,Nova Scotia,2016A000212,Units,300,thousands,3,v52300161,5,4.338,,,,3
2001-04,New Brunswick,2016A000213,Units,300,thousands,3,v52300162,6,2.633,,,,3
2001-04,Quebec,2016A000224,Units,300,thousands,3,v52300163,7,27.262,,,,3
2001-04,Ontario,2016A000235,Units,300,thousands,3,v52300164,8,76.864,,,,3
2001-04,Prairie provinces,2016A00014,Units,300,thousands,3,v52300165,9,34.765,,,,3
2001-04,Manitoba,2016A000246,Units,300,thousands,3,v52300166,10,4.033,,,,3
2001-04,Saskatchewan,2016A000247,Units,300,thousands,3,v52300167,11,1.843,,,,3
2001-04,Alberta,2016A000248,Units,300,thousands,3,v52300168,12,28.889,,,,3
2001-04,British Columbia,2016A000259,Units,300,thousands,3,v52300169,13,17.715,,,,3
2001-05,Canada,2016A000011124,Units,300,thousands,3,v52300157,1,159.603,,,,3
2001-05,Atlantic provinces,2016A00011,Units,300,thousands,3,v52300158,2,7.811,,,,3
2001-05,Newfoundland and Labrador,2016A000210,Units,300,thousands,3,v52300159,3,1.718,,,,3
2001-05,Prince Edward Island,2016A000211,Units,300,thousands,3,v52300160,4,0.46,,,,3
2001-05,Nova Scotia,2016A000212,Units,300,thousands,3,v52300161,5,3.02,,,,3
2001-05,New Brunswick,2016A000213,Units,300,thousands,3,v52300162,6,2.613,,,,3
2001-05,Quebec,2016A000224,Units,300,thousands,3,v52300163,7,25.441,,,,3
2001-05,Ontario,2016A000235,Units,300,thousands,3,v52300164,8,72.529,,,,3
2001-05,Prairie provinces,2016A00014,Units,300,thousands,3,v52300165,9,33.974,,,,3
2001-05,Manitoba,2016A000246,Units,300,thousands,3,v52300166,10,2.812,,,,3
2001-05,Saskatchewan,2016A000247,Units,300,thousands,3,v52300167,11,1.444,,,,3
2001-05,Alberta,2016A000248,Units,300,thousands,3,v52300168,12,29.718,,,,3
2001-05,British Columbia,2016A000259,Units,300,thousands,3,v52300169,13,19.848,,,,3
2001-06,Canada,2016A000011124,Units,300,thousands,3,v52300157,1,176.424,,,,3
2001-06,Atlantic provinces,2016A00011,Units,300,thousands,3,v52300158,2,10.896,,,,3
2001-06,Newfoundland and Labrador,2016A000210,Units,300,thousands,3,v52300159,3,1.789,,,,3
2001-06,Prince Edward Island,2016A000211,Units,300,thousands,3,v52300160,4,0.434,,,,3
2001-06,Nova Scotia,2016A000212,Units,300,thousands,3,v52300161,5,4.731,,,,3
2001-06,New Brunswick,2016A000213,Units,300,thousands,3,v52300162,6,3.942,,,,3
2001-06,Quebec,2016A000224,Units,300,thousands,3,v52300163,7,28.407,,,,3
2001-06,Ontario,2016A000235,Units,300,thousands,3,v52300164,8,81.702,,,,3
2001-06,Prairie provinces,2016A00014,Units,300,thousands,3,v52300165,9,35.732,,,,3
2001-06,Manitoba,2016A000246,Units,300,thousands,3,v52300166,10,3.168,,,,3
2001-06,Saskatchewan,2016A000247,Units,300,thousands,3,v52300167,11,2.387,,,,3
2001-06,Alberta,2016A000248,Units,300,thousands,3,v52300168,12,30.177,,,,3
2001-06,British Columbia,2016A000259,Units,300,thousands,3,v52300169,13,19.687,,,,3
2001-07,Canada,2016A000011124,Units,300,thousands,3,v52300157,1,148.906,,,,3
2001-07,Atlantic provinces,2016A00011,Units,300,thousands,3,v52300158,2,12.852,,,,3
2001-07,Newfoundland and Labrador,2016A000210,Units,300,thousands,3,v52300159,3,2.052,,,,3
2001-07,Prince Edward Island,2016A000211,Units,300,thousands,3,v52300160,4,1.155,,,,3
2001-07,Nova Scotia,2016A000212,Units,300,thousands,3,v52300161,5,5.532,,,,3
2001-07,New Brunswick,2016A000213,Units,300,thousands,3,v52300162,6,4.113,,,,3
2001-07,Quebec,2016A000224,Units,300,thousands,3,v52300163,7,27.527,,,,3
2001-07,Ontario,2016A000235,Units,300,thousands,3,v52300164,8,56.027,,,,3
2001-07,Prairie provinces,2016A00014,Units,300,thousands,3,v52300165,9,34.654,,,,3
2001-07,Manitoba,2016A000246,Units,300,thousands,3,v52300166,10,4.48,,,,3
2001-07,Saskatchewan,2016A000247,Units,300,thousands,3,v52300167,11,3.383,,,,3
2001-07,Alberta,2016A000248,Units,300,thousands,3,v52300168,12,26.791,,,,3
2001-07,British Columbia,2016A000259,Units,300,thousands,3,v52300169,13,17.846,,,,3
2001-08,Canada,2016A000011124,Units,300,thousands,3,v52300157,1,167.233,,,,3
2001-08,Atlantic provinces,2016A00011,Units,300,thousands,3,v52300158,2,10.984,,,,3
2001-08,Newfoundland and Labrador,2016A000210,Units,300,thousands,3,v52300159,3,1.893,,,,3
2001-08,Prince Edward Island,2016A000211,Units,300,thousands,3,v52300160,4,0.612,,,,3
2001-08,Nova Scotia,2016A000212,Units,300,thousands,3,v52300161,5,4.948,,,,3
2001-08,New Brunswick,2016A000213,Units,300,thousands,3,v52300162,6,3.531,,,,3
2001-08,Quebec,2016A000224,Units,300,thousands,3,v52300163,7,24.777,,,,3
2001-08,Ontario,2016A000235,Units,300,thousands,3,v52300164,8,83.519,,,,3
2001-08,Prairie provinces,2016A00014,Units,300,thousands,3,v52300165,9,33.478,,,,3
2001-08,Manitoba,2016A000246,Units,300,thousands,3,v52300166,10,3.031,,,,3
2001-08,Saskatchewan,2016A000247,Units,300,thousands,3,v52300167,11,1.997,,,,3
2001-08,Alberta,2016A000248,Units,300,thousands,3,v52300168,12,28.45,,,,3
2001-08,British Columbia,2016A000259,Units,300,thousands,3,v52300169,13,14.475,,,,3
2001-09,Canada,2016A000011124,Units,300,thousands,3,v52300157,1,158.249,,,,3
2001-09,Atlantic provinces,2016A00011,Units,300,thousands,3,v52300158,2,9.856,,,,3
2001-09,Newfoundland and Labrador,2016A000210,Units,300,thousands,3,v52300159,3,1.882,,,,3
2001-09,Prince Edward Island,2016A000211,Units,300,thousands,3,v52300160,4,0.787,,,,3
2001-09,Nova Scotia,2016A000212,Units,300,thousands,3,v52300161,5,2.942,,,,3
2001-09,New Brunswick,2016A000213,Units,300,thousands,3,v52300162,6,4.245,,,,3
2001-09,Quebec,2016A000224,Units,300,thousands,3,v52300163,7,24.936,,,,3
2001-09,Ontario,2016A000235,Units,300,thousands,3,v52300164,8,70.07,,,,3
2001-09,Prairie provinces,2016A00014,Units,300,thousands,3,v52300165,9,34.898,,,,3
2001-09,Manitoba,2016A000246,Units,300,thousands,3,v52300166,10,2.522,,,,3
2001-09,Saskatchewan,2016A000247,Units,300,thousands,3,v52300167,11,2.595,,,,3
2001-09,Alberta,2016A000248,Units,300,thousands,3,v52300168,12,29.781,,,,3
2001-09,British Columbia,2016A000259,Units,300,thousands,3,v52300169,13,18.489,,,,3
2001-10,Canada,2016A000011124,Units,300,thousands,3,v52300157,1,169.767,,,,3
2001-10,Atlantic provinces,2016A00011,Units,300,thousands,3,v52300158,2,9.941,,,,3
2001-10,Newfoundland and Labrador,2016A000210,Units,300,thousands,3,v52300159,3,1.457,,,,3
2001-10,Prince Edward Island,2016A000211,Units,300,thousands,3,v52300160,4,0.802,,,,3
2001-10,Nova Scotia,2016A000212,Units,300,thousands,3,v52300161,5,3.171,,,,3
2001-10,New Brunswick,2016A000213,Units,300,thousands,3,v52300162,6,4.511,,,,3
2001-10,Quebec,2016A000224,Units,300,thousands,3,v52300163,7,29.122,,,,3
2001-10,Ontario,2016A000235,Units,300,thousands,3,v52300164,8,69.387,,,,3
2001-10,Prairie provinces,2016A00014,Units,300,thousands,3,v52300165,9,42.048,,,,3
2001-10,Manitoba,2016A000246,Units,300,thousands,3,v52300166,10,2.628,,,,3
2001-10,Saskatchewan,2016A000247,Units,300,thousands,3,v52300167,11,4.463,,,,3
2001-10,Alberta,2016A000248,Units,300,thousands,3,v52300168,12,34.957,,,,3
2001-10,British Columbia,2016A000259,Units,300,thousands,3,v52300169,13,19.269,,,,3
2001-11,Canada,2016A000011124,Units,300,thousands,3,v52300157,1,174.11,,,,3
2001-11,Atlantic provinces,2016A00011,Units,300,thousands,3,v52300158,2,10.259,,,,3
2001-11,Newfoundland and Labrador,2016A000210,Units,300,thousands,3,v52300159,3,2.099,,,,3
2001-11,Prince Edward Island,2016A000211,Units,300,thousands,3,v52300160,4,1.008,,,,3
2001-11,Nova Scotia,2016A000212,Units,300,thousands,3,v52300161,5,4.366,,,,3
2001-11,New Brunswick,2016A000213,Units,300,thousands,3,v52300162,6,2.786,,,,3
2001-11,Quebec,2016A000224,Units,300,thousands,3,v52300163,7,28.674,,,,3
2001-11,Ontario,2016A000235,Units,300,thousands,3,v52300164,8,77.807,,,,3
2001-11,Prairie provinces,2016A00014,Units,300,thousands,3,v52300165,9,38.717,,,,3
2001-11,Manitoba,2016A000246,Units,300,thousands,3,v52300166,10,2.762,,,,3
2001-11,Saskatchewan,2016A000247,Units,300,thousands,3,v52300167,11,2.309,,,,3
2001-11,Alberta,2016A000248,Units,300,thousands,3,v52300168,12,33.646,,,,3
2001-11,British Columbia,2016A000259,Units,300,thousands,3,v52300169,13,18.653,,,,3
2001-12,Canada,2016A000011124,Units,300,thousands,3,v52300157,1,177.444,,,,3
2001-12,Atlantic provinces,2016A00011,Units,300,thousands,3,v52300158,2,11.512,,,,3
2001-12,Newfoundland and Labrador,2016A000210,Units,300,thousands,3,v52300159,3,2.056,,,,3
2001-12,Prince Edward Island,2016A000211,Units,300,thousands,3,v52300160,4,0.502,,,,3
2001-12,Nova Scotia,2016A000212,Units,300,thousands,3,v52300161,5,4.978,,,,3
2001-12,New Brunswick,2016A000213,Units,300,thousands,3,v52300162,6,3.976,,,,3
2001-12,Quebec,2016A000224,Units,300,thousands,3,v52300163,7,37.459,,,,3
2001-12,Ontario,2016A000235,Units,300,thousands,3,v52300164,8,74.695,,,,3
2001-12,Prairie provinces,2016A00014,Units,300,thousands,3,v52300165,9,38.006,,,,3
2001-12,Manitoba,2016A000246,Units,300,thousands,3,v52300166,10,2.759,,,,3
2001-12,Saskatchewan,2016A000247,Units,300,thousands,3,v52300167,11,2.311,,,,3
2001-12,Alberta,2016A000248,Units,300,thousands,3,v52300168,12,32.936,,,,3
2001-12,British Columbia,2016A000259,Units,300,thousands,3,v52300169,13,15.772,,,,3
2002-01,Canada,2016A000011124,Units,300,thousands,3,v52300157,1,214.398,,,,3
2002-01,Atlantic provinces,2016A00011,Units,300,thousands,3,v52300158,2,10.731,,,,3
2002-01,Newfoundland and Labrador,2016A000210,Units,300,thousands,3,v52300159,3,1.989,,,,3
2002-01,Prince Edward Island,2016A000211,Units,300,thousands,3,v52300160,4,0.259,,,,3
2002-01,Nova Scotia,2016A000212,Units,300,thousands,3,v52300161,5,6.023,,,,3
2002-01,New Brunswick,2016A000213,Units,300,thousands,3,v52300162,6,2.46,,,,3
2002-01,Quebec,2016A000224,Units,300,thousands,3,v52300163,7,41.697,,,,3
2002-01,Ontario,2016A000235,Units,300,thousands,3,v52300164,8,100.946,,,,3
2002-01,Prairie provinces,2016A00014,Units,300,thousands,3,v52300165,9,41.508,,,,3
2002-01,Manitoba,2016A000246,Units,300,thousands,3,v52300166,10,3.122,,,,3
2002-01,Saskatchewan,2016A000247,Units,300,thousands,3,v52300167,11,2.798,,,,3
2002-01,Alberta,2016A000248,Units,300,thousands,3,v52300168,12,35.588,,,,3
2002-01,British Columbia,2016A000259,Units,300,thousands,3,v52300169,13,19.516,,,,3
2002-02,Canada,2016A000011124,Units,300,thousands,3,v52300157,1,183.751,,,,3
2002-02,Atlantic provinces,2016A00011,Units,300,thousands,3,v52300158,2,9.59,,,,3
2002-02,Newfoundland and Labrador,2016A000210,Units,300,thousands,3,v52300159,3,2.197,,,,3
2002-02,Prince Edward Island,2016A000211,Units,300,thousands,3,v52300160,4,0.499,,,,3
2002-02,Nova Scotia,2016A000212,Units,300,thousands,3,v52300161,5,4.041,,,,3
2002-02,New Brunswick,2016A000213,Units,300,thousands,3,v52300162,6,2.853,,,,3
2002-02,Quebec,2016A000224,Units,300,thousands,3,v52300163,7,39.137,,,,3
2002-02,Ontario,2016A000235,Units,300,thousands,3,v52300164,8,79.579,,,,3
2002-02,Prairie provinces,2016A00014,Units,300,thousands,3,v52300165,9,39.831,,,,3
2002-02,Manitoba,2016A000246,Units,300,thousands,3,v52300166,10,3.042,,,,3
2002-02,Saskatchewan,2016A000247,Units,300,thousands,3,v52300167,11,2.467,,,,3
2002-02,Alberta,2016A000248,Units,300,thousands,3,v52300168,12,34.322,,,,3
2002-02,British Columbia,2016A000259,Units,300,thousands,3,v52300169,13,15.614,,,,3
2002-03,Canada,2016A000011124,Units,300,thousands,3,v52300157,1,203.966,,,,3
2002-03,Atlantic provinces,2016A00011,Units,300,thousands,3,v52300158,2,8.548,,,,3
2002-03,Newfoundland and Labrador,2016A000210,Units,300,thousands,3,v52300159,3,2.315,,,,3
2002-03,Prince Edward Island,2016A000211,Units,300,thousands,3,v52300160,4,0.499,,,,3
2002-03,Nova Scotia,2016A000212,Units,300,thousands,3,v52300161,5,3.34,,,,3
2002-03,New Brunswick,2016A000213,Units,300,thousands,3,v52300162,6,2.394,,,,3
2002-03,Quebec,2016A000224,Units,300,thousands,3,v52300163,7,36.727,,,,3
2002-03,Ontario,2016A000235,Units,300,thousands,3,v52300164,8,93.638,,,,3
2002-03,Prairie provinces,2016A00014,Units,300,thousands,3,v52300165,9,47.012,,,,3
2002-03,Manitoba,2016A000246,Units,300,thousands,3,v52300166,10,3.573,,,,3
2002-03,Saskatchewan,2016A000247,Units,300,thousands,3,v52300167,11,1.783,,,,3
2002-03,Alberta,2016A000248,Units,300,thousands,3,v52300168,12,41.656,,,,3
2002-03,British Columbia,2016A000259,Units,300,thousands,3,v52300169,13,18.041,,,,3
2002-04,Canada,2016A000011124,Units,300,thousands,3,v52300157,1,192.038,,,,3
2002-04,Atlantic provinces,2016A00011,Units,300,thousands,3,v52300158,2,12.002,,,,3
2002-04,Newfoundland and Labrador,2016A000210,Units,300,thousands,3,v52300159,3,2.594,,,,3
2002-04,Prince Edward Island,2016A000211,Units,300,thousands,3,v52300160,4,0.718,,,,3
2002-04,Nova Scotia,2016A000212,Units,300,thousands,3,v52300161,5,4.369,,,,3
2002-04,New Brunswick,2016A000213,Units,300,thousands,3,v52300162,6,4.321,,,,3
2002-04,Quebec,2016A000224,Units,300,thousands,3,v52300163,7,42.669,,,,3
2002-04,Ontario,2016A000235,Units,300,thousands,3,v52300164,8,78.087,,,,3
2002-04,Prairie provinces,2016A00014,Units,300,thousands,3,v52300165,9,44.204,,,,3
2002-04,Manitoba,2016A000246,Units,300,thousands,3,v52300166,10,3.455,,,,3
2002-04,Saskatchewan,2016A000247,Units,300,thousands,3,v52300167,11,2.553,,,,3
2002-04,Alberta,2016A000248,Units,300,thousands,3,v52300168,12,38.196,,,,3
2002-04,British Columbia,2016A000259,Units,300,thousands,3,v52300169,13,15.076,,,,3
2002-05,Canada,2016A000011124,Units,300,thousands,3,v52300157,1,211.073,,,,3
2002-05,Atlantic provinces,2016A00011,Units,300,thousands,3,v52300158,2,12.783,,,,3
2002-05,Newfoundland and Labrador,2016A000210,Units,300,thousands,3,v52300159,3,2.677,,,,3
2002-05,Prince Edward Island,2016A000211,Units,300,thousands,3,v52300160,4,1.241,,,,3
2002-05,Nova Scotia,2016A000212,Units,300,thousands,3,v52300161,5,5.168,,,,3
2002-05,New Brunswick,2016A000213,Units,300,thousands,3,v52300162,6,3.697,,,,3
2002-05,Quebec,2016A000224,Units,300,thousands,3,v52300163,7,40.745,,,,3
2002-05,Ontario,2016A000235,Units,300,thousands,3,v52300164,8,86.824,,,,3
2002-05,Prairie provinces,2016A00014,Units,300,thousands,3,v52300165,9,47.068,,,,3
2002-05,Manitoba,2016A000246,Units,300,thousands,3,v52300166,10,3.507,,,,3
2002-05,Saskatchewan,2016A000247,Units,300,thousands,3,v52300167,11,2.618,,,,3
2002-05,Alberta,2016A000248,Units,300,thousands,3,v52300168,12,40.943,,,,3
2002-05,British Columbia,2016A000259,Units,300,thousands,3,v52300169,13,23.653,,,,3
2002-06,Canada,2016A000011124,Units,300,thousands,3,v52300157,1,205.043,,,,3
2002-06,Atlantic provinces,2016A00011,Units,300,thousands,3,v52300158,2,13.337,,,,3
2002-06,Newfoundland and Labrador,2016A000210,Units,300,thousands,3,v52300159,3,2.362,,,,3
2002-06,Prince Edward Island,2016A000211,Units,300,thousands,3,v52300160,4,0.526,,,,3
2002-06,Nova Scotia,2016A000212,Units,300,thousands,3,v52300161,5,5.501,,,,3
2002-06,New Brunswick,2016A000213,Units,300,thousands,3,v52300162,6,4.948,,,,3
2002-06,Quebec,2016A000224,Units,300,thousands,3,v52300163,7,44.478,,,,3
2002-06,Ontario,2016A000235,Units,300,thousands,3,v52300164,8,73.918,,,,3
2002-06,Prairie provinces,2016A00014,Units,300,thousands,3,v52300165,9,47.895,,,,3
2002-06,Manitoba,2016A000246,Units,300,thousands,3,v52300166,10,3.587,,,,3
2002-06,Saskatchewan,2016A000247,Units,300,thousands,3,v52300167,11,2.377,,,,3
2002-06,Alberta,2016A000248,Units,300,thousands,3,v52300168,12,41.931,,,,3
2002-06,British Columbia,2016A000259,Units,300,thousands,3,v52300169,13,25.415,,,,3
2002-07,Canada,2016A000011124,Units,300,thousands,3,v52300157,1,198.543,,,,3
2002-07,Atlantic provinces,2016A00011,Units,300,thousands,3,v52300158,2,11.613,,,,3
2002-07,Newfoundland and Labrador,2016A000210,Units,300,thousands,3,v52300159,3,2.714,,,,3
2002-07,Prince Edward Island,2016A000211,Units,300,thousands,3,v52300160,4,1.912,,,,3
2002-07,Nova Scotia,2016A000212,Units,300,thousands,3,v52300161,5,3.746,,,,3
2002-07,New Brunswick,2016A000213,Units,300,thousands,3,v52300162,6,3.241,,,,3
2002-07,Quebec,2016A000224,Units,300,thousands,3,v52300163,7,42.717,,,,3
2002-07,Ontario,2016A000235,Units,300,thousands,3,v52300164,8,87.194,,,,3
2002-07,Prairie provinces,2016A00014,Units,300,thousands,3,v52300165,9,35.949,,,,3
2002-07,Manitoba,2016A000246,Units,300,thousands,3,v52300166,10,3.417,,,,3
2002-07,Saskatchewan,2016A000247,Units,300,thousands,3,v52300167,11,2.783,,,,3
2002-07,Alberta,2016A000248,Units,300,thousands,3,v52300168,12,29.749,,,,3
2002-07,British Columbia,2016A000259,Units,300,thousands,3,v52300169,13,21.07,,,,3
2002-08,Canada,2016A000011124,Units,300,thousands,3,v52300157,1,216.318,,,,3
2002-08,Atlantic provinces,2016A00011,Units,300,thousands,3,v52300158,2,10.999,,,,3
2002-08,Newfoundland and Labrador,2016A000210,Units,300,thousands,3,v52300159,3,1.729,,,,3
2002-08,Prince Edward Island,2016A000211,Units,300,thousands,3,v52300160,4,0.799,,,,3
2002-08,Nova Scotia,2016A000212,Units,300,thousands,3,v52300161,5,5.46,,,,3
2002-08,New Brunswick,2016A000213,Units,300,thousands,3,v52300162,6,3.011,,,,3
2002-08,Quebec,2016A000224,Units,300,thousands,3,v52300163,7,44.822,,,,3
2002-08,Ontario,2016A000235,Units,300,thousands,3,v52300164,8,83.403,,,,3
2002-08,Prairie provinces,2016A00014,Units,300,thousands,3,v52300165,9,47.766,,,,3
2002-08,Manitoba,2016A000246,Units,300,thousands,3,v52300166,10,3.431,,,,3
2002-08,Saskatchewan,2016A000247,Units,300,thousands,3,v52300167,11,2.906,,,,3
2002-08,Alberta,2016A000248,Units,300,thousands,3,v52300168,12,41.429,,,,3
2002-08,British Columbia,2016A000259,Units,300,thousands,3,v52300169,13,29.328,,,,3
2002-09,Canada,2016A000011124,Units,300,thousands,3,v52300157,1,199.001,,,,3
2002-09,Atlantic provinces,2016A00011,Units,300,thousands,3,v52300158,2,10.817,,,,3
2002-09,Newfoundland and Labrador,2016A000210,Units,300,thousands,3,v52300159,3,2.173,,,,3
2002-09,Prince Edward Island,2016A000211,Units,300,thousands,3,v52300160,4,0.659,,,,3
2002-09,Nova Scotia,2016A000212,Units,300,thousands,3,v52300161,5,4.092,,,,3
2002-09,New Brunswick,2016A000213,Units,300,thousands,3,v52300162,6,3.893,,,,3
2002-09,Quebec,2016A000224,Units,300,thousands,3,v52300163,7,43.329,,,,3
2002-09,Ontario,2016A000235,Units,300,thousands,3,v52300164,8,76.443,,,,3
2002-09,Prairie provinces,2016A00014,Units,300,thousands,3,v52300165,9,48.802,,,,3
2002-09,Manitoba,2016A000246,Units,300,thousands,3,v52300166,10,5.279,,,,3
2002-09,Saskatchewan,2016A000247,Units,300,thousands,3,v52300167,11,4.989,,,,3
2002-09,Alberta,2016A000248,Units,300,thousands,3,v52300168,12,38.534,,,,3
2002-09,British Columbia,2016A000259,Units,300,thousands,3,v52300169,13,19.61,,,,3
2002-10,Canada,2016A000011124,Units,300,thousands,3,v52300157,1,224.926,,,,3
2002-10,Atlantic provinces,2016A00011,Units,300,thousands,3,v52300158,2,14.07,,,,3
2002-10,Newfoundland and Labrador,2016A000210,Units,300,thousands,3,v52300159,3,3.362,,,,3
2002-10,Prince Edward Island,2016A000211,Units,300,thousands,3,v52300160,4,0.696,,,,3
2002-10,Nova Scotia,2016A000212,Units,300,thousands,3,v52300161,5,5.074,,,,3
2002-10,New Brunswick,2016A000213,Units,300,thousands,3,v52300162,6,4.938,,,,3
2002-10,Quebec,2016A000224,Units,300,thousands,3,v52300163,7,45.405,,,,3
2002-10,Ontario,2016A000235,Units,300,thousands,3,v52300164,8,89.991,,,,3
2002-10,Prairie provinces,2016A00014,Units,300,thousands,3,v52300165,9,52.969,,,,3
2002-10,Manitoba,2016A000246,Units,300,thousands,3,v52300166,10,4.502,,,,3
2002-10,Saskatchewan,2016A000247,Units,300,thousands,3,v52300167,11,3.573,,,,3
2002-10,Alberta,2016A000248,Units,300,thousands,3,v52300168,12,44.894,,,,3
2002-10,British Columbia,2016A000259,Units,300,thousands,3,v52300169,13,22.491,,,,3
2002-11,Canada,2016A000011124,Units,300,thousands,3,v52300157,1,218.228,,,,3
2002-11,Atlantic provinces,2016A00011,Units,300,thousands,3,v52300158,2,15.064,,,,3
2002-11,Newfoundland and Labrador,2016A000210,Units,300,thousands,3,v52300159,3,2.54,,,,3
2002-11,Prince Edward Island,2016A000211,Units,300,thousands,3,v52300160,4,0.453,,,,3
2002-11,Nova Scotia,2016A000212,Units,300,thousands,3,v52300161,5,5.735,,,,3
2002-11,New Brunswick,2016A000213,Units,300,thousands,3,v52300162,6,6.336,,,,3
2002-11,Quebec,2016A000224,Units,300,thousands,3,v52300163,7,41.424,,,,3
2002-11,Ontario,2016A000235,Units,300,thousands,3,v52300164,8,86.48,,,,3
2002-11,Prairie provinces,2016A00014,Units,300,thousands,3,v52300165,9,48.388,,,,3
2002-11,Manitoba,2016A000246,Units,300,thousands,3,v52300166,10,3.584,,,,3
2002-11,Saskatchewan,2016A000247,Units,300,thousands,3,v52300167,11,2.676,,,,3
2002-11,Alberta,2016A000248,Units,300,thousands,3,v52300168,12,42.128,,,,3
2002-11,British Columbia,2016A000259,Units,300,thousands,3,v52300169,13,26.872,,,,3
2002-12,Canada,2016A000011124,Units,300,thousands,3,v52300157,1,197.564,,,,3
2002-12,Atlantic provinces,2016A00011,Units,300,thousands,3,v52300158,2,14.504,,,,3
2002-12,Newfoundland and Labrador,2016A000210,Units,300,thousands,3,v52300159,3,2.406,,,,3
2002-12,Prince Edward Island,2016A000211,Units,300,thousands,3,v52300160,4,0.605,,,,3
2002-12,Nova Scotia,2016A000212,Units,300,thousands,3,v52300161,5,7.671,,,,3
2002-12,New Brunswick,2016A000213,Units,300,thousands,3,v52300162,6,3.822,,,,3
2002-12,Quebec,2016A000224,Units,300,thousands,3,v52300163,7,43.62,,,,3
2002-12,Ontario,2016A000235,Units,300,thousands,3,v52300164,8,72.567,,,,3
2002-12,Prairie provinces,2016A00014,Units,300,thousands,3,v52300165,9,44.684,,,,3
2002-12,Manitoba,2016A000246,Units,300,thousands,3,v52300166,10,3.146,,,,3
2002-12,Saskatchewan,2016A000247,Units,300,thousands,3,v52300167,11,3.816,,,,3
2002-12,Alberta,2016A000248,Units,300,thousands,3,v52300168,12,37.722,,,,3
2002-12,British Columbia,2016A000259,Units,300,thousands,3,v52300169,13,22.189,,,,3
2003-01,Canada,2016A000011124,Units,300,thousands,3,v52300157,1,189.151,,,,3
2003-01,Atlantic provinces,2016A00011,Units,300,thousands,3,v52300158,2,10.265,,,,3
2003-01,Newfoundland and Labrador,2016A000210,Units,300,thousands,3,v52300159,3,1.035,,,,3
2003-01,Prince Edward Island,2016A000211,Units,300,thousands,3,v52300160,4,0.783,,,,3
2003-01,Nova Scotia,2016A000212,Units,300,thousands,3,v52300161,5,3.48,,,,3
2003-01,New Brunswick,2016A000213,Units,300,thousands,3,v52300162,6,4.967,,,,3
2003-01,Quebec,2016A000224,Units,300,thousands,3,v52300163,7,48.887,,,,3
2003-01,Ontario,2016A000235,Units,300,thousands,3,v52300164,8,72.041,,,,3
2003-01,Prairie provinces,2016A00014,Units,300,thousands,3,v52300165,9,38.02,,,,3
2003-01,Manitoba,2016A000246,Units,300,thousands,3,v52300166,10,3.675,,,,3
2003-01,Saskatchewan,2016A000247,Units,300,thousands,3,v52300167,11,3.635,,,,3
2003-01,Alberta,2016A000248,Units,300,thousands,3,v52300168,12,30.71,,,,3
2003-01,British Columbia,2016A000259,Units,300,thousands,3,v52300169,13,19.938,,,,3
2003-02,Canada,2016A000011124,Units,300,thousands,3,v52300157,1,240.42,,,,3
2003-02,Atlantic provinces,2016A00011,Units,300,thousands,3,v52300158,2,11.229,,,,3
2003-02,Newfoundland and Labrador,2016A000210,Units,300,thousands,3,v52300159,3,1.577,,,,3
2003-02,Prince Edward Island,2016A000211,Units,300,thousands,3,v52300160,4,0.748,,,,3
2003-02,Nova Scotia,2016A000212,Units,300,thousands,3,v52300161,5,4.373,,,,3
2003-02,New Brunswick,2016A000213,Units,300,thousands,3,v52300162,6,4.531,,,,3
2003-02,Quebec,2016A000224,Units,300,thousands,3,v52300163,7,45.748,,,,3
2003-02,Ontario,2016A000235,Units,300,thousands,3,v52300164,8,114.235,,,,3
2003-02,Prairie provinces,2016A00014,Units,300,thousands,3,v52300165,9,46.115,,,,3
2003-02,Manitoba,2016A000246,Units,300,thousands,3,v52300166,10,3.158,,,,3
2003-02,Saskatchewan,2016A000247,Units,300,thousands,3,v52300167,11,2.546,,,,3
2003-02,Alberta,2016A000248,Units,300,thousands,3,v52300168,12,40.411,,,,3
2003-02,British Columbia,2016A000259,Units,300,thousands,3,v52300169,13,23.093,,,,3
2003-03,Canada,2016A000011124,Units,300,thousands,3,v52300157,1,197.668,,,,3
2003-03,Atlantic provinces,2016A00011,Units,300,thousands,3,v52300158,2,11.308,,,,3
2003-03,Newfoundland and Labrador,2016A000210,Units,300,thousands,3,v52300159,3,1.342,,,,3
2003-03,Prince Edward Island,2016A000211,Units,300,thousands,3,v52300160,4,0.563,,,,3
2003-03,Nova Scotia,2016A000212,Units,300,thousands,3,v52300161,5,5.904,,,,3
2003-03,New Brunswick,2016A000213,Units,300,thousands,3,v52300162,6,3.499,,,,3
2003-03,Quebec,2016A000224,Units,300,thousands,3,v52300163,7,38.961,,,,3
2003-03,Ontario,2016A000235,Units,300,thousands,3,v52300164,8,82.83,,,,3
2003-03,Prairie provinces,2016A00014,Units,300,thousands,3,v52300165,9,43.043,,,,3
2003-03,Manitoba,2016A000246,Units,300,thousands,3,v52300166,10,2.956,,,,3
2003-03,Saskatchewan,2016A000247,Units,300,thousands,3,v52300167,11,3.34,,,,3
2003-03,Alberta,2016A000248,Units,300,thousands,3,v52300168,12,36.747,,,,3
2003-03,British Columbia,2016A000259,Units,300,thousands,3,v52300169,13,21.526,,,,3
2003-04,Canada,2016A000011124,Units,300,thousands,3,v52300157,1,210.125,,,,3
2003-04,Atlantic provinces,2016A00011,Units,300,thousands,3,v52300158,2,12.748,,,,3
2003-04,Newfoundland and Labrador,2016A000210,Units,300,thousands,3,v52300159,3,3.074,,,,3
2003-04,Prince Edward Island,2016A000211,Units,300,thousands,3,v52300160,4,0.683,,,,3
2003-04,Nova Scotia,2016A000212,Units,300,thousands,3,v52300161,5,3.64,,,,3
2003-04,New Brunswick,2016A000213,Units,300,thousands,3,v52300162,6,5.351,,,,3
2003-04,Quebec,2016A000224,Units,300,thousands,3,v52300163,7,44.909,,,,3
2003-04,Ontario,2016A000235,Units,300,thousands,3,v52300164,8,79.503,,,,3
2003-04,Prairie provinces,2016A00014,Units,300,thousands,3,v52300165,9,46.183,,,,3
2003-04,Manitoba,2016A000246,Units,300,thousands,3,v52300166,10,3.739,,,,3
2003-04,Saskatchewan,2016A000247,Units,300,thousands,3,v52300167,11,4.984,,,,3
2003-04,Alberta,2016A000248,Units,300,thousands,3,v52300168,12,37.46,,,,3
2003-04,British Columbia,2016A000259,Units,300,thousands,3,v52300169,13,26.782,,,,3
2003-05,Canada,2016A000011124,Units,300,thousands,3,v52300157,1,195.586,,,,3
2003-05,Atlantic provinces,2016A00011,Units,300,thousands,3,v52300158,2,12.478,,,,3
2003-05,Newfoundland and Labrador,2016A000210,Units,300,thousands,3,v52300159,3,3.343,,,,3
2003-05,Prince Edward Island,2016A000211,Units,300,thousands,3,v52300160,4,0.966,,,,3
2003-05,Nova Scotia,2016A000212,Units,300,thousands,3,v52300161,5,3.806,,,,3
2003-05,New Brunswick,2016A000213,Units,300,thousands,3,v52300162,6,4.363,,,,3
2003-05,Quebec,2016A000224,Units,300,thousands,3,v52300163,7,45.57,,,,3
2003-05,Ontario,2016A000235,Units,300,thousands,3,v52300164,8,73.893,,,,3
2003-05,Prairie provinces,2016A00014,Units,300,thousands,3,v52300165,9,41.661,,,,3
2003-05,Manitoba,2016A000246,Units,300,thousands,3,v52300166,10,3.651,,,,3
2003-05,Saskatchewan,2016A000247,Units,300,thousands,3,v52300167,11,2.903,,,,3
2003-05,Alberta,2016A000248,Units,300,thousands,3,v52300168,12,35.107,,,,3
2003-05,British Columbia,2016A000259,Units,300,thousands,3,v52300169,13,21.984,,,,3
2003-06,Canada,2016A000011124,Units,300,thousands,3,v52300157,1,208.457,,,,3
2003-06,Atlantic provinces,2016A00011,Units,300,thousands,3,v52300158,2,14.924,,,,3
2003-06,Newfoundland and Labrador,2016A000210,Units,300,thousands,3,v52300159,3,3.137,,,,3
2003-06,Prince Edward Island,2016A000211,Units,300,thousands,3,v52300160,4,1.38,,,,3
2003-06,Nova Scotia,2016A000212,Units,300,thousands,3,v52300161,5,6.063,,,,3
2003-06,New Brunswick,2016A000213,Units,300,thousands,3,v52300162,6,4.344,,,,3
2003-06,Quebec,2016A000224,Units,300,thousands,3,v52300163,7,47.562,,,,3
2003-06,Ontario,2016A000235,Units,300,thousands,3,v52300164,8,78.598,,,,3
2003-06,Prairie provinces,2016A00014,Units,300,thousands,3,v52300165,9,43.738,,,,3
2003-06,Manitoba,2016A000246,Units,300,thousands,3,v52300166,10,4.138,,,,3
2003-06,Saskatchewan,2016A000247,Units,300,thousands,3,v52300167,11,3.52,,,,3
2003-06,Alberta,2016A000248,Units,300,thousands,3,v52300168,12,36.08,,,,3
2003-06,British Columbia,2016A000259,Units,300,thousands,3,v52300169,13,23.635,,,,3
2003-07,Canada,2016A000011124,Units,300,thousands,3,v52300157,1,225.854,,,,3
2003-07,Atlantic provinces,2016A00011,Units,300,thousands,3,v52300158,2,16.276,,,,3
2003-07,Newfoundland and Labrador,2016A000210,Units,300,thousands,3,v52300159,3,2.438,,,,3
2003-07,Prince Edward Island,2016A000211,Units,300,thousands,3,v52300160,4,1.276,,,,3
2003-07,Nova Scotia,2016A000212,Units,300,thousands,3,v52300161,5,6.205,,,,3
2003-07,New Brunswick,2016A000213,Units,300,thousands,3,v52300162,6,6.357,,,,3
2003-07,Quebec,2016A000224,Units,300,thousands,3,v52300163,7,53.412,,,,3
2003-07,Ontario,2016A000235,Units,300,thousands,3,v52300164,8,81.738,,,,3
2003-07,Prairie provinces,2016A00014,Units,300,thousands,3,v52300165,9,43.623,,,,3
2003-07,Manitoba,2016A000246,Units,300,thousands,3,v52300166,10,3.249,,,,3
2003-07,Saskatchewan,2016A000247,Units,300,thousands,3,v52300167,11,3.122,,,,3
2003-07,Alberta,2016A000248,Units,300,thousands,3,v52300168,12,37.252,,,,3
2003-07,British Columbia,2016A000259,Units,300,thousands,3,v52300169,13,30.805,,,,3
2003-08,Canada,2016A000011124,Units,300,thousands,3,v52300157,1,239.978,,,,3
2003-08,Atlantic provinces,2016A00011,Units,300,thousands,3,v52300158,2,12.471,,,,3
2003-08,Newfoundland and Labrador,2016A000210,Units,300,thousands,3,v52300159,3,2.429,,,,3
2003-08,Prince Edward Island,2016A000211,Units,300,thousands,3,v52300160,4,0.503,,,,3
2003-08,Nova Scotia,2016A000212,Units,300,thousands,3,v52300161,5,4.769,,,,3
2003-08,New Brunswick,2016A000213,Units,300,thousands,3,v52300162,6,4.77,,,,3
2003-08,Quebec,2016A000224,Units,300,thousands,3,v52300163,7,61.14,,,,3
2003-08,Ontario,2016A000235,Units,300,thousands,3,v52300164,8,91.451,,,,3
2003-08,Prairie provinces,2016A00014,Units,300,thousands,3,v52300165,9,47.24,,,,3
2003-08,Manitoba,2016A000246,Units,300,thousands,3,v52300166,10,5.607,,,,3
2003-08,Saskatchewan,2016A000247,Units,300,thousands,3,v52300167,11,3.584,,,,3
2003-08,Alberta,2016A000248,Units,300,thousands,3,v52300168,12,38.049,,,,3
2003-08,British Columbia,2016A000259,Units,300,thousands,3,v52300169,13,27.676,,,,3
2003-09,Canada,2016A000011124,Units,300,thousands,3,v52300157,1,233.928,,,,3
2003-09,Atlantic provinces,2016A00011,Units,300,thousands,3,v52300158,2,11.537,,,,3
2003-09,Newfoundland and Labrador,2016A000210,Units,300,thousands,3,v52300159,3,2.284,,,,3
2003-09,Prince Edward Island,2016A000211,Units,300,thousands,3,v52300160,4,0.708,,,,3
2003-09,Nova Scotia,2016A000212,Units,300,thousands,3,v52300161,5,4.243,,,,3
2003-09,New Brunswick,2016A000213,Units,300,thousands,3,v52300162,6,4.302,,,,3
2003-09,Quebec,2016A000224,Units,300,thousands,3,v52300163,7,56.832,,,,3
2003-09,Ontario,2016A000235,Units,300,thousands,3,v52300164,8,86.032,,,,3
2003-09,Prairie provinces,2016A00014,Units,300,thousands,3,v52300165,9,46.637,,,,3
2003-09,Manitoba,2016A000246,Units,300,thousands,3,v52300166,10,4.452,,,,3
2003-09,Saskatchewan,2016A000247,Units,300,thousands,3,v52300167,11,3.43,,,,3
2003-09,Alberta,2016A000248,Units,300,thousands,3,v52300168,12,38.755,,,,3
2003-09,British Columbia,2016A000259,Units,300,thousands,3,v52300169,13,32.89,,,,3
2003-10,Canada,2016A000011124,Units,300,thousands,3,v52300157,1,253.644,,,,3
2003-10,Atlantic provinces,2016A00011,Units,300,thousands,3,v52300158,2,10.606,,,,3
2003-10,Newfoundland and Labrador,2016A000210,Units,300,thousands,3,v52300159,3,3.267,,,,3
2003-10,Prince Edward Island,2016A000211,Units,300,thousands,3,v52300160,4,0.744,,,,3
2003-10,Nova Scotia,2016A000212,Units,300,thousands,3,v52300161,5,2.776,,,,3
2003-10,New Brunswick,2016A000213,Units,300,thousands,3,v52300162,6,3.819,,,,3
2003-10,Quebec,2016A000224,Units,300,thousands,3,v52300163,7,53.571,,,,3
2003-10,Ontario,2016A000235,Units,300,thousands,3,v52300164,8,108.011,,,,3
2003-10,Prairie provinces,2016A00014,Units,300,thousands,3,v52300165,9,46.915,,,,3
2003-10,Manitoba,2016A000246,Units,300,thousands,3,v52300166,10,7.309,,,,3
2003-10,Saskatchewan,2016A000247,Units,300,thousands,3,v52300167,11,3.55,,,,3
2003-10,Alberta,2016A000248,Units,300,thousands,3,v52300168,12,36.056,,,,3
2003-10,British Columbia,2016A000259,Units,300,thousands,3,v52300169,13,34.541,,,,3
2003-11,Canada,2016A000011124,Units,300,thousands,3,v52300157,1,216.591,,,,3
2003-11,Atlantic provinces,2016A00011,Units,300,thousands,3,v52300158,2,14.76,,,,3
2003-11,Newfoundland and Labrador,2016A000210,Units,300,thousands,3,v52300159,3,3.192,,,,3
2003-11,Prince Edward Island,2016A000211,Units,300,thousands,3,v52300160,4,0.636,,,,3
2003-11,Nova Scotia,2016A000212,Units,300,thousands,3,v52300161,5,6.692,,,,3
2003-11,New Brunswick,2016A000213,Units,300,thousands,3,v52300162,6,4.24,,,,3
2003-11,Quebec,2016A000224,Units,300,thousands,3,v52300163,7,51.96,,,,3
2003-11,Ontario,2016A000235,Units,300,thousands,3,v52300164,8,79.145,,,,3
2003-11,Prairie provinces,2016A00014,Units,300,thousands,3,v52300165,9,43.356,,,,3
2003-11,Manitoba,2016A000246,Units,300,thousands,3,v52300166,10,4.471,,,,3
2003-11,Saskatchewan,2016A000247,Units,300,thousands,3,v52300167,11,2.632,,,,3
2003-11,Alberta,2016A000248,Units,300,thousands,3,v52300168,12,36.253,,,,3
2003-11,British Columbia,2016A000259,Units,300,thousands,3,v52300169,13,27.37,,,,3
2003-12,Canada,2016A000011124,Units,300,thousands,3,v52300157,1,216.338,,,,3
2003-12,Atlantic provinces,2016A00011,Units,300,thousands,3,v52300158,2,17.258,,,,3
2003-12,Newfoundland and Labrador,2016A000210,Units,300,thousands,3,v52300159,3,2.554,,,,3
2003-12,Prince Edward Island,2016A000211,Units,300,thousands,3,v52300160,4,0.928,,,,3
2003-12,Nova Scotia,2016A000212,Units,300,thousands,3,v52300161,5,8.923,,,,3
2003-12,New Brunswick,2016A000213,Units,300,thousands,3,v52300162,6,4.853,,,,3
2003-12,Quebec,2016A000224,Units,300,thousands,3,v52300163,7,55.538,,,,3
2003-12,Ontario,2016A000235,Units,300,thousands,3,v52300164,8,77.618,,,,3
2003-12,Prairie provinces,2016A00014,Units,300,thousands,3,v52300165,9,40.116,,,,3
2003-12,Manitoba,2016A000246,Units,300,thousands,3,v52300166,10,4.076,,,,3
2003-12,Saskatchewan,2016A000247,Units,300,thousands,3,v52300167,11,2.437,,,,3
2003-12,Alberta,2016A000248,Units,300,thousands,3,v52300168,12,33.603,,,,3
2003-12,British Columbia,2016A000259,Units,300,thousands,3,v52300169,13,25.808,,,,3
2004-01,Canada,2016A000011124,Units,300,thousands,3,v52300157,1,193.841,,,,3
2004-01,Atlantic provinces,2016A00011,Units,300,thousands,3,v52300158,2,9.313,,,,3
2004-01,Newfoundland and Labrador,2016A000210,Units,300,thousands,3,v52300159,3,2.208,,,,3
2004-01,Prince Edward Island,2016A000211,Units,300,thousands,3,v52300160,4,1.021,,,,3
2004-01,Nova Scotia,2016A000212,Units,300,thousands,3,v52300161,5,3.542,,,,3
2004-01,New Brunswick,2016A000213,Units,300,thousands,3,v52300162,6,2.542,,,,3
2004-01,Quebec,2016A000224,Units,300,thousands,3,v52300163,7,47.194,,,,3
2004-01,Ontario,2016A000235,Units,300,thousands,3,v52300164,8,65.539,,,,3
2004-01,Prairie provinces,2016A00014,Units,300,thousands,3,v52300165,9,38.136,,,,3
2004-01,Manitoba,2016A000246,Units,300,thousands,3,v52300166,10,3.274,,,,3
2004-01,Saskatchewan,2016A000247,Units,300,thousands,3,v52300167,11,3.074,,,,3
2004-01,Alberta,2016A000248,Units,300,thousands,3,v52300168,12,31.788,,,,3
2004-01,British Columbia,2016A000259,Units,300,thousands,3,v52300169,13,33.659,,,,3
2004-02,Canada,2016A000011124,Units,300,thousands,3,v52300157,1,217.36,,,,3
2004-02,Atlantic provinces,2016A00011,Units,300,thousands,3,v52300158,2,9.275,,,,3
2004-02,Newfoundland and Labrador,2016A000210,Units,300,thousands,3,v52300159,3,4.023,,,,3
2004-02,Prince Edward Island,2016A000211,Units,300,thousands,3,v52300160,4,0.521,,,,3
2004-02,Nova Scotia,2016A000212,Units,300,thousands,3,v52300161,5,2.402,,,,3
2004-02,New Brunswick,2016A000213,Units,300,thousands,3,v52300162,6,2.329,,,,3
2004-02,Quebec,2016A000224,Units,300,thousands,3,v52300163,7,58.873,,,,3
2004-02,Ontario,2016A000235,Units,300,thousands,3,v52300164,8,79.438,,,,3
2004-02,Prairie provinces,2016A00014,Units,300,thousands,3,v52300165,9,43.713,,,,3
2004-02,Manitoba,2016A000246,Units,300,thousands,3,v52300166,10,4.207,,,,3
2004-02,Saskatchewan,2016A000247,Units,300,thousands,3,v52300167,11,2.06,,,,3
2004-02,Alberta,2016A000248,Units,300,thousands,3,v52300168,12,37.446,,,,3
2004-02,British Columbia,2016A000259,Units,300,thousands,3,v52300169,13,26.061,,,,3
2004-03,Canada,2016A000011124,Units,300,thousands,3,v52300157,1,244.495,,,,3
2004-03,Atlantic provinces,2016A00011,Units,300,thousands,3,v52300158,2,10.768,,,,3
2004-03,Newfoundland and Labrador,2016A000210,Units,300,thousands,3,v52300159,3,2.358,,,,3
2004-03,Prince Edward Island,2016A000211,Units,300,thousands,3,v52300160,4,0.796,,,,3
2004-03,Nova Scotia,2016A000212,Units,300,thousands,3,v52300161,5,5.213,,,,3
2004-03,New Brunswick,2016A000213,Units,300,thousands,3,v52300162,6,2.401,,,,3
2004-03,Quebec,2016A000224,Units,300,thousands,3,v52300163,7,61.613,,,,3
2004-03,Ontario,2016A000235,Units,300,thousands,3,v52300164,8,102.972,,,,3
2004-03,Prairie provinces,2016A00014,Units,300,thousands,3,v52300165,9,41.004,,,,3
2004-03,Manitoba,2016A000246,Units,300,thousands,3,v52300166,10,3.931,,,,3
2004-03,Saskatchewan,2016A000247,Units,300,thousands,3,v52300167,11,3.34,,,,3
2004-03,Alberta,2016A000248,Units,300,thousands,3,v52300168,12,33.733,,,,3
2004-03,British Columbia,2016A000259,Units,300,thousands,3,v52300169,13,28.138,,,,3
2004-04,Canada,2016A000011124,Units,300,thousands,3,v52300157,1,241.873,,,,3
2004-04,Atlantic provinces,2016A00011,Units,300,thousands,3,v52300158,2,11.474,,,,3
2004-04,Newfoundland and Labrador,2016A000210,Units,300,thousands,3,v52300159,3,2.973,,,,3
2004-04,Prince Edward Island,2016A000211,Units,300,thousands,3,v52300160,4,0.978,,,,3
2004-04,Nova Scotia,2016A000212,Units,300,thousands,3,v52300161,5,3.698,,,,3
2004-04,New Brunswick,2016A000213,Units,300,thousands,3,v52300162,6,3.825,,,,3
2004-04,Quebec,2016A000224,Units,300,thousands,3,v52300163,7,58.029,,,,3
2004-04,Ontario,2016A000235,Units,300,thousands,3,v52300164,8,90.846,,,,3
2004-04,Prairie provinces,2016A00014,Units,300,thousands,3,v52300165,9,38.41,,,,3
2004-04,Manitoba,2016A000246,Units,300,thousands,3,v52300166,10,3.906,,,,3
2004-04,Saskatchewan,2016A000247,Units,300,thousands,3,v52300167,11,3.753,,,,3
2004-04,Alberta,2016A000248,Units,300,thousands,3,v52300168,12,30.751,,,,3
2004-04,British Columbia,2016A000259,Units,300,thousands,3,v52300169,13,43.114,,,,3
2004-05,Canada,2016A000011124,Units,300,thousands,3,v52300157,1,232.741,,,,3
2004-05,Atlantic provinces,2016A00011,Units,300,thousands,3,v52300158,2,12.196,,,,3
2004-05,Newfoundland and Labrador,2016A000210,Units,300,thousands,3,v52300159,3,2.542,,,,3
2004-05,Prince Edward Island,2016A000211,Units,300,thousands,3,v52300160,4,1.067,,,,3
2004-05,Nova Scotia,2016A000212,Units,300,thousands,3,v52300161,5,4.279,,,,3
2004-05,New Brunswick,2016A000213,Units,300,thousands,3,v52300162,6,4.308,,,,3
2004-05,Quebec,2016A000224,Units,300,thousands,3,v52300163,7,60.04,,,,3
2004-05,Ontario,2016A000235,Units,300,thousands,3,v52300164,8,85.324,,,,3
2004-05,Prairie provinces,2016A00014,Units,300,thousands,3,v52300165,9,40.271,,,,3
2004-05,Manitoba,2016A000246,Units,300,thousands,3,v52300166,10,4.389,,,,3
2004-05,Saskatchewan,2016A000247,Units,300,thousands,3,v52300167,11,7.217,,,,3
2004-05,Alberta,2016A000248,Units,300,thousands,3,v52300168,12,28.665,,,,3
2004-05,British Columbia,2016A000259,Units,300,thousands,3,v52300169,13,34.91,,,,3
2004-06,Canada,2016A000011124,Units,300,thousands,3,v52300157,1,233.477,,,,3
2004-06,Atlantic provinces,2016A00011,Units,300,thousands,3,v52300158,2,15.018,,,,3
2004-06,Newfoundland and Labrador,2016A000210,Units,300,thousands,3,v52300159,3,3.375,,,,3
2004-06,Prince Edward Island,2016A000211,Units,300,thousands,3,v52300160,4,1.61,,,,3
2004-06,Nova Scotia,2016A000212,Units,300,thousands,3,v52300161,5,5.964,,,,3
2004-06,New Brunswick,2016A000213,Units,300,thousands,3,v52300162,6,4.069,,,,3
2004-06,Quebec,2016A000224,Units,300,thousands,3,v52300163,7,52.903,,,,3
2004-06,Ontario,2016A000235,Units,300,thousands,3,v52300164,8,83.823,,,,3
2004-06,Prairie provinces,2016A00014,Units,300,thousands,3,v52300165,9,50.065,,,,3
2004-06,Manitoba,2016A000246,Units,300,thousands,3,v52300166,10,4.356,,,,3
2004-06,Saskatchewan,2016A000247,Units,300,thousands,3,v52300167,11,2.76,,,,3
2004-06,Alberta,2016A000248,Units,300,thousands,3,v52300168,12,42.949,,,,3
2004-06,British Columbia,2016A000259,Units,300,thousands,3,v52300169,13,31.668,,,,3
2004-07,Canada,2016A000011124,Units,300,thousands,3,v52300157,1,224.283,,,,3
2004-07,Atlantic provinces,2016A00011,Units,300,thousands,3,v52300158,2,12.92,,,,3
2004-07,Newfoundland and Labrador,2016A000210,Units,300,thousands,3,v52300159,3,3.025,,,,3
2004-07,Prince Edward Island,2016A000211,Units,300,thousands,3,v52300160,4,1.029,,,,3
2004-07,Nova Scotia,2016A000212,Units,300,thousands,3,v52300161,5,4.481,,,,3
2004-07,New Brunswick,2016A000213,Units,300,thousands,3,v52300162,6,4.385,,,,3
2004-07,Quebec,2016A000224,Units,300,thousands,3,v52300163,7,65.064,,,,3
2004-07,Ontario,2016A000235,Units,300,thousands,3,v52300164,8,77.963,,,,3
2004-07,Prairie provinces,2016A00014,Units,300,thousands,3,v52300165,9,38.685,,,,3
2004-07,Manitoba,2016A000246,Units,300,thousands,3,v52300166,10,4.634,,,,3
2004-07,Saskatchewan,2016A000247,Units,300,thousands,3,v52300167,11,2.579,,,,3
2004-07,Alberta,2016A000248,Units,300,thousands,3,v52300168,12,31.472,,,,3
2004-07,British Columbia,2016A000259,Units,300,thousands,3,v52300169,13,29.651,,,,3
2004-08,Canada,2016A000011124,Units,300,thousands,3,v52300157,1,267.432,,,,3
2004-08,Atlantic provinces,2016A00011,Units,300,thousands,3,v52300158,2,12.943,,,,3
2004-08,Newfoundland and Labrador,2016A000210,Units,300,thousands,3,v52300159,3,2.492,,,,3
2004-08,Prince Edward Island,2016A000211,Units,300,thousands,3,v52300160,4,0.738,,,,3
2004-08,Nova Scotia,2016A000212,Units,300,thousands,3,v52300161,5,5.696,,,,3
2004-08,New Brunswick,2016A000213,Units,300,thousands,3,v52300162,6,4.017,,,,3
2004-08,Quebec,2016A000224,Units,300,thousands,3,v52300163,7,63.702,,,,3
2004-08,Ontario,2016A000235,Units,300,thousands,3,v52300164,8,104.5,,,,3
2004-08,Prairie provinces,2016A00014,Units,300,thousands,3,v52300165,9,46.664,,,,3
2004-08,Manitoba,2016A000246,Units,300,thousands,3,v52300166,10,8.376,,,,3
2004-08,Saskatchewan,2016A000247,Units,300,thousands,3,v52300167,11,3.686,,,,3
2004-08,Alberta,2016A000248,Units,300,thousands,3,v52300168,12,34.602,,,,3
2004-08,British Columbia,2016A000259,Units,300,thousands,3,v52300169,13,39.623,,,,3
2004-09,Canada,2016A000011124,Units,300,thousands,3,v52300157,1,239.122,,,,3
2004-09,Atlantic provinces,2016A00011,Units,300,thousands,3,v52300158,2,13.458,,,,3
2004-09,Newfoundland and Labrador,2016A000210,Units,300,thousands,3,v52300159,3,2.677,,,,3
2004-09,Prince Edward Island,2016A000211,Units,300,thousands,3,v52300160,4,0.719,,,,3
2004-09,Nova Scotia,2016A000212,Units,300,thousands,3,v52300161,5,5.631,,,,3
2004-09,New Brunswick,2016A000213,Units,300,thousands,3,v52300162,6,4.431,,,,3
2004-09,Quebec,2016A000224,Units,300,thousands,3,v52300163,7,59.095,,,,3
2004-09,Ontario,2016A000235,Units,300,thousands,3,v52300164,8,85.947,,,,3
2004-09,Prairie provinces,2016A00014,Units,300,thousands,3,v52300165,9,46.751,,,,3
2004-09,Manitoba,2016A000246,Units,300,thousands,3,v52300166,10,4.32,,,,3
2004-09,Saskatchewan,2016A000247,Units,300,thousands,3,v52300167,11,4.298,,,,3
2004-09,Alberta,2016A000248,Units,300,thousands,3,v52300168,12,38.133,,,,3
2004-09,British Columbia,2016A000259,Units,300,thousands,3,v52300169,13,33.871,,,,3
2004-10,Canada,2016A000011124,Units,300,thousands,3,v52300157,1,239.312,,,,3
2004-10,Atlantic provinces,2016A00011,Units,300,thousands,3,v52300158,2,11.487,,,,3
2004-10,Newfoundland and Labrador,2016A000210,Units,300,thousands,3,v52300159,3,3.247,,,,3
2004-10,Prince Edward Island,2016A000211,Units,300,thousands,3,v52300160,4,0.745,,,,3
2004-10,Nova Scotia,2016A000212,Units,300,thousands,3,v52300161,5,3.908,,,,3
2004-10,New Brunswick,2016A000213,Units,300,thousands,3,v52300162,6,3.587,,,,3
2004-10,Quebec,2016A000224,Units,300,thousands,3,v52300163,7,55.082,,,,3
2004-10,Ontario,2016A000235,Units,300,thousands,3,v52300164,8,95.124,,,,3
2004-10,Prairie provinces,2016A00014,Units,300,thousands,3,v52300165,9,51.238,,,,3
2004-10,Manitoba,2016A000246,Units,300,thousands,3,v52300166,10,4.233,,,,3
2004-10,Saskatchewan,2016A000247,Units,300,thousands,3,v52300167,11,4.332,,,,3
2004-10,Alberta,2016A000248,Units,300,thousands,3,v52300168,12,42.673,,,,3
2004-10,British Columbia,2016A000259,Units,300,thousands,3,v52300169,13,26.381,,,,3
2004-11,Canada,2016A000011124,Units,300,thousands,3,v52300157,1,246.431,,,,3
2004-11,Atlantic provinces,2016A00011,Units,300,thousands,3,v52300158,2,11.875,,,,3
2004-11,Newfoundland and Labrador,2016A000210,Units,300,thousands,3,v52300159,3,3.067,,,,3
2004-11,Prince Edward Island,2016A000211,Units,300,thousands,3,v52300160,4,0.767,,,,3
2004-11,Nova Scotia,2016A000212,Units,300,thousands,3,v52300161,5,3.764,,,,3
2004-11,New Brunswick,2016A000213,Units,300,thousands,3,v52300162,6,4.277,,,,3
2004-11,Quebec,2016A000224,Units,300,thousands,3,v52300163,7,60.504,,,,3
2004-11,Ontario,2016A000235,Units,300,thousands,3,v52300164,8,85.782,,,,3
2004-11,Prairie provinces,2016A00014,Units,300,thousands,3,v52300165,9,52.817,,,,3
2004-11,Manitoba,2016A000246,Units,300,thousands,3,v52300166,10,4.259,,,,3
2004-11,Saskatchewan,2016A000247,Units,300,thousands,3,v52300167,11,4.819,,,,3
2004-11,Alberta,2016A000248,Units,300,thousands,3,v52300168,12,43.739,,,,3
2004-11,British Columbia,2016A000259,Units,300,thousands,3,v52300169,13,35.453,,,,3
2004-12,Canada,2016A000011124,Units,300,thousands,3,v52300157,1,229.102,,,,3
2004-12,Atlantic provinces,2016A00011,Units,300,thousands,3,v52300158,2,15.799,,,,3
2004-12,Newfoundland and Labrador,2016A000210,Units,300,thousands,3,v52300159,3,2.895,,,,3
2004-12,Prince Edward Island,2016A000211,Units,300,thousands,3,v52300160,4,0.721,,,,3
2004-12,Nova Scotia,2016A000212,Units,300,thousands,3,v52300161,5,6.977,,,,3
2004-12,New Brunswick,2016A000213,Units,300,thousands,3,v52300162,6,5.206,,,,3
2004-12,Quebec,2016A000224,Units,300,thousands,3,v52300163,7,57.149,,,,3
2004-12,Ontario,2016A000235,Units,300,thousands,3,v52300164,8,76.143,,,,3
2004-12,Prairie provinces,2016A00014,Units,300,thousands,3,v52300165,9,46.868,,,,3
2004-12,Manitoba,2016A000246,Units,300,thousands,3,v52300166,10,3.55,,,,3
2004-12,Saskatchewan,2016A000247,Units,300,thousands,3,v52300167,11,3.742,,,,3
2004-12,Alberta,2016A000248,Units,300,thousands,3,v52300168,12,39.576,,,,3
2004-12,British Columbia,2016A000259,Units,300,thousands,3,v52300169,13,33.143,,,,3
2005-01,Canada,2016A000011124,Units,300,thousands,3,v52300157,1,185.278,,,,3
2005-01,Atlantic provinces,2016A00011,Units,300,thousands,3,v52300158,2,9.754,,,,3
2005-01,Newfoundland and Labrador,2016A000210,Units,300,thousands,3,v52300159,3,2.223,,,,3
2005-01,Prince Edward Island,2016A000211,Units,300,thousands,3,v52300160,4,1.146,,,,3
2005-01,Nova Scotia,2016A000212,Units,300,thousands,3,v52300161,5,3.559,,,,3
2005-01,New Brunswick,2016A000213,Units,300,thousands,3,v52300162,6,2.826,,,,3
2005-01,Quebec,2016A000224,Units,300,thousands,3,v52300163,7,53.829,,,,3
2005-01,Ontario,2016A000235,Units,300,thousands,3,v52300164,8,57.357,,,,3
2005-01,Prairie provinces,2016A00014,Units,300,thousands,3,v52300165,9,36.575,,,,3
2005-01,Manitoba,2016A000246,Units,300,thousands,3,v52300166,10,3.533,,,,3
2005-01,Saskatchewan,2016A000247,Units,300,thousands,3,v52300167,11,2.305,,,,3
2005-01,Alberta,2016A000248,Units,300,thousands,3,v52300168,12,30.737,,,,3
2005-01,British Columbia,2016A000259,Units,300,thousands,3,v52300169,13,27.763,,,,3
2005-02,Canada,2016A000011124,Units,300,thousands,3,v52300157,1,212.311,,,,3
2005-02,Atlantic provinces,2016A00011,Units,300,thousands,3,v52300158,2,11.72,,,,3
2005-02,Newfoundland and Labrador,2016A000210,Units,300,thousands,3,v52300159,3,3.36,,,,3
2005-02,Prince Edward Island,2016A000211,Units,300,thousands,3,v52300160,4,2.135,,,,3
2005-02,Nova Scotia,2016A000212,Units,300,thousands,3,v52300161,5,3.202,,,,3
2005-02,New Brunswick,2016A000213,Units,300,thousands,3,v52300162,6,3.023,,,,3
2005-02,Quebec,2016A000224,Units,300,thousands,3,v52300163,7,58.572,,,,3
2005-02,Ontario,2016A000235,Units,300,thousands,3,v52300164,8,71.102,,,,3
2005-02,Prairie provinces,2016A00014,Units,300,thousands,3,v52300165,9,43.133,,,,3
2005-02,Manitoba,2016A000246,Units,300,thousands,3,v52300166,10,4.573,,,,3
2005-02,Saskatchewan,2016A000247,Units,300,thousands,3,v52300167,11,2.491,,,,3
2005-02,Alberta,2016A000248,Units,300,thousands,3,v52300168,12,36.069,,,,3
2005-02,British Columbia,2016A000259,Units,300,thousands,3,v52300169,13,27.784,,,,3
2005-03,Canada,2016A000011124,Units,300,thousands,3,v52300157,1,213.14,,,,3
2005-03,Atlantic provinces,2016A00011,Units,300,thousands,3,v52300158,2,9.632,,,,3
2005-03,Newfoundland and Labrador,2016A000210,Units,300,thousands,3,v52300159,3,2.251,,,,3
2005-03,Prince Edward Island,2016A000211,Units,300,thousands,3,v52300160,4,0.939,,,,3
2005-03,Nova Scotia,2016A000212,Units,300,thousands,3,v52300161,5,3.148,,,,3
2005-03,New Brunswick,2016A000213,Units,300,thousands,3,v52300162,6,3.294,,,,3
2005-03,Quebec,2016A000224,Units,300,thousands,3,v52300163,7,47.267,,,,3
2005-03,Ontario,2016A000235,Units,300,thousands,3,v52300164,8,79.966,,,,3
2005-03,Prairie provinces,2016A00014,Units,300,thousands,3,v52300165,9,44.385,,,,3
2005-03,Manitoba,2016A000246,Units,300,thousands,3,v52300166,10,5.276,,,,3
2005-03,Saskatchewan,2016A000247,Units,300,thousands,3,v52300167,11,2.401,,,,3
2005-03,Alberta,2016A000248,Units,300,thousands,3,v52300168,12,36.708,,,,3
2005-03,British Columbia,2016A000259,Units,300,thousands,3,v52300169,13,31.89,,,,3
2005-04,Canada,2016A000011124,Units,300,thousands,3,v52300157,1,251.213,,,,3
2005-04,Atlantic provinces,2016A00011,Units,300,thousands,3,v52300158,2,12.906,,,,3
2005-04,Newfoundland and Labrador,2016A000210,Units,300,thousands,3,v52300159,3,2.283,,,,3
2005-04,Prince Edward Island,2016A000211,Units,300,thousands,3,v52300160,4,0.475,,,,3
2005-04,Nova Scotia,2016A000212,Units,300,thousands,3,v52300161,5,6.247,,,,3
2005-04,New Brunswick,2016A000213,Units,300,thousands,3,v52300162,6,3.901,,,,3
2005-04,Quebec,2016A000224,Units,300,thousands,3,v52300163,7,61.833,,,,3
2005-04,Ontario,2016A000235,Units,300,thousands,3,v52300164,8,90.391,,,,3
2005-04,Prairie provinces,2016A00014,Units,300,thousands,3,v52300165,9,52.212,,,,3
2005-04,Manitoba,2016A000246,Units,300,thousands,3,v52300166,10,4.015,,,,3
2005-04,Saskatchewan,2016A000247,Units,300,thousands,3,v52300167,11,2.535,,,,3
2005-04,Alberta,2016A000248,Units,300,thousands,3,v52300168,12,45.662,,,,3
2005-04,British Columbia,2016A000259,Units,300,thousands,3,v52300169,13,33.871,,,,3
2005-05,Canada,2016A000011124,Units,300,thousands,3,v52300157,1,223.409,,,,3
2005-05,Atlantic provinces,2016A00011,Units,300,thousands,3,v52300158,2,14.61,,,,3
2005-05,Newfoundland and Labrador,2016A000210,Units,300,thousands,3,v52300159,3,2.691,,,,3
2005-05,Prince Edward Island,2016A000211,Units,300,thousands,3,v52300160,4,1.091,,,,3
2005-05,Nova Scotia,2016A000212,Units,300,thousands,3,v52300161,5,6.048,,,,3
2005-05,New Brunswick,2016A000213,Units,300,thousands,3,v52300162,6,4.78,,,,3
2005-05,Quebec,2016A000224,Units,300,thousands,3,v52300163,7,46.953,,,,3
2005-05,Ontario,2016A000235,Units,300,thousands,3,v52300164,8,70.392,,,,3
2005-05,Prairie provinces,2016A00014,Units,300,thousands,3,v52300165,9,53.96,,,,3
2005-05,Manitoba,2016A000246,Units,300,thousands,3,v52300166,10,3.834,,,,3
2005-05,Saskatchewan,2016A000247,Units,300,thousands,3,v52300167,11,2.91,,,,3
2005-05,Alberta,2016A000248,Units,300,thousands,3,v52300168,12,47.216,,,,3
2005-05,British Columbia,2016A000259,Units,300,thousands,3,v52300169,13,37.494,,,,3
2005-06,Canada,2016A000011124,Units,300,thousands,3,v52300157,1,237.053,,,,3
2005-06,Atlantic provinces,2016A00011,Units,300,thousands,3,v52300158,2,12.371,,,,3
2005-06,Newfoundland and Labrador,2016A000210,Units,300,thousands,3,v52300159,3,2.292,,,,3
2005-06,Prince Edward Island,2016A000211,Units,300,thousands,3,v52300160,4,0.953,,,,3
2005-06,Nova Scotia,2016A000212,Units,300,thousands,3,v52300161,5,4.464,,,,3
2005-06,New Brunswick,2016A000213,Units,300,thousands,3,v52300162,6,4.662,,,,3
2005-06,Quebec,2016A000224,Units,300,thousands,3,v52300163,7,49.403,,,,3
2005-06,Ontario,2016A000235,Units,300,thousands,3,v52300164,8,99.74,,,,3
2005-06,Prairie provinces,2016A00014,Units,300,thousands,3,v52300165,9,44.829,,,,3
2005-06,Manitoba,2016A000246,Units,300,thousands,3,v52300166,10,5.254,,,,3
2005-06,Saskatchewan,2016A000247,Units,300,thousands,3,v52300167,11,4.564,,,,3
2005-06,Alberta,2016A000248,Units,300,thousands,3,v52300168,12,35.011,,,,3
2005-06,British Columbia,2016A000259,Units,300,thousands,3,v52300169,13,30.71,,,,3
2005-07,Canada,2016A000011124,Units,300,thousands,3,v52300157,1,249.838,,,,3
2005-07,Atlantic provinces,2016A00011,Units,300,thousands,3,v52300158,2,12.484,,,,3
2005-07,Newfoundland and Labrador,2016A000210,Units,300,thousands,3,v52300159,3,2.512,,,,3
2005-07,Prince Edward Island,2016A000211,Units,300,thousands,3,v52300160,4,0.707,,,,3
2005-07,Nova Scotia,2016A000212,Units,300,thousands,3,v52300161,5,5.034,,,,3
2005-07,New Brunswick,2016A000213,Units,300,thousands,3,v52300162,6,4.231,,,,3
2005-07,Quebec,2016A000224,Units,300,thousands,3,v52300163,7,53.957,,,,3
2005-07,Ontario,2016A000235,Units,300,thousands,3,v52300164,8,101.093,,,,3
2005-07,Prairie provinces,2016A00014,Units,300,thousands,3,v52300165,9,45.277,,,,3
2005-07,Manitoba,2016A000246,Units,300,thousands,3,v52300166,10,5.77,,,,3
2005-07,Saskatchewan,2016A000247,Units,300,thousands,3,v52300167,11,3.654,,,,3
2005-07,Alberta,2016A000248,Units,300,thousands,3,v52300168,12,35.853,,,,3
2005-07,British Columbia,2016A000259,Units,300,thousands,3,v52300169,13,37.027,,,,3
2005-08,Canada,2016A000011124,Units,300,thousands,3,v52300157,1,209.411,,,,3
2005-08,Atlantic provinces,2016A00011,Units,300,thousands,3,v52300158,2,14.105,,,,3
2005-08,Newfoundland and Labrador,2016A000210,Units,300,thousands,3,v52300159,3,2.619,,,,3
2005-08,Prince Edward Island,2016A000211,Units,300,thousands,3,v52300160,4,0.872,,,,3
2005-08,Nova Scotia,2016A000212,Units,300,thousands,3,v52300161,5,6.441,,,,3
2005-08,New Brunswick,2016A000213,Units,300,thousands,3,v52300162,6,4.173,,,,3
2005-08,Quebec,2016A000224,Units,300,thousands,3,v52300163,7,43.763,,,,3
2005-08,Ontario,2016A000235,Units,300,thousands,3,v52300164,8,68.519,,,,3
2005-08,Prairie provinces,2016A00014,Units,300,thousands,3,v52300165,9,48.166,,,,3
2005-08,Manitoba,2016A000246,Units,300,thousands,3,v52300166,10,6.345,,,,3
2005-08,Saskatchewan,2016A000247,Units,300,thousands,3,v52300167,11,4.324,,,,3
2005-08,Alberta,2016A000248,Units,300,thousands,3,v52300168,12,37.497,,,,3
2005-08,British Columbia,2016A000259,Units,300,thousands,3,v52300169,13,34.858,,,,3
2005-09,Canada,2016A000011124,Units,300,thousands,3,v52300157,1,232.163,,,,3
2005-09,Atlantic provinces,2016A00011,Units,300,thousands,3,v52300158,2,10.718,,,,3
2005-09,Newfoundland and Labrador,2016A000210,Units,300,thousands,3,v52300159,3,2.581,,,,3
2005-09,Prince Edward Island,2016A000211,Units,300,thousands,3,v52300160,4,0.799,,,,3
2005-09,Nova Scotia,2016A000212,Units,300,thousands,3,v52300161,5,3.833,,,,3
2005-09,New Brunswick,2016A000213,Units,300,thousands,3,v52300162,6,3.505,,,,3
2005-09,Quebec,2016A000224,Units,300,thousands,3,v52300163,7,52.236,,,,3
2005-09,Ontario,2016A000235,Units,300,thousands,3,v52300164,8,70.549,,,,3
2005-09,Prairie provinces,2016A00014,Units,300,thousands,3,v52300165,9,57.307,,,,3
2005-09,Manitoba,2016A000246,Units,300,thousands,3,v52300166,10,4.525,,,,3
2005-09,Saskatchewan,2016A000247,Units,300,thousands,3,v52300167,11,4.135,,,,3
2005-09,Alberta,2016A000248,Units,300,thousands,3,v52300168,12,48.647,,,,3
2005-09,British Columbia,2016A000259,Units,300,thousands,3,v52300169,13,41.353,,,,3
2005-10,Canada,2016A000011124,Units,300,thousands,3,v52300157,1,219.023,,,,3
2005-10,Atlantic provinces,2016A00011,Units,300,thousands,3,v52300158,2,13.189,,,,3
2005-10,Newfoundland and Labrador,2016A000210,Units,300,thousands,3,v52300159,3,2.565,,,,3
2005-10,Prince Edward Island,2016A000211,Units,300,thousands,3,v52300160,4,0.587,,,,3
2005-10,Nova Scotia,2016A000212,Units,300,thousands,3,v52300161,5,4.603,,,,3
2005-10,New Brunswick,2016A000213,Units,300,thousands,3,v52300162,6,5.434,,,,3
2005-10,Quebec,2016A000224,Units,300,thousands,3,v52300163,7,47.943,,,,3
2005-10,Ontario,2016A000235,Units,300,thousands,3,v52300164,8,64.984,,,,3
2005-10,Prairie provinces,2016A00014,Units,300,thousands,3,v52300165,9,54.578,,,,3
2005-10,Manitoba,2016A000246,Units,300,thousands,3,v52300166,10,5.546,,,,3
2005-10,Saskatchewan,2016A000247,Units,300,thousands,3,v52300167,11,3.808,,,,3
2005-10,Alberta,2016A000248,Units,300,thousands,3,v52300168,12,45.224,,,,3
2005-10,British Columbia,2016A000259,Units,300,thousands,3,v52300169,13,38.329,,,,3
2005-11,Canada,2016A000011124,Units,300,thousands,3,v52300157,1,235.79,,,,3
2005-11,Atlantic provinces,2016A00011,Units,300,thousands,3,v52300158,2,12.467,,,,3
2005-11,Newfoundland and Labrador,2016A000210,Units,300,thousands,3,v52300159,3,2.26,,,,3
2005-11,Prince Edward Island,2016A000211,Units,300,thousands,3,v52300160,4,0.858,,,,3
2005-11,Nova Scotia,2016A000212,Units,300,thousands,3,v52300161,5,5.729,,,,3
2005-11,New Brunswick,2016A000213,Units,300,thousands,3,v52300162,6,3.62,,,,3
2005-11,Quebec,2016A000224,Units,300,thousands,3,v52300163,7,50.302,,,,3
2005-11,Ontario,2016A000235,Units,300,thousands,3,v52300164,8,84.727,,,,3
2005-11,Prairie provinces,2016A00014,Units,300,thousands,3,v52300165,9,54.32,,,,3
2005-11,Manitoba,2016A000246,Units,300,thousands,3,v52300166,10,4.95,,,,3
2005-11,Saskatchewan,2016A000247,Units,300,thousands,3,v52300167,11,4.093,,,,3
2005-11,Alberta,2016A000248,Units,300,thousands,3,v52300168,12,45.277,,,,3
2005-11,British Columbia,2016A000259,Units,300,thousands,3,v52300169,13,33.974,,,,3
2005-12,Canada,2016A000011124,Units,300,thousands,3,v52300157,1,233.376,,,,3
2005-12,Atlantic provinces,2016A00011,Units,300,thousands,3,v52300158,2,12.452,,,,3
2005-12,Newfoundland and Labrador,2016A000210,Units,300,thousands,3,v52300159,3,2.768,,,,3
2005-12,Prince Edward Island,2016A000211,Units,300,thousands,3,v52300160,4,1.15,,,,3
2005-12,Nova Scotia,2016A000212,Units,300,thousands,3,v52300161,5,4.636,,,,3
2005-12,New Brunswick,2016A000213,Units,300,thousands,3,v52300162,6,3.898,,,,3
2005-12,Quebec,2016A000224,Units,300,thousands,3,v52300163,7,50.396,,,,3
2005-12,Ontario,2016A000235,Units,300,thousands,3,v52300164,8,80.825,,,,3
2005-12,Prairie provinces,2016A00014,Units,300,thousands,3,v52300165,9,51.648,,,,3
2005-12,Manitoba,2016A000246,Units,300,thousands,3,v52300166,10,3.691,,,,3
2005-12,Saskatchewan,2016A000247,Units,300,thousands,3,v52300167,11,3.1,,,,3
2005-12,Alberta,2016A000248,Units,300,thousands,3,v52300168,12,44.857,,,,3
2005-12,British Columbia,2016A000259,Units,300,thousands,3,v52300169,13,38.055,,,,3
2006-01,Canada,2016A000011124,Units,300,thousands,3,v52300157,1,223.622,,,,3
2006-01,Atlantic provinces,2016A00011,Units,300,thousands,3,v52300158,2,13.999,,,,3
2006-01,Newfoundland and Labrador,2016A000210,Units,300,thousands,3,v52300159,3,2.485,,,,3
2006-01,Prince Edward Island,2016A000211,Units,300,thousands,3,v52300160,4,1.374,,,,3
2006-01,Nova Scotia,2016A000212,Units,300,thousands,3,v52300161,5,5.402,,,,3
2006-01,New Brunswick,2016A000213,Units,300,thousands,3,v52300162,6,4.738,,,,3
2006-01,Quebec,2016A000224,Units,300,thousands,3,v52300163,7,47.441,,,,3
2006-01,Ontario,2016A000235,Units,300,thousands,3,v52300164,8,78.937,,,,3
2006-01,Prairie provinces,2016A00014,Units,300,thousands,3,v52300165,9,49.073,,,,3
2006-01,Manitoba,2016A000246,Units,300,thousands,3,v52300166,10,3.634,,,,3
2006-01,Saskatchewan,2016A000247,Units,300,thousands,3,v52300167,11,3.547,,,,3
2006-01,Alberta,2016A000248,Units,300,thousands,3,v52300168,12,41.892,,,,3
2006-01,British Columbia,2016A000259,Units,300,thousands,3,v52300169,13,34.172,,,,3
2006-02,Canada,2016A000011124,Units,300,thousands,3,v52300157,1,238.095,,,,3
2006-02,Atlantic provinces,2016A00011,Units,300,thousands,3,v52300158,2,12.061,,,,3
2006-02,Newfoundland and Labrador,2016A000210,Units,300,thousands,3,v52300159,3,3.267,,,,3
2006-02,Prince Edward Island,2016A000211,Units,300,thousands,3,v52300160,4,1.2,,,,3
2006-02,Nova Scotia,2016A000212,Units,300,thousands,3,v52300161,5,4.125,,,,3
2006-02,New Brunswick,2016A000213,Units,300,thousands,3,v52300162,6,3.469,,,,3
2006-02,Quebec,2016A000224,Units,300,thousands,3,v52300163,7,48.601,,,,3
2006-02,Ontario,2016A000235,Units,300,thousands,3,v52300164,8,78.679,,,,3
2006-02,Prairie provinces,2016A00014,Units,300,thousands,3,v52300165,9,59.05,,,,3
2006-02,Manitoba,2016A000246,Units,300,thousands,3,v52300166,10,4.602,,,,3
2006-02,Saskatchewan,2016A000247,Units,300,thousands,3,v52300167,11,2.435,,,,3
2006-02,Alberta,2016A000248,Units,300,thousands,3,v52300168,12,52.013,,,,3
2006-02,British Columbia,2016A000259,Units,300,thousands,3,v52300169,13,39.704,,,,3
2006-03,Canada,2016A000011124,Units,300,thousands,3,v52300157,1,249.27,,,,3
2006-03,Atlantic provinces,2016A00011,Units,300,thousands,3,v52300158,2,10.025,,,,3
2006-03,Newfoundland and Labrador,2016A000210,Units,300,thousands,3,v52300159,3,1.668,,,,3
2006-03,Prince Edward Island,2016A000211,Units,300,thousands,3,v52300160,4,0.525,,,,3
2006-03,Nova Scotia,2016A000212,Units,300,thousands,3,v52300161,5,4.9,,,,3
2006-03,New Brunswick,2016A000213,Units,300,thousands,3,v52300162,6,2.932,,,,3
2006-03,Quebec,2016A000224,Units,300,thousands,3,v52300163,7,50.974,,,,3
2006-03,Ontario,2016A000235,Units,300,thousands,3,v52300164,8,81.605,,,,3
2006-03,Prairie provinces,2016A00014,Units,300,thousands,3,v52300165,9,65.206,,,,3
2006-03,Manitoba,2016A000246,Units,300,thousands,3,v52300166,10,6.542,,,,3
2006-03,Saskatchewan,2016A000247,Units,300,thousands,3,v52300167,11,2.772,,,,3
2006-03,Alberta,2016A000248,Units,300,thousands,3,v52300168,12,55.892,,,,3
2006-03,British Columbia,2016A000259,Units,300,thousands,3,v52300169,13,41.46,,,,3
2006-04,Canada,2016A000011124,Units,300,thousands,3,v52300157,1,233.636,,,,3
2006-04,Atlantic provinces,2016A00011,Units,300,thousands,3,v52300158,2,12.465,,,,3
2006-04,Newfoundland and Labrador,2016A000210,Units,300,thousands,3,v52300159,3,1.576,,,,3
2006-04,Prince Edward Island,2016A000211,Units,300,thousands,3,v52300160,4,0.519,,,,3
2006-04,Nova Scotia,2016A000212,Units,300,thousands,3,v52300161,5,5.912,,,,3
2006-04,New Brunswick,2016A000213,Units,300,thousands,3,v52300162,6,4.458,,,,3
2006-04,Quebec,2016A000224,Units,300,thousands,3,v52300163,7,46.819,,,,3
2006-04,Ontario,2016A000235,Units,300,thousands,3,v52300164,8,74.906,,,,3
2006-04,Prairie provinces,2016A00014,Units,300,thousands,3,v52300165,9,55.946,,,,3
2006-04,Manitoba,2016A000246,Units,300,thousands,3,v52300166,10,5.292,,,,3
2006-04,Saskatchewan,2016A000247,Units,300,thousands,3,v52300167,11,3.277,,,,3
2006-04,Alberta,2016A000248,Units,300,thousands,3,v52300168,12,47.377,,,,3
2006-04,British Columbia,2016A000259,Units,300,thousands,3,v52300169,13,43.5,,,,3
2006-05,Canada,2016A000011124,Units,300,thousands,3,v52300157,1,220.93,,,,3
2006-05,Atlantic provinces,2016A00011,Units,300,thousands,3,v52300158,2,12.084,,,,3
2006-05,Newfoundland and Labrador,2016A000210,Units,300,thousands,3,v52300159,3,2.005,,,,3
2006-05,Prince Edward Island,2016A000211,Units,300,thousands,3,v52300160,4,0.648,,,,3
2006-05,Nova Scotia,2016A000212,Units,300,thousands,3,v52300161,5,5.963,,,,3
2006-05,New Brunswick,2016A000213,Units,300,thousands,3,v52300162,6,3.468,,,,3
2006-05,Quebec,2016A000224,Units,300,thousands,3,v52300163,7,45.072,,,,3
2006-05,Ontario,2016A000235,Units,300,thousands,3,v52300164,8,74.252,,,,3
2006-05,Prairie provinces,2016A00014,Units,300,thousands,3,v52300165,9,59.144,,,,3
2006-05,Manitoba,2016A000246,Units,300,thousands,3,v52300166,10,4.853,,,,3
2006-05,Saskatchewan,2016A000247,Units,300,thousands,3,v52300167,11,3.254,,,,3
2006-05,Alberta,2016A000248,Units,300,thousands,3,v52300168,12,51.037,,,,3
2006-05,British Columbia,2016A000259,Units,300,thousands,3,v52300169,13,30.378,,,,3
2006-06,Canada,2016A000011124,Units,300,thousands,3,v52300157,1,241.79,,,,3
2006-06,Atlantic provinces,2016A00011,Units,300,thousands,3,v52300158,2,14.805,,,,3
2006-06,Newfoundland and Labrador,2016A000210,Units,300,thousands,3,v52300159,3,2.563,,,,3
2006-06,Prince Edward Island,2016A000211,Units,300,thousands,3,v52300160,4,0.716,,,,3
2006-06,Nova Scotia,2016A000212,Units,300,thousands,3,v52300161,5,4.517,,,,3
2006-06,New Brunswick,2016A000213,Units,300,thousands,3,v52300162,6,7.009,,,,3
2006-06,Quebec,2016A000224,Units,300,thousands,3,v52300163,7,42.577,,,,3
2006-06,Ontario,2016A000235,Units,300,thousands,3,v52300164,8,84.369,,,,3
2006-06,Prairie provinces,2016A00014,Units,300,thousands,3,v52300165,9,66.877,,,,3
2006-06,Manitoba,2016A000246,Units,300,thousands,3,v52300166,10,6.254,,,,3
2006-06,Saskatchewan,2016A000247,Units,300,thousands,3,v52300167,11,4.222,,,,3
2006-06,Alberta,2016A000248,Units,300,thousands,3,v52300168,12,56.401,,,,3
2006-06,British Columbia,2016A000259,Units,300,thousands,3,v52300169,13,33.162,,,,3
2006-07,Canada,2016A000011124,Units,300,thousands,3,v52300157,1,241.986,,,,3
2006-07,Atlantic provinces,2016A00011,Units,300,thousands,3,v52300158,2,13.652,,,,3
2006-07,Newfoundland and Labrador,2016A000210,Units,300,thousands,3,v52300159,3,2.191,,,,3
2006-07,Prince Edward Island,2016A000211,Units,300,thousands,3,v52300160,4,0.632,,,,3
2006-07,Nova Scotia,2016A000212,Units,300,thousands,3,v52300161,5,6.089,,,,3
2006-07,New Brunswick,2016A000213,Units,300,thousands,3,v52300162,6,4.74,,,,3
2006-07,Quebec,2016A000224,Units,300,thousands,3,v52300163,7,41.057,,,,3
2006-07,Ontario,2016A000235,Units,300,thousands,3,v52300164,8,86.341,,,,3
2006-07,Prairie provinces,2016A00014,Units,300,thousands,3,v52300165,9,58.073,,,,3
2006-07,Manitoba,2016A000246,Units,300,thousands,3,v52300166,10,4.24,,,,3
2006-07,Saskatchewan,2016A000247,Units,300,thousands,3,v52300167,11,4.373,,,,3
2006-07,Alberta,2016A000248,Units,300,thousands,3,v52300168,12,49.46,,,,3
2006-07,British Columbia,2016A000259,Units,300,thousands,3,v52300169,13,42.863,,,,3
2006-08,Canada,2016A000011124,Units,300,thousands,3,v52300157,1,211.143,,,,3
2006-08,Atlantic provinces,2016A00011,Units,300,thousands,3,v52300158,2,11.317,,,,3
2006-08,Newfoundland and Labrador,2016A000210,Units,300,thousands,3,v52300159,3,2.54,,,,3
2006-08,Prince Edward Island,2016A000211,Units,300,thousands,3,v52300160,4,1.211,,,,3
2006-08,Nova Scotia,2016A000212,Units,300,thousands,3,v52300161,5,3.672,,,,3
2006-08,New Brunswick,2016A000213,Units,300,thousands,3,v52300162,6,3.894,,,,3
2006-08,Quebec,2016A000224,Units,300,thousands,3,v52300163,7,48.214,,,,3
2006-08,Ontario,2016A000235,Units,300,thousands,3,v52300164,8,66.781,,,,3
2006-08,Prairie provinces,2016A00014,Units,300,thousands,3,v52300165,9,53.284,,,,3
2006-08,Manitoba,2016A000246,Units,300,thousands,3,v52300166,10,4.828,,,,3
2006-08,Saskatchewan,2016A000247,Units,300,thousands,3,v52300167,11,3.136,,,,3
2006-08,Alberta,2016A000248,Units,300,thousands,3,v52300168,12,45.32,,,,3
2006-08,British Columbia,2016A000259,Units,300,thousands,3,v52300169,13,31.547,,,,3
2006-09,Canada,2016A000011124,Units,300,thousands,3,v52300157,1,204.137,,,,3
2006-09,Atlantic provinces,2016A00011,Units,300,thousands,3,v52300158,2,11.231,,,,3
2006-09,Newfoundland and Labrador,2016A000210,Units,300,thousands,3,v52300159,3,2.569,,,,3
2006-09,Prince Edward Island,2016A000211,Units,300,thousands,3,v52300160,4,0.326,,,,3
2006-09,Nova Scotia,2016A000212,Units,300,thousands,3,v52300161,5,3.933,,,,3
2006-09,New Brunswick,2016A000213,Units,300,thousands,3,v52300162,6,4.403,,,,3
2006-09,Quebec,2016A000224,Units,300,thousands,3,v52300163,7,42.872,,,,3
2006-09,Ontario,2016A000235,Units,300,thousands,3,v52300164,8,61.618,,,,3
2006-09,Prairie provinces,2016A00014,Units,300,thousands,3,v52300165,9,53.623,,,,3
2006-09,Manitoba,2016A000246,Units,300,thousands,3,v52300166,10,3.699,,,,3
2006-09,Saskatchewan,2016A000247,Units,300,thousands,3,v52300167,11,4.328,,,,3
2006-09,Alberta,2016A000248,Units,300,thousands,3,v52300168,12,45.596,,,,3
2006-09,British Columbia,2016A000259,Units,300,thousands,3,v52300169,13,34.793,,,,3
2006-10,Canada,2016A000011124,Units,300,thousands,3,v52300157,1,231.099,,,,3
2006-10,Atlantic provinces,2016A00011,Units,300,thousands,3,v52300158,2,9.937,,,,3
2006-10,Newfoundland and Labrador,2016A000210,Units,300,thousands,3,v52300159,3,1.959,,,,3
2006-10,Prince Edward Island,2016A000211,Units,300,thousands,3,v52300160,4,0.65,,,,3
2006-10,Nova Scotia,2016A000212,Units,300,thousands,3,v52300161,5,3.977,,,,3
2006-10,New Brunswick,2016A000213,Units,300,thousands,3,v52300162,6,3.351,,,,3
2006-10,Quebec,2016A000224,Units,300,thousands,3,v52300163,7,54.719,,,,3
2006-10,Ontario,2016A000235,Units,300,thousands,3,v52300164,8,74.485,,,,3
2006-10,Prairie provinces,2016A00014,Units,300,thousands,3,v52300165,9,53.556,,,,3
2006-10,Manitoba,2016A000246,Units,300,thousands,3,v52300166,10,8.911,,,,3
2006-10,Saskatchewan,2016A000247,Units,300,thousands,3,v52300167,11,4.562,,,,3
2006-10,Alberta,2016A000248,Units,300,thousands,3,v52300168,12,40.083,,,,3
2006-10,British Columbia,2016A000259,Units,300,thousands,3,v52300169,13,38.402,,,,3
2006-11,Canada,2016A000011124,Units,300,thousands,3,v52300157,1,234.741,,,,3
2006-11,Atlantic provinces,2016A00011,Units,300,thousands,3,v52300158,2,13.082,,,,3
2006-11,Newfoundland and Labrador,2016A000210,Units,300,thousands,3,v52300159,3,2.228,,,,3
2006-11,Prince Edward Island,2016A000211,Units,300,thousands,3,v52300160,4,0.669,,,,3
2006-11,Nova Scotia,2016A000212,Units,300,thousands,3,v52300161,5,6.391,,,,3
2006-11,New Brunswick,2016A000213,Units,300,thousands,3,v52300162,6,3.794,,,,3
2006-11,Quebec,2016A000224,Units,300,thousands,3,v52300163,7,51.568,,,,3
2006-11,Ontario,2016A000235,Units,300,thousands,3,v52300164,8,69.132,,,,3
2006-11,Prairie provinces,2016A00014,Units,300,thousands,3,v52300165,9,67.035,,,,3
2006-11,Manitoba,2016A000246,Units,300,thousands,3,v52300166,10,4.056,,,,3
2006-11,Saskatchewan,2016A000247,Units,300,thousands,3,v52300167,11,4.422,,,,3
2006-11,Alberta,2016A000248,Units,300,thousands,3,v52300168,12,58.557,,,,3
2006-11,British Columbia,2016A000259,Units,300,thousands,3,v52300169,13,33.924,,,,3
2006-12,Canada,2016A000011124,Units,300,thousands,3,v52300157,1,210.977,,,,3
2006-12,Atlantic provinces,2016A00011,Units,300,thousands,3,v52300158,2,10.922,,,,3
2006-12,Newfoundland and Labrador,2016A000210,Units,300,thousands,3,v52300159,3,2.113,,,,3
2006-12,Prince Edward Island,2016A000211,Units,300,thousands,3,v52300160,4,0.708,,,,3
2006-12,Nova Scotia,2016A000212,Units,300,thousands,3,v52300161,5,4.368,,,,3
2006-12,New Brunswick,2016A000213,Units,300,thousands,3,v52300162,6,3.733,,,,3
2006-12,Quebec,2016A000224,Units,300,thousands,3,v52300163,7,50.412,,,,3
2006-12,Ontario,2016A000235,Units,300,thousands,3,v52300164,8,63.522,,,,3
2006-12,Prairie provinces,2016A00014,Units,300,thousands,3,v52300165,9,52.762,,,,3
2006-12,Manitoba,2016A000246,Units,300,thousands,3,v52300166,10,3.627,,,,3
2006-12,Saskatchewan,2016A000247,Units,300,thousands,3,v52300167,11,3.873,,,,3
2006-12,Alberta,2016A000248,Units,300,thousands,3,v52300168,12,45.262,,,,3
2006-12,British Columbia,2016A000259,Units,300,thousands,3,v52300169,13,33.359,,,,3
2007-01,Canada,2016A000011124,Units,300,thousands,3,v52300157,1,244.867,,,,3
2007-01,Atlantic provinces,2016A00011,Units,300,thousands,3,v52300158,2,12.613,,,,3
2007-01,Newfoundland and Labrador,2016A000210,Units,300,thousands,3,v52300159,3,2.435,,,,3
2007-01,Prince Edward Island,2016A000211,Units,300,thousands,3,v52300160,4,0.586,,,,3
2007-01,Nova Scotia,2016A000212,Units,300,thousands,3,v52300161,5,5.814,,,,3
2007-01,New Brunswick,2016A000213,Units,300,thousands,3,v52300162,6,3.778,,,,3
2007-01,Quebec,2016A000224,Units,300,thousands,3,v52300163,7,49.26,,,,3
2007-01,Ontario,2016A000235,Units,300,thousands,3,v52300164,8,74.888,,,,3
2007-01,Prairie provinces,2016A00014,Units,300,thousands,3,v52300165,9,67.509,,,,3
2007-01,Manitoba,2016A000246,Units,300,thousands,3,v52300166,10,8.224,,,,3
2007-01,Saskatchewan,2016A000247,Units,300,thousands,3,v52300167,11,5.288,,,,3
2007-01,Alberta,2016A000248,Units,300,thousands,3,v52300168,12,53.997,,,,3
2007-01,British Columbia,2016A000259,Units,300,thousands,3,v52300169,13,40.597,,,,3
2007-02,Canada,2016A000011124,Units,300,thousands,3,v52300157,1,197.478,,,,3
2007-02,Atlantic provinces,2016A00011,Units,300,thousands,3,v52300158,2,10.93,,,,3
2007-02,Newfoundland and Labrador,2016A000210,Units,300,thousands,3,v52300159,3,2.996,,,,3
2007-02,Prince Edward Island,2016A000211,Units,300,thousands,3,v52300160,4,0.787,,,,3
2007-02,Nova Scotia,2016A000212,Units,300,thousands,3,v52300161,5,3.985,,,,3
2007-02,New Brunswick,2016A000213,Units,300,thousands,3,v52300162,6,3.162,,,,3
2007-02,Quebec,2016A000224,Units,300,thousands,3,v52300163,7,45.405,,,,3
2007-02,Ontario,2016A000235,Units,300,thousands,3,v52300164,8,52.395,,,,3
2007-02,Prairie provinces,2016A00014,Units,300,thousands,3,v52300165,9,54.476,,,,3
2007-02,Manitoba,2016A000246,Units,300,thousands,3,v52300166,10,3.471,,,,3
2007-02,Saskatchewan,2016A000247,Units,300,thousands,3,v52300167,11,3.773,,,,3
2007-02,Alberta,2016A000248,Units,300,thousands,3,v52300168,12,47.232,,,,3
2007-02,British Columbia,2016A000259,Units,300,thousands,3,v52300169,13,34.272,,,,3
2007-03,Canada,2016A000011124,Units,300,thousands,3,v52300157,1,220.742,,,,3
2007-03,Atlantic provinces,2016A00011,Units,300,thousands,3,v52300158,2,8.092,,,,3
2007-03,Newfoundland and Labrador,2016A000210,Units,300,thousands,3,v52300159,3,1.628,,,,3
2007-03,Prince Edward Island,2016A000211,Units,300,thousands,3,v52300160,4,0.615,,,,3
2007-03,Nova Scotia,2016A000212,Units,300,thousands,3,v52300161,5,2.56,,,,3
2007-03,New Brunswick,2016A000213,Units,300,thousands,3,v52300162,6,3.289,,,,3
2007-03,Quebec,2016A000224,Units,300,thousands,3,v52300163,7,48.238,,,,3
2007-03,Ontario,2016A000235,Units,300,thousands,3,v52300164,8,57.398,,,,3
2007-03,Prairie provinces,2016A00014,Units,300,thousands,3,v52300165,9,67.578,,,,3
2007-03,Manitoba,2016A000246,Units,300,thousands,3,v52300166,10,5.745,,,,3
2007-03,Saskatchewan,2016A000247,Units,300,thousands,3,v52300167,11,4.495,,,,3
2007-03,Alberta,2016A000248,Units,300,thousands,3,v52300168,12,57.338,,,,3
2007-03,British Columbia,2016A000259,Units,300,thousands,3,v52300169,13,39.436,,,,3
2007-04,Canada,2016A000011124,Units,300,thousands,3,v52300157,1,226.127,,,,3
2007-04,Atlantic provinces,2016A00011,Units,300,thousands,3,v52300158,2,9.904,,,,3
2007-04,Newfoundland and Labrador,2016A000210,Units,300,thousands,3,v52300159,3,2.163,,,,3
2007-04,Prince Edward Island,2016A000211,Units,300,thousands,3,v52300160,4,0.771,,,,3
2007-04,Nova Scotia,2016A000212,Units,300,thousands,3,v52300161,5,2.91,,,,3
2007-04,New Brunswick,2016A000213,Units,300,thousands,3,v52300162,6,4.06,,,,3
2007-04,Quebec,2016A000224,Units,300,thousands,3,v52300163,7,50.704,,,,3
2007-04,Ontario,2016A000235,Units,300,thousands,3,v52300164,8,65.234,,,,3
2007-04,Prairie provinces,2016A00014,Units,300,thousands,3,v52300165,9,62.902,,,,3
2007-04,Manitoba,2016A000246,Units,300,thousands,3,v52300166,10,4.023,,,,3
2007-04,Saskatchewan,2016A000247,Units,300,thousands,3,v52300167,11,5.22,,,,3
2007-04,Alberta,2016A000248,Units,300,thousands,3,v52300168,12,53.659,,,,3
2007-04,British Columbia,2016A000259,Units,300,thousands,3,v52300169,13,37.383,,,,3
2007-05,Canada,2016A000011124,Units,300,thousands,3,v52300157,1,236.755,,,,3
2007-05,Atlantic provinces,2016A00011,Units,300,thousands,3,v52300158,2,12.051,,,,3
2007-05,Newfoundland and Labrador,2016A000210,Units,300,thousands,3,v52300159,3,2.187,,,,3
2007-05,Prince Edward Island,2016A000211,Units,300,thousands,3,v52300160,4,0.665,,,,3
2007-05,Nova Scotia,2016A000212,Units,300,thousands,3,v52300161,5,4.926,,,,3
2007-05,New Brunswick,2016A000213,Units,300,thousands,3,v52300162,6,4.273,,,,3
2007-05,Quebec,2016A000224,Units,300,thousands,3,v52300163,7,48.249,,,,3
2007-05,Ontario,2016A000235,Units,300,thousands,3,v52300164,8,74.207,,,,3
2007-05,Prairie provinces,2016A00014,Units,300,thousands,3,v52300165,9,63.441,,,,3
2007-05,Manitoba,2016A000246,Units,300,thousands,3,v52300166,10,7.611,,,,3
2007-05,Saskatchewan,2016A000247,Units,300,thousands,3,v52300167,11,6.407,,,,3
2007-05,Alberta,2016A000248,Units,300,thousands,3,v52300168,12,49.423,,,,3
2007-05,British Columbia,2016A000259,Units,300,thousands,3,v52300169,13,38.807,,,,3
2007-06,Canada,2016A000011124,Units,300,thousands,3,v52300157,1,228.934,,,,3
2007-06,Atlantic provinces,2016A00011,Units,300,thousands,3,v52300158,2,13.662,,,,3
2007-06,Newfoundland and Labrador,2016A000210,Units,300,thousands,3,v52300159,3,2.728,,,,3
2007-06,Prince Edward Island,2016A000211,Units,300,thousands,3,v52300160,4,0.952,,,,3
2007-06,Nova Scotia,2016A000212,Units,300,thousands,3,v52300161,5,5.48,,,,3
2007-06,New Brunswick,2016A000213,Units,300,thousands,3,v52300162,6,4.502,,,,3
2007-06,Quebec,2016A000224,Units,300,thousands,3,v52300163,7,54.533,,,,3
2007-06,Ontario,2016A000235,Units,300,thousands,3,v52300164,8,65.783,,,,3
2007-06,Prairie provinces,2016A00014,Units,300,thousands,3,v52300165,9,57.522,,,,3
2007-06,Manitoba,2016A000246,Units,300,thousands,3,v52300166,10,5.076,,,,3
2007-06,Saskatchewan,2016A000247,Units,300,thousands,3,v52300167,11,7.444,,,,3
2007-06,Alberta,2016A000248,Units,300,thousands,3,v52300168,12,45.002,,,,3
2007-06,British Columbia,2016A000259,Units,300,thousands,3,v52300169,13,37.434,,,,3
2007-07,Canada,2016A000011124,Units,300,thousands,3,v52300157,1,223.292,,,,3
2007-07,Atlantic provinces,2016A00011,Units,300,thousands,3,v52300158,2,12.523,,,,3
2007-07,Newfoundland and Labrador,2016A000210,Units,300,thousands,3,v52300159,3,2.708,,,,3
2007-07,Prince Edward Island,2016A000211,Units,300,thousands,3,v52300160,4,0.668,,,,3
2007-07,Nova Scotia,2016A000212,Units,300,thousands,3,v52300161,5,4.242,,,,3
2007-07,New Brunswick,2016A000213,Units,300,thousands,3,v52300162,6,4.905,,,,3
2007-07,Quebec,2016A000224,Units,300,thousands,3,v52300163,7,46.028,,,,3
2007-07,Ontario,2016A000235,Units,300,thousands,3,v52300164,8,73.555,,,,3
2007-07,Prairie provinces,2016A00014,Units,300,thousands,3,v52300165,9,55.445,,,,3
2007-07,Manitoba,2016A000246,Units,300,thousands,3,v52300166,10,5.182,,,,3
2007-07,Saskatchewan,2016A000247,Units,300,thousands,3,v52300167,11,7.776,,,,3
2007-07,Alberta,2016A000248,Units,300,thousands,3,v52300168,12,42.487,,,,3
2007-07,British Columbia,2016A000259,Units,300,thousands,3,v52300169,13,35.741,,,,3
2007-08,Canada,2016A000011124,Units,300,thousands,3,v52300157,1,231.607,,,,3
2007-08,Atlantic provinces,2016A00011,Units,300,thousands,3,v52300158,2,15.272,,,,3
2007-08,Newfoundland and Labrador,2016A000210,Units,300,thousands,3,v52300159,3,2.657,,,,3
2007-08,Prince Edward Island,2016A000211,Units,300,thousands,3,v52300160,4,0.742,,,,3
2007-08,Nova Scotia,2016A000212,Units,300,thousands,3,v52300161,5,6.698,,,,3
2007-08,New Brunswick,2016A000213,Units,300,thousands,3,v52300162,6,5.175,,,,3
2007-08,Quebec,2016A000224,Units,300,thousands,3,v52300163,7,49.913,,,,3
2007-08,Ontario,2016A000235,Units,300,thousands,3,v52300164,8,68.3,,,,3
2007-08,Prairie provinces,2016A00014,Units,300,thousands,3,v52300165,9,62.507,,,,3
2007-08,Manitoba,2016A000246,Units,300,thousands,3,v52300166,10,6.743,,,,3
2007-08,Saskatchewan,2016A000247,Units,300,thousands,3,v52300167,11,6.461,,,,3
2007-08,Alberta,2016A000248,Units,300,thousands,3,v52300168,12,49.303,,,,3
2007-08,British Columbia,2016A000259,Units,300,thousands,3,v52300169,13,35.615,,,,3
2007-09,Canada,2016A000011124,Units,300,thousands,3,v52300157,1,288.644,,,,3
2007-09,Atlantic provinces,2016A00011,Units,300,thousands,3,v52300158,2,14.511,,,,3
2007-09,Newfoundland and Labrador,2016A000210,Units,300,thousands,3,v52300159,3,2.925,,,,3
2007-09,Prince Edward Island,2016A000211,Units,300,thousands,3,v52300160,4,0.823,,,,3
2007-09,Nova Scotia,2016A000212,Units,300,thousands,3,v52300161,5,5.643,,,,3
2007-09,New Brunswick,2016A000213,Units,300,thousands,3,v52300162,6,5.12,,,,3
2007-09,Quebec,2016A000224,Units,300,thousands,3,v52300163,7,72.753,,,,3
2007-09,Ontario,2016A000235,Units,300,thousands,3,v52300164,8,82.511,,,,3
2007-09,Prairie provinces,2016A00014,Units,300,thousands,3,v52300165,9,72.767,,,,3
2007-09,Manitoba,2016A000246,Units,300,thousands,3,v52300166,10,5.943,,,,3
2007-09,Saskatchewan,2016A000247,Units,300,thousands,3,v52300167,11,6.9,,,,3
2007-09,Alberta,2016A000248,Units,300,thousands,3,v52300168,12,59.924,,,,3
2007-09,British Columbia,2016A000259,Units,300,thousands,3,v52300169,13,46.102,,,,3
2007-10,Canada,2016A000011124,Units,300,thousands,3,v52300157,1,233.336,,,,3
2007-10,Atlantic provinces,2016A00011,Units,300,thousands,3,v52300158,2,12.442,,,,3
2007-10,Newfoundland and Labrador,2016A000210,Units,300,thousands,3,v52300159,3,2.693,,,,3
2007-10,Prince Edward Island,2016A000211,Units,300,thousands,3,v52300160,4,0.596,,,,3
2007-10,Nova Scotia,2016A000212,Units,300,thousands,3,v52300161,5,5.256,,,,3
2007-10,New Brunswick,2016A000213,Units,300,thousands,3,v52300162,6,3.897,,,,3
2007-10,Quebec,2016A000224,Units,300,thousands,3,v52300163,7,43.954,,,,3
2007-10,Ontario,2016A000235,Units,300,thousands,3,v52300164,8,71.971,,,,3
2007-10,Prairie provinces,2016A00014,Units,300,thousands,3,v52300165,9,61.051,,,,3
2007-10,Manitoba,2016A000246,Units,300,thousands,3,v52300166,10,7.31,,,,3
2007-10,Saskatchewan,2016A000247,Units,300,thousands,3,v52300167,11,6.32,,,,3
2007-10,Alberta,2016A000248,Units,300,thousands,3,v52300168,12,47.421,,,,3
2007-10,British Columbia,2016A000259,Units,300,thousands,3,v52300169,13,43.918,,,,3
2007-11,Canada,2016A000011124,Units,300,thousands,3,v52300157,1,233.383,,,,3
2007-11,Atlantic provinces,2016A00011,Units,300,thousands,3,v52300158,2,13.129,,,,3
2007-11,Newfoundland and Labrador,2016A000210,Units,300,thousands,3,v52300159,3,3.473,,,,3
2007-11,Prince Edward Island,2016A000211,Units,300,thousands,3,v52300160,4,1.242,,,,3
2007-11,Nova Scotia,2016A000212,Units,300,thousands,3,v52300161,5,4.503,,,,3
2007-11,New Brunswick,2016A000213,Units,300,thousands,3,v52300162,6,3.911,,,,3
2007-11,Quebec,2016A000224,Units,300,thousands,3,v52300163,7,37.226,,,,3
2007-11,Ontario,2016A000235,Units,300,thousands,3,v52300164,8,78.523,,,,3
2007-11,Prairie provinces,2016A00014,Units,300,thousands,3,v52300165,9,53.783,,,,3
2007-11,Manitoba,2016A000246,Units,300,thousands,3,v52300166,10,5.293,,,,3
2007-11,Saskatchewan,2016A000247,Units,300,thousands,3,v52300167,11,5.827,,,,3
2007-11,Alberta,2016A000248,Units,300,thousands,3,v52300168,12,42.663,,,,3
2007-11,British Columbia,2016A000259,Units,300,thousands,3,v52300169,13,50.722,,,,3
2007-12,Canada,2016A000011124,Units,300,thousands,3,v52300157,1,175.368,,,,3
2007-12,Atlantic provinces,2016A00011,Units,300,thousands,3,v52300158,2,12.231,,,,3
2007-12,Newfoundland and Labrador,2016A000210,Units,300,thousands,3,v52300159,3,2.958,,,,3
2007-12,Prince Edward Island,2016A000211,Units,300,thousands,3,v52300160,4,0.525,,,,3
2007-12,Nova Scotia,2016A000212,Units,300,thousands,3,v52300161,5,4.342,,,,3
2007-12,New Brunswick,2016A000213,Units,300,thousands,3,v52300162,6,4.406,,,,3
2007-12,Quebec,2016A000224,Units,300,thousands,3,v52300163,7,37.369,,,,3
2007-12,Ontario,2016A000235,Units,300,thousands,3,v52300164,8,48.721,,,,3
2007-12,Prairie provinces,2016A00014,Units,300,thousands,3,v52300165,9,43.305,,,,3
2007-12,Manitoba,2016A000246,Units,300,thousands,3,v52300166,10,4.325,,,,3
2007-12,Saskatchewan,2016A000247,Units,300,thousands,3,v52300167,11,4.757,,,,3
2007-12,Alberta,2016A000248,Units,300,thousands,3,v52300168,12,34.223,,,,3
2007-12,British Columbia,2016A000259,Units,300,thousands,3,v52300169,13,33.742,,,,3
2008-01,Canada,2016A000011124,Units,300,thousands,3,v52300157,1,202.649,,,,3
2008-01,Atlantic provinces,2016A00011,Units,300,thousands,3,v52300158,2,11.033,,,,3
2008-01,Newfoundland and Labrador,2016A000210,Units,300,thousands,3,v52300159,3,2.199,,,,3
2008-01,Prince Edward Island,2016A000211,Units,300,thousands,3,v52300160,4,0.582,,,,3
2008-01,Nova Scotia,2016A000212,Units,300,thousands,3,v52300161,5,3.13,,,,3
2008-01,New Brunswick,2016A000213,Units,300,thousands,3,v52300162,6,5.122,,,,3
2008-01,Quebec,2016A000224,Units,300,thousands,3,v52300163,7,44.047,,,,3
2008-01,Ontario,2016A000235,Units,300,thousands,3,v52300164,8,65.401,,,,3
2008-01,Prairie provinces,2016A00014,Units,300,thousands,3,v52300165,9,48.49,,,,3
2008-01,Manitoba,2016A000246,Units,300,thousands,3,v52300166,10,5.85,,,,3
2008-01,Saskatchewan,2016A000247,Units,300,thousands,3,v52300167,11,6.543,,,,3
2008-01,Alberta,2016A000248,Units,300,thousands,3,v52300168,12,36.097,,,,3
2008-01,British Columbia,2016A000259,Units,300,thousands,3,v52300169,13,33.678,,,,3
2008-02,Canada,2016A000011124,Units,300,thousands,3,v52300157,1,234.342,,,,3
2008-02,Atlantic provinces,2016A00011,Units,300,thousands,3,v52300158,2,11.442,,,,3
2008-02,Newfoundland and Labrador,2016A000210,Units,300,thousands,3,v52300159,3,2.589,,,,3
2008-02,Prince Edward Island,2016A000211,Units,300,thousands,3,v52300160,4,0.589,,,,3
2008-02,Nova Scotia,2016A000212,Units,300,thousands,3,v52300161,5,3.447,,,,3
2008-02,New Brunswick,2016A000213,Units,300,thousands,3,v52300162,6,4.817,,,,3
2008-02,Quebec,2016A000224,Units,300,thousands,3,v52300163,7,59.108,,,,3
2008-02,Ontario,2016A000235,Units,300,thousands,3,v52300164,8,72.862,,,,3
2008-02,Prairie provinces,2016A00014,Units,300,thousands,3,v52300165,9,42.107,,,,3
2008-02,Manitoba,2016A000246,Units,300,thousands,3,v52300166,10,4.401,,,,3
2008-02,Saskatchewan,2016A000247,Units,300,thousands,3,v52300167,11,6.508,,,,3
2008-02,Alberta,2016A000248,Units,300,thousands,3,v52300168,12,31.198,,,,3
2008-02,British Columbia,2016A000259,Units,300,thousands,3,v52300169,13,48.823,,,,3
2008-03,Canada,2016A000011124,Units,300,thousands,3,v52300157,1,237.36,,,,3
2008-03,Atlantic provinces,2016A00011,Units,300,thousands,3,v52300158,2,13.869,,,,3
2008-03,Newfoundland and Labrador,2016A000210,Units,300,thousands,3,v52300159,3,2.992,,,,3
2008-03,Prince Edward Island,2016A000211,Units,300,thousands,3,v52300160,4,0.524,,,,3
2008-03,Nova Scotia,2016A000212,Units,300,thousands,3,v52300161,5,6.312,,,,3
2008-03,New Brunswick,2016A000213,Units,300,thousands,3,v52300162,6,4.041,,,,3
2008-03,Quebec,2016A000224,Units,300,thousands,3,v52300163,7,44.251,,,,3
2008-03,Ontario,2016A000235,Units,300,thousands,3,v52300164,8,78.834,,,,3
2008-03,Prairie provinces,2016A00014,Units,300,thousands,3,v52300165,9,68.219,,,,3
2008-03,Manitoba,2016A000246,Units,300,thousands,3,v52300166,10,4.161,,,,3
2008-03,Saskatchewan,2016A000247,Units,300,thousands,3,v52300167,11,7.683,,,,3
2008-03,Alberta,2016A000248,Units,300,thousands,3,v52300168,12,56.375,,,,3
2008-03,British Columbia,2016A000259,Units,300,thousands,3,v52300169,13,32.187,,,,3
2008-04,Canada,2016A000011124,Units,300,thousands,3,v52300157,1,223.303,,,,3
2008-04,Atlantic provinces,2016A00011,Units,300,thousands,3,v52300158,2,10.645,,,,3
2008-04,Newfoundland and Labrador,2016A000210,Units,300,thousands,3,v52300159,3,2.186,,,,3
2008-04,Prince Edward Island,2016A000211,Units,300,thousands,3,v52300160,4,0.917,,,,3
2008-04,Nova Scotia,2016A000212,Units,300,thousands,3,v52300161,5,3.98,,,,3
2008-04,New Brunswick,2016A000213,Units,300,thousands,3,v52300162,6,3.562,,,,3
2008-04,Quebec,2016A000224,Units,300,thousands,3,v52300163,7,46.256,,,,3
2008-04,Ontario,2016A000235,Units,300,thousands,3,v52300164,8,82.79,,,,3
2008-04,Prairie provinces,2016A00014,Units,300,thousands,3,v52300165,9,42.957,,,,3
2008-04,Manitoba,2016A000246,Units,300,thousands,3,v52300166,10,5.394,,,,3
2008-04,Saskatchewan,2016A000247,Units,300,thousands,3,v52300167,11,5.559,,,,3
2008-04,Alberta,2016A000248,Units,300,thousands,3,v52300168,12,32.004,,,,3
2008-04,British Columbia,2016A000259,Units,300,thousands,3,v52300169,13,40.655,,,,3
2008-05,Canada,2016A000011124,Units,300,thousands,3,v52300157,1,229.034,,,,3
2008-05,Atlantic provinces,2016A00011,Units,300,thousands,3,v52300158,2,13.633,,,,3
2008-05,Newfoundland and Labrador,2016A000210,Units,300,thousands,3,v52300159,3,3.512,,,,3
2008-05,Prince Edward Island,2016A000211,Units,300,thousands,3,v52300160,4,0.917,,,,3
2008-05,Nova Scotia,2016A000212,Units,300,thousands,3,v52300161,5,3.651,,,,3
2008-05,New Brunswick,2016A000213,Units,300,thousands,3,v52300162,6,5.553,,,,3
2008-05,Quebec,2016A000224,Units,300,thousands,3,v52300163,7,51.873,,,,3
2008-05,Ontario,2016A000235,Units,300,thousands,3,v52300164,8,72.919,,,,3
2008-05,Prairie provinces,2016A00014,Units,300,thousands,3,v52300165,9,50.511,,,,3
2008-05,Manitoba,2016A000246,Units,300,thousands,3,v52300166,10,7.296,,,,3
2008-05,Saskatchewan,2016A000247,Units,300,thousands,3,v52300167,11,7.826,,,,3
2008-05,Alberta,2016A000248,Units,300,thousands,3,v52300168,12,35.389,,,,3
2008-05,British Columbia,2016A000259,Units,300,thousands,3,v52300169,13,40.098,,,,3
2008-06,Canada,2016A000011124,Units,300,thousands,3,v52300157,1,223.885,,,,3
2008-06,Atlantic provinces,2016A00011,Units,300,thousands,3,v52300158,2,13.144,,,,3
2008-06,Newfoundland and Labrador,2016A000210,Units,300,thousands,3,v52300159,3,3.005,,,,3
2008-06,Prince Edward Island,2016A000211,Units,300,thousands,3,v52300160,4,0.815,,,,3
2008-06,Nova Scotia,2016A000212,Units,300,thousands,3,v52300161,5,4.161,,,,3
2008-06,New Brunswick,2016A000213,Units,300,thousands,3,v52300162,6,5.163,,,,3
2008-06,Quebec,2016A000224,Units,300,thousands,3,v52300163,7,46.902,,,,3
2008-06,Ontario,2016A000235,Units,300,thousands,3,v52300164,8,92.277,,,,3
2008-06,Prairie provinces,2016A00014,Units,300,thousands,3,v52300165,9,37.456,,,,3
2008-06,Manitoba,2016A000246,Units,300,thousands,3,v52300166,10,5.162,,,,3
2008-06,Saskatchewan,2016A000247,Units,300,thousands,3,v52300167,11,9.97,,,,3
2008-06,Alberta,2016A000248,Units,300,thousands,3,v52300168,12,22.324,,,,3
2008-06,British Columbia,2016A000259,Units,300,thousands,3,v52300169,13,34.106,,,,3
2008-07,Canada,2016A000011124,Units,300,thousands,3,v52300157,1,194.766,,,,3
2008-07,Atlantic provinces,2016A00011,Units,300,thousands,3,v52300158,2,14.021,,,,3
2008-07,Newfoundland and Labrador,2016A000210,Units,300,thousands,3,v52300159,3,3.109,,,,3
2008-07,Prince Edward Island,2016A000211,Units,300,thousands,3,v52300160,4,0.702,,,,3
2008-07,Nova Scotia,2016A000212,Units,300,thousands,3,v52300161,5,5.403,,,,3
2008-07,New Brunswick,2016A000213,Units,300,thousands,3,v52300162,6,4.807,,,,3
2008-07,Quebec,2016A000224,Units,300,thousands,3,v52300163,7,45.685,,,,3
2008-07,Ontario,2016A000235,Units,300,thousands,3,v52300164,8,56.461,,,,3
2008-07,Prairie provinces,2016A00014,Units,300,thousands,3,v52300165,9,42.07,,,,3
2008-07,Manitoba,2016A000246,Units,300,thousands,3,v52300166,10,5.17,,,,3
2008-07,Saskatchewan,2016A000247,Units,300,thousands,3,v52300167,11,8.876,,,,3
2008-07,Alberta,2016A000248,Units,300,thousands,3,v52300168,12,28.024,,,,3
2008-07,British Columbia,2016A000259,Units,300,thousands,3,v52300169,13,36.529,,,,3
2008-08,Canada,2016A000011124,Units,300,thousands,3,v52300157,1,219.132,,,,3
2008-08,Atlantic provinces,2016A00011,Units,300,thousands,3,v52300158,2,11.744,,,,3
2008-08,Newfoundland and Labrador,2016A000210,Units,300,thousands,3,v52300159,3,4.031,,,,3
2008-08,Prince Edward Island,2016A000211,Units,300,thousands,3,v52300160,4,0.816,,,,3
2008-08,Nova Scotia,2016A000212,Units,300,thousands,3,v52300161,5,3.325,,,,3
2008-08,New Brunswick,2016A000213,Units,300,thousands,3,v52300162,6,3.572,,,,3
2008-08,Quebec,2016A000224,Units,300,thousands,3,v52300163,7,48.212,,,,3
2008-08,Ontario,2016A000235,Units,300,thousands,3,v52300164,8,93.681,,,,3
2008-08,Prairie provinces,2016A00014,Units,300,thousands,3,v52300165,9,33.967,,,,3
2008-08,Manitoba,2016A000246,Units,300,thousands,3,v52300166,10,5.47,,,,3
2008-08,Saskatchewan,2016A000247,Units,300,thousands,3,v52300167,11,5.788,,,,3
2008-08,Alberta,2016A000248,Units,300,thousands,3,v52300168,12,22.709,,,,3
2008-08,British Columbia,2016A000259,Units,300,thousands,3,v52300169,13,31.528,,,,3
2008-09,Canada,2016A000011124,Units,300,thousands,3,v52300157,1,229.421,,,,3
2008-09,Atlantic provinces,2016A00011,Units,300,thousands,3,v52300158,2,13.882,,,,3
2008-09,Newfoundland and Labrador,2016A000210,Units,300,thousands,3,v52300159,3,3.605,,,,3
2008-09,Prince Edward Island,2016A000211,Units,300,thousands,3,v52300160,4,0.531,,,,3
2008-09,Nova Scotia,2016A000212,Units,300,thousands,3,v52300161,5,4.715,,,,3
2008-09,New Brunswick,2016A000213,Units,300,thousands,3,v52300162,6,5.031,,,,3
2008-09,Quebec,2016A000224,Units,300,thousands,3,v52300163,7,49.932,,,,3
2008-09,Ontario,2016A000235,Units,300,thousands,3,v52300164,8,87.929,,,,3
2008-09,Prairie provinces,2016A00014,Units,300,thousands,3,v52300165,9,38.025,,,,3
2008-09,Manitoba,2016A000246,Units,300,thousands,3,v52300166,10,5.62,,,,3
2008-09,Saskatchewan,2016A000247,Units,300,thousands,3,v52300167,11,7.733,,,,3
2008-09,Alberta,2016A000248,Units,300,thousands,3,v52300168,12,24.672,,,,3
2008-09,British Columbia,2016A000259,Units,300,thousands,3,v52300169,13,39.653,,,,3
2008-10,Canada,2016A000011124,Units,300,thousands,3,v52300157,1,219.776,,,,3
2008-10,Atlantic provinces,2016A00011,Units,300,thousands,3,v52300158,2,13.297,,,,3
2008-10,Newfoundland and Labrador,2016A000210,Units,300,thousands,3,v52300159,3,3.583,,,,3
2008-10,Prince Edward Island,2016A000211,Units,300,thousands,3,v52300160,4,0.643,,,,3
2008-10,Nova Scotia,2016A000212,Units,300,thousands,3,v52300161,5,3.919,,,,3
2008-10,New Brunswick,2016A000213,Units,300,thousands,3,v52300162,6,5.152,,,,3
2008-10,Quebec,2016A000224,Units,300,thousands,3,v52300163,7,50.118,,,,3
2008-10,Ontario,2016A000235,Units,300,thousands,3,v52300164,8,89.085,,,,3
2008-10,Prairie provinces,2016A00014,Units,300,thousands,3,v52300165,9,36.05,,,,3
2008-10,Manitoba,2016A000246,Units,300,thousands,3,v52300166,10,6.149,,,,3
2008-10,Saskatchewan,2016A000247,Units,300,thousands,3,v52300167,11,5.0,,,,3
2008-10,Alberta,2016A000248,Units,300,thousands,3,v52300168,12,24.901,,,,3
2008-10,British Columbia,2016A000259,Units,300,thousands,3,v52300169,13,31.226,,,,3
2008-11,Canada,2016A000011124,Units,300,thousands,3,v52300157,1,169.588,,,,3
2008-11,Atlantic provinces,2016A00011,Units,300,thousands,3,v52300158,2,11.252,,,,3
2008-11,Newfoundland and Labrador,2016A000210,Units,300,thousands,3,v52300159,3,3.262,,,,3
2008-11,Prince Edward Island,2016A000211,Units,300,thousands,3,v52300160,4,0.796,,,,3
2008-11,Nova Scotia,2016A000212,Units,300,thousands,3,v52300161,5,3.449,,,,3
2008-11,New Brunswick,2016A000213,Units,300,thousands,3,v52300162,6,3.745,,,,3
2008-11,Quebec,2016A000224,Units,300,thousands,3,v52300163,7,49.298,,,,3
2008-11,Ontario,2016A000235,Units,300,thousands,3,v52300164,8,56.675,,,,3
2008-11,Prairie provinces,2016A00014,Units,300,thousands,3,v52300165,9,31.877,,,,3
2008-11,Manitoba,2016A000246,Units,300,thousands,3,v52300166,10,5.367,,,,3
2008-11,Saskatchewan,2016A000247,Units,300,thousands,3,v52300167,11,6.718,,,,3
2008-11,Alberta,2016A000248,Units,300,thousands,3,v52300168,12,19.792,,,,3
2008-11,British Columbia,2016A000259,Units,300,thousands,3,v52300169,13,20.486,,,,3
2008-12,Canada,2016A000011124,Units,300,thousands,3,v52300157,1,150.305,,,,3
2008-12,Atlantic provinces,2016A00011,Units,300,thousands,3,v52300158,2,9.997,,,,3
2008-12,Newfoundland and Labrador,2016A000210,Units,300,thousands,3,v52300159,3,3.8,,,,3
2008-12,Prince Edward Island,2016A000211,Units,300,thousands,3,v52300160,4,0.721,,,,3
2008-12,Nova Scotia,2016A000212,Units,300,thousands,3,v52300161,5,2.763,,,,3
2008-12,New Brunswick,2016A000213,Units,300,thousands,3,v52300162,6,2.713,,,,3
2008-12,Quebec,2016A000224,Units,300,thousands,3,v52300163,7,37.405,,,,3
2008-12,Ontario,2016A000235,Units,300,thousands,3,v52300164,8,53.501,,,,3
2008-12,Prairie provinces,2016A00014,Units,300,thousands,3,v52300165,9,27.611,,,,3
2008-12,Manitoba,2016A000246,Units,300,thousands,3,v52300166,10,5.603,,,,3
2008-12,Saskatchewan,2016A000247,Units,300,thousands,3,v52300167,11,4.312,,,,3
2008-12,Alberta,2016A000248,Units,300,thousands,3,v52300168,12,17.696,,,,3
2008-12,British Columbia,2016A000259,Units,300,thousands,3,v52300169,13,21.791,,,,3
2009-01,Canada,2016A000011124,Units,300,thousands,3,v52300157,1,132.314,,,,3
2009-01,Atlantic provinces,2016A00011,Units,300,thousands,3,v52300158,2,10.2,,,,3
2009-01,Newfoundland and Labrador,2016A000210,Units,300,thousands,3,v52300159,3,3.9,,,,3
2009-01,Prince Edward Island,2016A000211,Units,300,thousands,3,v52300160,4,0.436,,,,3
2009-01,Nova Scotia,2016A000212,Units,300,thousands,3,v52300161,5,2.454,,,,3
2009-01,New Brunswick,2016A000213,Units,300,thousands,3,v52300162,6,3.41,,,,3
2009-01,Quebec,2016A000224,Units,300,thousands,3,v52300163,7,42.467,,,,3
2009-01,Ontario,2016A000235,Units,300,thousands,3,v52300164,8,43.62,,,,3
2009-01,Prairie provinces,2016A00014,Units,300,thousands,3,v52300165,9,21.632,,,,3
2009-01,Manitoba,2016A000246,Units,300,thousands,3,v52300166,10,3.335,,,,3
2009-01,Saskatchewan,2016A000247,Units,300,thousands,3,v52300167,11,1.783,,,,3
2009-01,Alberta,2016A000248,Units,300,thousands,3,v52300168,12,16.514,,,,3
2009-01,British Columbia,2016A000259,Units,300,thousands,3,v52300169,13,14.395,,,,3
2009-02,Canada,2016A000011124,Units,300,thousands,3,v52300157,1,115.722,,,,3
2009-02,Atlantic provinces,2016A00011,Units,300,thousands,3,v52300158,2,8.857,,,,3
2009-02,Newfoundland and Labrador,2016A000210,Units,300,thousands,3,v52300159,3,2.616,,,,3
2009-02,Prince Edward Island,2016A000211,Units,300,thousands,3,v52300160,4,0.413,,,,3
2009-02,Nova Scotia,2016A000212,Units,300,thousands,3,v52300161,5,2.879,,,,3
2009-02,New Brunswick,2016A000213,Units,300,thousands,3,v52300162,6,2.949,,,,3
2009-02,Quebec,2016A000224,Units,300,thousands,3,v52300163,7,38.415,,,,3
2009-02,Ontario,2016A000235,Units,300,thousands,3,v52300164,8,37.324,,,,3
2009-02,Prairie provinces,2016A00014,Units,300,thousands,3,v52300165,9,17.498,,,,3
2009-02,Manitoba,2016A000246,Units,300,thousands,3,v52300166,10,3.208,,,,3
2009-02,Saskatchewan,2016A000247,Units,300,thousands,3,v52300167,11,2.125,,,,3
2009-02,Alberta,2016A000248,Units,300,thousands,3,v52300168,12,12.165,,,,3
2009-02,British Columbia,2016A000259,Units,300,thousands,3,v52300169,13,13.628,,,,3
2009-03,Canada,2016A000011124,Units,300,thousands,3,v52300157,1,141.138,,,,3
2009-03,Atlantic provinces,2016A00011,Units,300,thousands,3,v52300158,2,8.913,,,,3
2009-03,Newfoundland and Labrador,2016A000210,Units,300,thousands,3,v52300159,3,2.719,,,,3
2009-03,Prince Edward Island,2016A000211,Units,300,thousands,3,v52300160,4,0.317,,,,3
2009-03,Nova Scotia,2016A000212,Units,300,thousands,3,v52300161,5,2.821,,,,3
2009-03,New Brunswick,2016A000213,Units,300,thousands,3,v52300162,6,3.056,,,,3
2009-03,Quebec,2016A000224,Units,300,thousands,3,v52300163,7,43.524,,,,3
2009-03,Ontario,2016A000235,Units,300,thousands,3,v52300164,8,59.424,,,,3
2009-03,Prairie provinces,2016A00014,Units,300,thousands,3,v52300165,9,17.462,,,,3
2009-03,Manitoba,2016A000246,Units,300,thousands,3,v52300166,10,3.197,,,,3
2009-03,Saskatchewan,2016A000247,Units,300,thousands,3,v52300167,11,1.998,,,,3
2009-03,Alberta,2016A000248,Units,300,thousands,3,v52300168,12,12.267,,,,3
2009-03,British Columbia,2016A000259,Units,300,thousands,3,v52300169,13,11.815,,,,3
2009-04,Canada,2016A000011124,Units,300,thousands,3,v52300157,1,111.781,,,,3
2009-04,Atlantic provinces,2016A00011,Units,300,thousands,3,v52300158,2,8.174,,,,3
2009-04,Newfoundland and Labrador,2016A000210,Units,300,thousands,3,v52300159,3,2.474,,,,3
2009-04,Prince Edward Island,2016A000211,Units,300,thousands,3,v52300160,4,0.47,,,,3
2009-04,Nova Scotia,2016A000212,Units,300,thousands,3,v52300161,5,2.153,,,,3
2009-04,New Brunswick,2016A000213,Units,300,thousands,3,v52300162,6,3.077,,,,3
2009-04,Quebec,2016A000224,Units,300,thousands,3,v52300163,7,37.093,,,,3
2009-04,Ontario,2016A000235,Units,300,thousands,3,v52300164,8,36.481,,,,3
2009-04,Prairie provinces,2016A00014,Units,300,thousands,3,v52300165,9,17.933,,,,3
2009-04,Manitoba,2016A000246,Units,300,thousands,3,v52300166,10,3.387,,,,3
2009-04,Saskatchewan,2016A000247,Units,300,thousands,3,v52300167,11,1.885,,,,3
2009-04,Alberta,2016A000248,Units,300,thousands,3,v52300168,12,12.661,,,,3
2009-04,British Columbia,2016A000259,Units,300,thousands,3,v52300169,13,12.1,,,,3
2009-05,Canada,2016A000011124,Units,300,thousands,3,v52300157,1,127.857,,,,3
2009-05,Atlantic provinces,2016A00011,Units,300,thousands,3,v52300158,2,11.148,,,,3
2009-05,Newfoundland and Labrador,2016A000210,Units,300,thousands,3,v52300159,3,2.876,,,,3
2009-05,Prince Edward Island,2016A000211,Units,300,thousands,3,v52300160,4,0.968,,,,3
2009-05,Nova Scotia,2016A000212,Units,300,thousands,3,v52300161,5,3.104,,,,3
2009-05,New Brunswick,2016A000213,Units,300,thousands,3,v52300162,6,4.2,,,,3
2009-05,Quebec,2016A000224,Units,300,thousands,3,v52300163,7,41.613,,,,3
2009-05,Ontario,2016A000235,Units,300,thousands,3,v52300164,8,42.83,,,,3
2009-05,Prairie provinces,2016A00014,Units,300,thousands,3,v52300165,9,20.775,,,,3
2009-05,Manitoba,2016A000246,Units,300,thousands,3,v52300166,10,3.701,,,,3
2009-05,Saskatchewan,2016A000247,Units,300,thousands,3,v52300167,11,2.862,,,,3
2009-05,Alberta,2016A000248,Units,300,thousands,3,v52300168,12,14.212,,,,3
2009-05,British Columbia,2016A000259,Units,300,thousands,3,v52300169,13,11.491,,,,3
2009-06,Canada,2016A000011124,Units,300,thousands,3,v52300157,1,142.729,,,,3
2009-06,Atlantic provinces,2016A00011,Units,300,thousands,3,v52300158,2,10.518,,,,3
2009-06,Newfoundland and Labrador,2016A000210,Units,300,thousands,3,v52300159,3,2.779,,,,3
2009-06,Prince Edward Island,2016A000211,Units,300,thousands,3,v52300160,4,1.362,,,,3
2009-06,Nova Scotia,2016A000212,Units,300,thousands,3,v52300161,5,2.789,,,,3
2009-06,New Brunswick,2016A000213,Units,300,thousands,3,v52300162,6,3.588,,,,3
2009-06,Quebec,2016A000224,Units,300,thousands,3,v52300163,7,37.845,,,,3
2009-06,Ontario,2016A000235,Units,300,thousands,3,v52300164,8,50.28,,,,3
2009-06,Prairie provinces,2016A00014,Units,300,thousands,3,v52300165,9,30.258,,,,3
2009-06,Manitoba,2016A000246,Units,300,thousands,3,v52300166,10,4.761,,,,3
2009-06,Saskatchewan,2016A000247,Units,300,thousands,3,v52300167,11,5.143,,,,3
2009-06,Alberta,2016A000248,Units,300,thousands,3,v52300168,12,20.354,,,,3
2009-06,British Columbia,2016A000259,Units,300,thousands,3,v52300169,13,13.828,,,,3
2009-07,Canada,2016A000011124,Units,300,thousands,3,v52300157,1,137.567,,,,3
2009-07,Atlantic provinces,2016A00011,Units,300,thousands,3,v52300158,2,11.594,,,,3
2009-07,Newfoundland and Labrador,2016A000210,Units,300,thousands,3,v52300159,3,3.358,,,,3
2009-07,Prince Edward Island,2016A000211,Units,300,thousands,3,v52300160,4,0.703,,,,3
2009-07,Nova Scotia,2016A000212,Units,300,thousands,3,v52300161,5,3.464,,,,3
2009-07,New Brunswick,2016A000213,Units,300,thousands,3,v52300162,6,4.069,,,,3
2009-07,Quebec,2016A000224,Units,300,thousands,3,v52300163,7,43.632,,,,3
2009-07,Ontario,2016A000235,Units,300,thousands,3,v52300164,8,41.606,,,,3
2009-07,Prairie provinces,2016A00014,Units,300,thousands,3,v52300165,9,27.361,,,,3
2009-07,Manitoba,2016A000246,Units,300,thousands,3,v52300166,10,4.254,,,,3
2009-07,Saskatchewan,2016A000247,Units,300,thousands,3,v52300167,11,3.499,,,,3
2009-07,Alberta,2016A000248,Units,300,thousands,3,v52300168,12,19.608,,,,3
2009-07,British Columbia,2016A000259,Units,300,thousands,3,v52300169,13,13.374,,,,3
2009-08,Canada,2016A000011124,Units,300,thousands,3,v52300157,1,165.384,,,,3
2009-08,Atlantic provinces,2016A00011,Units,300,thousands,3,v52300158,2,12.068,,,,3
2009-08,Newfoundland and Labrador,2016A000210,Units,300,thousands,3,v52300159,3,2.74,,,,3
2009-08,Prince Edward Island,2016A000211,Units,300,thousands,3,v52300160,4,1.141,,,,3
2009-08,Nova Scotia,2016A000212,Units,300,thousands,3,v52300161,5,4.593,,,,3
2009-08,New Brunswick,2016A000213,Units,300,thousands,3,v52300162,6,3.594,,,,3
2009-08,Quebec,2016A000224,Units,300,thousands,3,v52300163,7,54.034,,,,3
2009-08,Ontario,2016A000235,Units,300,thousands,3,v52300164,8,48.622,,,,3
2009-08,Prairie provinces,2016A00014,Units,300,thousands,3,v52300165,9,32.05,,,,3
2009-08,Manitoba,2016A000246,Units,300,thousands,3,v52300166,10,5.718,,,,3
2009-08,Saskatchewan,2016A000247,Units,300,thousands,3,v52300167,11,5.495,,,,3
2009-08,Alberta,2016A000248,Units,300,thousands,3,v52300168,12,20.837,,,,3
2009-08,British Columbia,2016A000259,Units,300,thousands,3,v52300169,13,18.61,,,,3
2009-09,Canada,2016A000011124,Units,300,thousands,3,v52300157,1,166.608,,,,3
2009-09,Atlantic provinces,2016A00011,Units,300,thousands,3,v52300158,2,13.174,,,,3
2009-09,Newfoundland and Labrador,2016A000210,Units,300,thousands,3,v52300159,3,2.867,,,,3
2009-09,Prince Edward Island,2016A000211,Units,300,thousands,3,v52300160,4,1.007,,,,3
2009-09,Nova Scotia,2016A000212,Units,300,thousands,3,v52300161,5,5.837,,,,3
2009-09,New Brunswick,2016A000213,Units,300,thousands,3,v52300162,6,3.463,,,,3
2009-09,Quebec,2016A000224,Units,300,thousands,3,v52300163,7,43.929,,,,3
2009-09,Ontario,2016A000235,Units,300,thousands,3,v52300164,8,57.833,,,,3
2009-09,Prairie provinces,2016A00014,Units,300,thousands,3,v52300165,9,33.567,,,,3
2009-09,Manitoba,2016A000246,Units,300,thousands,3,v52300166,10,4.683,,,,3
2009-09,Saskatchewan,2016A000247,Units,300,thousands,3,v52300167,11,4.011,,,,3
2009-09,Alberta,2016A000248,Units,300,thousands,3,v52300168,12,24.873,,,,3
2009-09,British Columbia,2016A000259,Units,300,thousands,3,v52300169,13,18.105,,,,3
2009-10,Canada,2016A000011124,Units,300,thousands,3,v52300157,1,187.728,,,,3
2009-10,Atlantic provinces,2016A00011,Units,300,thousands,3,v52300158,2,12.742,,,,3
2009-10,Newfoundland and Labrador,2016A000210,Units,300,thousands,3,v52300159,3,3.122,,,,3
2009-10,Prince Edward Island,2016A000211,Units,300,thousands,3,v52300160,4,1.392,,,,3
2009-10,Nova Scotia,2016A000212,Units,300,thousands,3,v52300161,5,4.485,,,,3
2009-10,New Brunswick,2016A000213,Units,300,thousands,3,v52300162,6,3.743,,,,3
2009-10,Quebec,2016A000224,Units,300,thousands,3,v52300163,7,43.19,,,,3
2009-10,Ontario,2016A000235,Units,300,thousands,3,v52300164,8,72.492,,,,3
2009-10,Prairie provinces,2016A00014,Units,300,thousands,3,v52300165,9,38.44,,,,3
2009-10,Manitoba,2016A000246,Units,300,thousands,3,v52300166,10,4.915,,,,3
2009-10,Saskatchewan,2016A000247,Units,300,thousands,3,v52300167,11,4.285,,,,3
2009-10,Alberta,2016A000248,Units,300,thousands,3,v52300168,12,29.24,,,,3
2009-10,British Columbia,2016A000259,Units,300,thousands,3,v52300169,13,20.864,,,,3
2009-11,Canada,2016A000011124,Units,300,thousands,3,v52300157,1,173.636,,,,3
2009-11,Atlantic provinces,2016A00011,Units,300,thousands,3,v52300158,2,10.747,,,,3
2009-11,Newfoundland and Labrador,2016A000210,Units,300,thousands,3,v52300159,3,3.437,,,,3
2009-11,Prince Edward Island,2016A000211,Units,300,thousands,3,v52300160,4,1.044,,,,3
2009-11,Nova Scotia,2016A000212,Units,300,thousands,3,v52300161,5,2.642,,,,3
2009-11,New Brunswick,2016A000213,Units,300,thousands,3,v52300162,6,3.624,,,,3
2009-11,Quebec,2016A000224,Units,300,thousands,3,v52300163,7,46.469,,,,3
2009-11,Ontario,2016A000235,Units,300,thousands,3,v52300164,8,53.894,,,,3
2009-11,Prairie provinces,2016A00014,Units,300,thousands,3,v52300165,9,41.874,,,,3
2009-11,Manitoba,2016A000246,Units,300,thousands,3,v52300166,10,4.321,,,,3
2009-11,Saskatchewan,2016A000247,Units,300,thousands,3,v52300167,11,7.882,,,,3
2009-11,Alberta,2016A000248,Units,300,thousands,3,v52300168,12,29.671,,,,3
2009-11,British Columbia,2016A000259,Units,300,thousands,3,v52300169,13,20.652,,,,3
2009-12,Canada,2016A000011124,Units,300,thousands,3,v52300157,1,173.152,,,,3
2009-12,Atlantic provinces,2016A00011,Units,300,thousands,3,v52300158,2,11.502,,,,3
2009-12,Newfoundland and Labrador,2016A000210,Units,300,thousands,3,v52300159,3,3.911,,,,3
2009-12,Prince Edward Island,2016A000211,Units,300,thousands,3,v52300160,4,1.046,,,,3
2009-12,Nova Scotia,2016A000212,Units,300,thousands,3,v52300161,5,3.186,,,,3
2009-12,New Brunswick,2016A000213,Units,300,thousands,3,v52300162,6,3.359,,,,3
2009-12,Quebec,2016A000224,Units,300,thousands,3,v52300163,7,50.333,,,,3
2009-12,Ontario,2016A000235,Units,300,thousands,3,v52300164,8,53.125,,,,3
2009-12,Prairie provinces,2016A00014,Units,300,thousands,3,v52300165,9,35.373,,,,3
2009-12,Manitoba,2016A000246,Units,300,thousands,3,v52300166,10,3.493,,,,3
2009-12,Saskatchewan,2016A000247,Units,300,thousands,3,v52300167,11,4.022,,,,3
2009-12,Alberta,2016A000248,Units,300,thousands,3,v52300168,12,27.858,,,,3
2009-12,British Columbia,2016A000259,Units,300,thousands,3,v52300169,13,22.819,,,,3
2010-01,Canada,2016A000011124,Units,300,thousands,3,v52300157,1,191.133,,,,3
2010-01,Atlantic provinces,2016A00011,Units,300,thousands,3,v52300158,2,14.051,,,,3
2010-01,Newfoundland and Labrador,2016A000210,Units,300,thousands,3,v52300159,3,5.32,,,,3
2010-01,Prince Edward Island,2016A000211,Units,300,thousands,3,v52300160,4,0.563,,,,3
2010-01,Nova Scotia,2016A000212,Units,300,thousands,3,v52300161,5,2.83,,,,3
2010-01,New Brunswick,2016A000213,Units,300,thousands,3,v52300162,6,5.338,,,,3
2010-01,Quebec,2016A000224,Units,300,thousands,3,v52300163,7,57.569,,,,3
2010-01,Ontario,2016A000235,Units,300,thousands,3,v52300164,8,54.779,,,,3
2010-01,Prairie provinces,2016A00014,Units,300,thousands,3,v52300165,9,37.407,,,,3
2010-01,Manitoba,2016A000246,Units,300,thousands,3,v52300166,10,5.346,,,,3
2010-01,Saskatchewan,2016A000247,Units,300,thousands,3,v52300167,11,6.228,,,,3
2010-01,Alberta,2016A000248,Units,300,thousands,3,v52300168,12,25.833,,,,3
2010-01,British Columbia,2016A000259,Units,300,thousands,3,v52300169,13,27.327,,,,3
2010-02,Canada,2016A000011124,Units,300,thousands,3,v52300157,1,202.734,,,,3
2010-02,Atlantic provinces,2016A00011,Units,300,thousands,3,v52300158,2,15.379,,,,3
2010-02,Newfoundland and Labrador,2016A000210,Units,300,thousands,3,v52300159,3,5.306,,,,3
2010-02,Prince Edward Island,2016A000211,Units,300,thousands,3,v52300160,4,0.212,,,,3
2010-02,Nova Scotia,2016A000212,Units,300,thousands,3,v52300161,5,6.699,,,,3
2010-02,New Brunswick,2016A000213,Units,300,thousands,3,v52300162,6,3.162,,,,3
2010-02,Quebec,2016A000224,Units,300,thousands,3,v52300163,7,48.622,,,,3
2010-02,Ontario,2016A000235,Units,300,thousands,3,v52300164,8,70.139,,,,3
2010-02,Prairie provinces,2016A00014,Units,300,thousands,3,v52300165,9,38.468,,,,3
2010-02,Manitoba,2016A000246,Units,300,thousands,3,v52300166,10,5.681,,,,3
2010-02,Saskatchewan,2016A000247,Units,300,thousands,3,v52300167,11,4.722,,,,3
2010-02,Alberta,2016A000248,Units,300,thousands,3,v52300168,12,28.065,,,,3
2010-02,British Columbia,2016A000259,Units,300,thousands,3,v52300169,13,30.126,,,,3
2010-03,Canada,2016A000011124,Units,300,thousands,3,v52300157,1,196.249,,,,3
2010-03,Atlantic provinces,2016A00011,Units,300,thousands,3,v52300158,2,14.546,,,,3
2010-03,Newfoundland and Labrador,2016A000210,Units,300,thousands,3,v52300159,3,5.773,,,,3
2010-03,Prince Edward Island,2016A000211,Units,300,thousands,3,v52300160,4,0.333,,,,3
2010-03,Nova Scotia,2016A000212,Units,300,thousands,3,v52300161,5,3.611,,,,3
2010-03,New Brunswick,2016A000213,Units,300,thousands,3,v52300162,6,4.829,,,,3
2010-03,Quebec,2016A000224,Units,300,thousands,3,v52300163,7,54.848,,,,3
2010-03,Ontario,2016A000235,Units,300,thousands,3,v52300164,8,58.95,,,,3
2010-03,Prairie provinces,2016A00014,Units,300,thousands,3,v52300165,9,41.959,,,,3
2010-03,Manitoba,2016A000246,Units,300,thousands,3,v52300166,10,4.212,,,,3
2010-03,Saskatchewan,2016A000247,Units,300,thousands,3,v52300167,11,3.91,,,,3
2010-03,Alberta,2016A000248,Units,300,thousands,3,v52300168,12,33.837,,,,3
2010-03,British Columbia,2016A000259,Units,300,thousands,3,v52300169,13,25.946,,,,3
2010-04,Canada,2016A000011124,Units,300,thousands,3,v52300157,1,206.946,,,,3
2010-04,Atlantic provinces,2016A00011,Units,300,thousands,3,v52300158,2,12.466,,,,3
2010-04,Newfoundland and Labrador,2016A000210,Units,300,thousands,3,v52300159,3,3.845,,,,3
2010-04,Prince Edward Island,2016A000211,Units,300,thousands,3,v52300160,4,0.546,,,,3
2010-04,Nova Scotia,2016A000212,Units,300,thousands,3,v52300161,5,4.685,,,,3
2010-04,New Brunswick,2016A000213,Units,300,thousands,3,v52300162,6,3.39,,,,3
2010-04,Quebec,2016A000224,Units,300,thousands,3,v52300163,7,53.872,,,,3
2010-04,Ontario,2016A000235,Units,300,thousands,3,v52300164,8,67.712,,,,3
2010-04,Prairie provinces,2016A00014,Units,300,thousands,3,v52300165,9,44.679,,,,3
2010-04,Manitoba,2016A000246,Units,300,thousands,3,v52300166,10,4.845,,,,3
2010-04,Saskatchewan,2016A000247,Units,300,thousands,3,v52300167,11,4.632,,,,3
2010-04,Alberta,2016A000248,Units,300,thousands,3,v52300168,12,35.202,,,,3
2010-04,British Columbia,2016A000259,Units,300,thousands,3,v52300169,13,28.217,,,,3
2010-05,Canada,2016A000011124,Units,300,thousands,3,v52300157,1,200.366,,,,3
2010-05,Atlantic provinces,2016A00011,Units,300,thousands,3,v52300158,2,15.789,,,,3
2010-05,Newfoundland and Labrador,2016A000210,Units,300,thousands,3,v52300159,3,4.251,,,,3
2010-05,Prince Edward Island,2016A000211,Units,300,thousands,3,v52300160,4,1.439,,,,3
2010-05,Nova Scotia,2016A000212,Units,300,thousands,3,v52300161,5,5.731,,,,3
2010-05,New Brunswick,2016A000213,Units,300,thousands,3,v52300162,6,4.368,,,,3
2010-05,Quebec,2016A000224,Units,300,thousands,3,v52300163,7,51.324,,,,3
2010-05,Ontario,2016A000235,Units,300,thousands,3,v52300164,8,69.299,,,,3
2010-05,Prairie provinces,2016A00014,Units,300,thousands,3,v52300165,9,38.696,,,,3
2010-05,Manitoba,2016A000246,Units,300,thousands,3,v52300166,10,4.902,,,,3
2010-05,Saskatchewan,2016A000247,Units,300,thousands,3,v52300167,11,4.34,,,,3
2010-05,Alberta,2016A000248,Units,300,thousands,3,v52300168,12,29.454,,,,3
2010-05,British Columbia,2016A000259,Units,300,thousands,3,v52300169,13,25.258,,,,3
2010-06,Canada,2016A000011124,Units,300,thousands,3,v52300157,1,191.104,,,,3
2010-06,Atlantic provinces,2016A00011,Units,300,thousands,3,v52300158,2,12.927,,,,3
2010-06,Newfoundland and Labrador,2016A000210,Units,300,thousands,3,v52300159,3,4.148,,,,3
2010-06,Prince Edward Island,2016A000211,Units,300,thousands,3,v52300160,4,1.125,,,,3
2010-06,Nova Scotia,2016A000212,Units,300,thousands,3,v52300161,5,3.249,,,,3
2010-06,New Brunswick,2016A000213,Units,300,thousands,3,v52300162,6,4.405,,,,3
2010-06,Quebec,2016A000224,Units,300,thousands,3,v52300163,7,55.001,,,,3
2010-06,Ontario,2016A000235,Units,300,thousands,3,v52300164,8,56.243,,,,3
2010-06,Prairie provinces,2016A00014,Units,300,thousands,3,v52300165,9,40.32,,,,3
2010-06,Manitoba,2016A000246,Units,300,thousands,3,v52300166,10,7.847,,,,3
2010-06,Saskatchewan,2016A000247,Units,300,thousands,3,v52300167,11,5.571,,,,3
2010-06,Alberta,2016A000248,Units,300,thousands,3,v52300168,12,26.902,,,,3
2010-06,British Columbia,2016A000259,Units,300,thousands,3,v52300169,13,26.613,,,,3
2010-07,Canada,2016A000011124,Units,300,thousands,3,v52300157,1,196.099,,,,3
2010-07,Atlantic provinces,2016A00011,Units,300,thousands,3,v52300158,2,17.551,,,,3
2010-07,Newfoundland and Labrador,2016A000210,Units,300,thousands,3,v52300159,3,3.383,,,,3
2010-07,Prince Edward Island,2016A000211,Units,300,thousands,3,v52300160,4,0.717,,,,3
2010-07,Nova Scotia,2016A000212,Units,300,thousands,3,v52300161,5,7.012,,,,3
2010-07,New Brunswick,2016A000213,Units,300,thousands,3,v52300162,6,6.439,,,,3
2010-07,Quebec,2016A000224,Units,300,thousands,3,v52300163,7,53.884,,,,3
2010-07,Ontario,2016A000235,Units,300,thousands,3,v52300164,8,56.468,,,,3
2010-07,Prairie provinces,2016A00014,Units,300,thousands,3,v52300165,9,45.37,,,,3
2010-07,Manitoba,2016A000246,Units,300,thousands,3,v52300166,10,10.446,,,,3
2010-07,Saskatchewan,2016A000247,Units,300,thousands,3,v52300167,11,5.665,,,,3
2010-07,Alberta,2016A000248,Units,300,thousands,3,v52300168,12,29.259,,,,3
2010-07,British Columbia,2016A000259,Units,300,thousands,3,v52300169,13,22.826,,,,3
2010-08,Canada,2016A000011124,Units,300,thousands,3,v52300157,1,192.432,,,,3
2010-08,Atlantic provinces,2016A00011,Units,300,thousands,3,v52300158,2,12.906,,,,3
2010-08,Newfoundland and Labrador,2016A000210,Units,300,thousands,3,v52300159,3,3.508,,,,3
2010-08,Prince Edward Island,2016A000211,Units,300,thousands,3,v52300160,4,0.972,,,,3
2010-08,Nova Scotia,2016A000212,Units,300,thousands,3,v52300161,5,3.249,,,,3
2010-08,New Brunswick,2016A000213,Units,300,thousands,3,v52300162,6,5.177,,,,3
2010-08,Quebec,2016A000224,Units,300,thousands,3,v52300163,7,50.265,,,,3
2010-08,Ontario,2016A000235,Units,300,thousands,3,v52300164,8,64.636,,,,3
2010-08,Prairie provinces,2016A00014,Units,300,thousands,3,v52300165,9,37.019,,,,3
2010-08,Manitoba,2016A000246,Units,300,thousands,3,v52300166,10,5.836,,,,3
2010-08,Saskatchewan,2016A000247,Units,300,thousands,3,v52300167,11,7.764,,,,3
2010-08,Alberta,2016A000248,Units,300,thousands,3,v52300168,12,23.419,,,,3
2010-08,British Columbia,2016A000259,Units,300,thousands,3,v52300169,13,27.606,,,,3
2010-09,Canada,2016A000011124,Units,300,thousands,3,v52300157,1,186.677,,,,3
2010-09,Atlantic provinces,2016A00011,Units,300,thousands,3,v52300158,2,10.614,,,,3
2010-09,Newfoundland and Labrador,2016A000210,Units,300,thousands,3,v52300159,3,3.22,,,,3
2010-09,Prince Edward Island,2016A000211,Units,300,thousands,3,v52300160,4,0.542,,,,3
2010-09,Nova Scotia,2016A000212,Units,300,thousands,3,v52300161,5,4.28,,,,3
2010-09,New Brunswick,2016A000213,Units,300,thousands,3,v52300162,6,2.572,,,,3
2010-09,Quebec,2016A000224,Units,300,thousands,3,v52300163,7,49.42,,,,3
2010-09,Ontario,2016A000235,Units,300,thousands,3,v52300164,8,60.448,,,,3
2010-09,Prairie provinces,2016A00014,Units,300,thousands,3,v52300165,9,37.255,,,,3
2010-09,Manitoba,2016A000246,Units,300,thousands,3,v52300166,10,4.263,,,,3
2010-09,Saskatchewan,2016A000247,Units,300,thousands,3,v52300167,11,5.515,,,,3
2010-09,Alberta,2016A000248,Units,300,thousands,3,v52300168,12,27.477,,,,3
2010-09,British Columbia,2016A000259,Units,300,thousands,3,v52300169,13,28.94,,,,3
2010-10,Canada,2016A000011124,Units,300,thousands,3,v52300157,1,174.102,,,,3
2010-10,Atlantic provinces,2016A00011,Units,300,thousands,3,v52300158,2,14.786,,,,3
2010-10,Newfoundland and Labrador,2016A000210,Units,300,thousands,3,v52300159,3,3.377,,,,3
2010-10,Prince Edward Island,2016A000211,Units,300,thousands,3,v52300160,4,0.332,,,,3
2010-10,Nova Scotia,2016A000212,Units,300,thousands,3,v52300161,5,5.246,,,,3
2010-10,New Brunswick,2016A000213,Units,300,thousands,3,v52300162,6,5.831,,,,3
2010-10,Quebec,2016A000224,Units,300,thousands,3,v52300163,7,51.101,,,,3
2010-10,Ontario,2016A000235,Units,300,thousands,3,v52300164,8,46.748,,,,3
2010-10,Prairie provinces,2016A00014,Units,300,thousands,3,v52300165,9,35.512,,,,3
2010-10,Manitoba,2016A000246,Units,300,thousands,3,v52300166,10,4.135,,,,3
2010-10,Saskatchewan,2016A000247,Units,300,thousands,3,v52300167,11,5.293,,,,3
2010-10,Alberta,2016A000248,Units,300,thousands,3,v52300168,12,26.084,,,,3
2010-10,British Columbia,2016A000259,Units,300,thousands,3,v52300169,13,25.955,,,,3
2010-11,Canada,2016A000011124,Units,300,thousands,3,v52300157,1,194.104,,,,3
2010-11,Atlantic provinces,2016A00011,Units,300,thousands,3,v52300158,2,11.35,,,,3
2010-11,Newfoundland and Labrador,2016A000210,Units,300,thousands,3,v52300159,3,2.98,,,,3
2010-11,Prince Edward Island,2016A000211,Units,300,thousands,3,v52300160,4,0.922,,,,3
2010-11,Nova Scotia,2016A000212,Units,300,thousands,3,v52300161,5,3.619,,,,3
2010-11,New Brunswick,2016A000213,Units,300,thousands,3,v52300162,6,3.829,,,,3
2010-11,Quebec,2016A000224,Units,300,thousands,3,v52300163,7,42.614,,,,3
2010-11,Ontario,2016A000235,Units,300,thousands,3,v52300164,8,81.488,,,,3
2010-11,Prairie provinces,2016A00014,Units,300,thousands,3,v52300165,9,37.352,,,,3
2010-11,Manitoba,2016A000246,Units,300,thousands,3,v52300166,10,5.432,,,,3
2010-11,Saskatchewan,2016A000247,Units,300,thousands,3,v52300167,11,9.951,,,,3
2010-11,Alberta,2016A000248,Units,300,thousands,3,v52300168,12,21.969,,,,3
2010-11,British Columbia,2016A000259,Units,300,thousands,3,v52300169,13,21.3,,,,3
2010-12,Canada,2016A000011124,Units,300,thousands,3,v52300157,1,166.823,,,,3
2010-12,Atlantic provinces,2016A00011,Units,300,thousands,3,v52300158,2,10.273,,,,3
2010-12,Newfoundland and Labrador,2016A000210,Units,300,thousands,3,v52300159,3,3.226,,,,3
2010-12,Prince Edward Island,2016A000211,Units,300,thousands,3,v52300160,4,1.169,,,,3
2010-12,Nova Scotia,2016A000212,Units,300,thousands,3,v52300161,5,2.796,,,,3
2010-12,New Brunswick,2016A000213,Units,300,thousands,3,v52300162,6,3.082,,,,3
2010-12,Quebec,2016A000224,Units,300,thousands,3,v52300163,7,45.946,,,,3
2010-12,Ontario,2016A000235,Units,300,thousands,3,v52300164,8,45.477,,,,3
2010-12,Prairie provinces,2016A00014,Units,300,thousands,3,v52300165,9,35.681,,,,3
2010-12,Manitoba,2016A000246,Units,300,thousands,3,v52300166,10,6.751,,,,3
2010-12,Saskatchewan,2016A000247,Units,300,thousands,3,v52300167,11,7.886,,,,3
2010-12,Alberta,2016A000248,Units,300,thousands,3,v52300168,12,21.044,,,,3
2010-12,British Columbia,2016A000259,Units,300,thousands,3,v52300169,13,29.446,,,,3
2011-01,Canada,2016A000011124,Units,300,thousands,3,v52300157,1,170.157,,,,3
2011-01,Atlantic provinces,2016A00011,Units,300,thousands,3,v52300158,2,12.299,,,,3
2011-01,Newfoundland and Labrador,2016A000210,Units,300,thousands,3,v52300159,3,4.351,,,,3
2011-01,Prince Edward Island,2016A000211,Units,300,thousands,3,v52300160,4,1.025,,,,3
2011-01,Nova Scotia,2016A000212,Units,300,thousands,3,v52300161,5,4.878,,,,3
2011-01,New Brunswick,2016A000213,Units,300,thousands,3,v52300162,6,2.045,,,,3
2011-01,Quebec,2016A000224,Units,300,thousands,3,v52300163,7,51.449,,,,3
2011-01,Ontario,2016A000235,Units,300,thousands,3,v52300164,8,50.752,,,,3
2011-01,Prairie provinces,2016A00014,Units,300,thousands,3,v52300165,9,29.046,,,,3
2011-01,Manitoba,2016A000246,Units,300,thousands,3,v52300166,10,3.808,,,,3
2011-01,Saskatchewan,2016A000247,Units,300,thousands,3,v52300167,11,5.434,,,,3
2011-01,Alberta,2016A000248,Units,300,thousands,3,v52300168,12,19.804,,,,3
2011-01,British Columbia,2016A000259,Units,300,thousands,3,v52300169,13,26.611,,,,3
2011-02,Canada,2016A000011124,Units,300,thousands,3,v52300157,1,179.438,,,,3
2011-02,Atlantic provinces,2016A00011,Units,300,thousands,3,v52300158,2,9.115,,,,3
2011-02,Newfoundland and Labrador,2016A000210,Units,300,thousands,3,v52300159,3,3.424,,,,3
2011-02,Prince Edward Island,2016A000211,Units,300,thousands,3,v52300160,4,0.567,,,,3
2011-02,Nova Scotia,2016A000212,Units,300,thousands,3,v52300161,5,4.024,,,,3
2011-02,New Brunswick,2016A000213,Units,300,thousands,3,v52300162,6,1.1,,,,3
2011-02,Quebec,2016A000224,Units,300,thousands,3,v52300163,7,43.515,,,,3
2011-02,Ontario,2016A000235,Units,300,thousands,3,v52300164,8,66.029,,,,3
2011-02,Prairie provinces,2016A00014,Units,300,thousands,3,v52300165,9,35.214,,,,3
2011-02,Manitoba,2016A000246,Units,300,thousands,3,v52300166,10,5.214,,,,3
2011-02,Saskatchewan,2016A000247,Units,300,thousands,3,v52300167,11,8.283,,,,3
2011-02,Alberta,2016A000248,Units,300,thousands,3,v52300168,12,21.717,,,,3
2011-02,British Columbia,2016A000259,Units,300,thousands,3,v52300169,13,25.565,,,,3
2011-03,Canada,2016A000011124,Units,300,thousands,3,v52300157,1,185.08,,,,3
2011-03,Atlantic provinces,2016A00011,Units,300,thousands,3,v52300158,2,9.957,,,,3
2011-03,Newfoundland and Labrador,2016A000210,Units,300,thousands,3,v52300159,3,4.389,,,,3
2011-03,Prince Edward Island,2016A000211,Units,300,thousands,3,v52300160,4,0.551,,,,3
2011-03,Nova Scotia,2016A000212,Units,300,thousands,3,v52300161,5,3.572,,,,3
2011-03,New Brunswick,2016A000213,Units,300,thousands,3,v52300162,6,1.445,,,,3
2011-03,Quebec,2016A000224,Units,300,thousands,3,v52300163,7,51.134,,,,3
2011-03,Ontario,2016A000235,Units,300,thousands,3,v52300164,8,73.787,,,,3
2011-03,Prairie provinces,2016A00014,Units,300,thousands,3,v52300165,9,29.738,,,,3
2011-03,Manitoba,2016A000246,Units,300,thousands,3,v52300166,10,4.32,,,,3
2011-03,Saskatchewan,2016A000247,Units,300,thousands,3,v52300167,11,4.895,,,,3
2011-03,Alberta,2016A000248,Units,300,thousands,3,v52300168,12,20.523,,,,3
2011-03,British Columbia,2016A000259,Units,300,thousands,3,v52300169,13,20.464,,,,3
2011-04,Canada,2016A000011124,Units,300,thousands,3,v52300157,1,187.901,,,,3
2011-04,Atlantic provinces,2016A00011,Units,300,thousands,3,v52300158,2,10.659,,,,3
2011-04,Newfoundland and Labrador,2016A000210,Units,300,thousands,3,v52300159,3,2.42,,,,3
2011-04,Prince Edward Island,2016A000211,Units,300,thousands,3,v52300160,4,0.715,,,,3
2011-04,Nova Scotia,2016A000212,Units,300,thousands,3,v52300161,5,4.566,,,,3
2011-04,New Brunswick,2016A000213,Units,300,thousands,3,v52300162,6,2.958,,,,3
2011-04,Quebec,2016A000224,Units,300,thousands,3,v52300163,7,42.181,,,,3
2011-04,Ontario,2016A000235,Units,300,thousands,3,v52300164,8,77.554,,,,3
2011-04,Prairie provinces,2016A00014,Units,300,thousands,3,v52300165,9,32.904,,,,3
2011-04,Manitoba,2016A000246,Units,300,thousands,3,v52300166,10,5.622,,,,3
2011-04,Saskatchewan,2016A000247,Units,300,thousands,3,v52300167,11,6.682,,,,3
2011-04,Alberta,2016A000248,Units,300,thousands,3,v52300168,12,20.6,,,,3
2011-04,British Columbia,2016A000259,Units,300,thousands,3,v52300169,13,24.603,,,,3
2011-05,Canada,2016A000011124,Units,300,thousands,3,v52300157,1,192.62,,,,3
2011-05,Atlantic provinces,2016A00011,Units,300,thousands,3,v52300158,2,11.997,,,,3
2011-05,Newfoundland and Labrador,2016A000210,Units,300,thousands,3,v52300159,3,3.441,,,,3
2011-05,Prince Edward Island,2016A000211,Units,300,thousands,3,v52300160,4,0.885,,,,3
2011-05,Nova Scotia,2016A000212,Units,300,thousands,3,v52300161,5,4.847,,,,3
2011-05,New Brunswick,2016A000213,Units,300,thousands,3,v52300162,6,2.824,,,,3
2011-05,Quebec,2016A000224,Units,300,thousands,3,v52300163,7,53.006,,,,3
2011-05,Ontario,2016A000235,Units,300,thousands,3,v52300164,8,58.62,,,,3
2011-05,Prairie provinces,2016A00014,Units,300,thousands,3,v52300165,9,37.806,,,,3
2011-05,Manitoba,2016A000246,Units,300,thousands,3,v52300166,10,6.584,,,,3
2011-05,Saskatchewan,2016A000247,Units,300,thousands,3,v52300167,11,5.484,,,,3
2011-05,Alberta,2016A000248,Units,300,thousands,3,v52300168,12,25.738,,,,3
2011-05,British Columbia,2016A000259,Units,300,thousands,3,v52300169,13,31.191,,,,3
2011-06,Canada,2016A000011124,Units,300,thousands,3,v52300157,1,196.358,,,,3
2011-06,Atlantic provinces,2016A00011,Units,300,thousands,3,v52300158,2,12.376,,,,3
2011-06,Newfoundland and Labrador,2016A000210,Units,300,thousands,3,v52300159,3,4.25,,,,3
2011-06,Prince Edward Island,2016A000211,Units,300,thousands,3,v52300160,4,0.771,,,,3
2011-06,Nova Scotia,2016A000212,Units,300,thousands,3,v52300161,5,3.681,,,,3
2011-06,New Brunswick,2016A000213,Units,300,thousands,3,v52300162,6,3.674,,,,3
2011-06,Quebec,2016A000224,Units,300,thousands,3,v52300163,7,48.781,,,,3
2011-06,Ontario,2016A000235,Units,300,thousands,3,v52300164,8,75.255,,,,3
2011-06,Prairie provinces,2016A00014,Units,300,thousands,3,v52300165,9,36.962,,,,3
2011-06,Manitoba,2016A000246,Units,300,thousands,3,v52300166,10,5.976,,,,3
2011-06,Saskatchewan,2016A000247,Units,300,thousands,3,v52300167,11,7.546,,,,3
2011-06,Alberta,2016A000248,Units,300,thousands,3,v52300168,12,23.44,,,,3
2011-06,British Columbia,2016A000259,Units,300,thousands,3,v52300169,13,22.984,,,,3
2011-07,Canada,2016A000011124,Units,300,thousands,3,v52300157,1,209.943,,,,3
2011-07,Atlantic provinces,2016A00011,Units,300,thousands,3,v52300158,2,17.299,,,,3
2011-07,Newfoundland and Labrador,2016A000210,Units,300,thousands,3,v52300159,3,3.88,,,,3
2011-07,Prince Edward Island,2016A000211,Units,300,thousands,3,v52300160,4,1.191,,,,3
2011-07,Nova Scotia,2016A000212,Units,300,thousands,3,v52300161,5,5.905,,,,3
2011-07,New Brunswick,2016A000213,Units,300,thousands,3,v52300162,6,6.323,,,,3
2011-07,Quebec,2016A000224,Units,300,thousands,3,v52300163,7,45.395,,,,3
2011-07,Ontario,2016A000235,Units,300,thousands,3,v52300164,8,76.621,,,,3
2011-07,Prairie provinces,2016A00014,Units,300,thousands,3,v52300165,9,41.161,,,,3
2011-07,Manitoba,2016A000246,Units,300,thousands,3,v52300166,10,9.016,,,,3
2011-07,Saskatchewan,2016A000247,Units,300,thousands,3,v52300167,11,6.851,,,,3
2011-07,Alberta,2016A000248,Units,300,thousands,3,v52300168,12,25.294,,,,3
2011-07,British Columbia,2016A000259,Units,300,thousands,3,v52300169,13,29.467,,,,3
2011-08,Canada,2016A000011124,Units,300,thousands,3,v52300157,1,191.82,,,,3
2011-08,Atlantic provinces,2016A00011,Units,300,thousands,3,v52300158,2,10.974,,,,3
2011-08,Newfoundland and Labrador,2016A000210,Units,300,thousands,3,v52300159,3,3.102,,,,3
2011-08,Prince Edward Island,2016A000211,Units,300,thousands,3,v52300160,4,0.961,,,,3
2011-08,Nova Scotia,2016A000212,Units,300,thousands,3,v52300161,5,4.048,,,,3
2011-08,New Brunswick,2016A000213,Units,300,thousands,3,v52300162,6,2.863,,,,3
2011-08,Quebec,2016A000224,Units,300,thousands,3,v52300163,7,44.35,,,,3
2011-08,Ontario,2016A000235,Units,300,thousands,3,v52300164,8,66.846,,,,3
2011-08,Prairie provinces,2016A00014,Units,300,thousands,3,v52300165,9,44.417,,,,3
2011-08,Manitoba,2016A000246,Units,300,thousands,3,v52300166,10,5.759,,,,3
2011-08,Saskatchewan,2016A000247,Units,300,thousands,3,v52300167,11,7.316,,,,3
2011-08,Alberta,2016A000248,Units,300,thousands,3,v52300168,12,31.342,,,,3
2011-08,British Columbia,2016A000259,Units,300,thousands,3,v52300169,13,25.233,,,,3
2011-09,Canada,2016A000011124,Units,300,thousands,3,v52300157,1,209.371,,,,3
2011-09,Atlantic provinces,2016A00011,Units,300,thousands,3,v52300158,2,16.096,,,,3
2011-09,Newfoundland and Labrador,2016A000210,Units,300,thousands,3,v52300159,3,3.559,,,,3
2011-09,Prince Edward Island,2016A000211,Units,300,thousands,3,v52300160,4,1.308,,,,3
2011-09,Nova Scotia,2016A000212,Units,300,thousands,3,v52300161,5,6.182,,,,3
2011-09,New Brunswick,2016A000213,Units,300,thousands,3,v52300162,6,5.047,,,,3
2011-09,Quebec,2016A000224,Units,300,thousands,3,v52300163,7,57.933,,,,3
2011-09,Ontario,2016A000235,Units,300,thousands,3,v52300164,8,66.99,,,,3
2011-09,Prairie provinces,2016A00014,Units,300,thousands,3,v52300165,9,38.854,,,,3
2011-09,Manitoba,2016A000246,Units,300,thousands,3,v52300166,10,4.686,,,,3
2011-09,Saskatchewan,2016A000247,Units,300,thousands,3,v52300167,11,8.724,,,,3
2011-09,Alberta,2016A000248,Units,300,thousands,3,v52300168,12,25.444,,,,3
2011-09,British Columbia,2016A000259,Units,300,thousands,3,v52300169,13,29.498,,,,3
2011-10,Canada,2016A000011124,Units,300,thousands,3,v52300157,1,212.64,,,,3
2011-10,Atlantic provinces,2016A00011,Units,300,thousands,3,v52300158,2,10.93,,,,3
2011-10,Newfoundland and Labrador,2016A000210,Units,300,thousands,3,v52300159,3,3.211,,,,3
2011-10,Prince Edward Island,2016A000211,Units,300,thousands,3,v52300160,4,1.108,,,,3
2011-10,Nova Scotia,2016A000212,Units,300,thousands,3,v52300161,5,3.018,,,,3
2011-10,New Brunswick,2016A000213,Units,300,thousands,3,v52300162,6,3.593,,,,3
2011-10,Quebec,2016A000224,Units,300,thousands,3,v52300163,7,46.196,,,,3
2011-10,Ontario,2016A000235,Units,300,thousands,3,v52300164,8,75.322,,,,3
2011-10,Prairie provinces,2016A00014,Units,300,thousands,3,v52300165,9,50.751,,,,3
2011-10,Manitoba,2016A000246,Units,300,thousands,3,v52300166,10,8.622,,,,3
2011-10,Saskatchewan,2016A000247,Units,300,thousands,3,v52300167,11,8.714,,,,3
2011-10,Alberta,2016A000248,Units,300,thousands,3,v52300168,12,33.415,,,,3
2011-10,British Columbia,2016A000259,Units,300,thousands,3,v52300169,13,29.441,,,,3
2011-11,Canada,2016A000011124,Units,300,thousands,3,v52300157,1,185.13,,,,3
2011-11,Atlantic provinces,2016A00011,Units,300,thousands,3,v52300158,2,11.618,,,,3
2011-11,Newfoundland and Labrador,2016A000210,Units,300,thousands,3,v52300159,3,3.853,,,,3
2011-11,Prince Edward Island,2016A000211,Units,300,thousands,3,v52300160,4,1.466,,,,3
2011-11,Nova Scotia,2016A000212,Units,300,thousands,3,v52300161,5,2.802,,,,3
2011-11,New Brunswick,2016A000213,Units,300,thousands,3,v52300162,6,3.497,,,,3
2011-11,Quebec,2016A000224,Units,300,thousands,3,v52300163,7,45.538,,,,3
2011-11,Ontario,2016A000235,Units,300,thousands,3,v52300164,8,54.47,,,,3
2011-11,Prairie provinces,2016A00014,Units,300,thousands,3,v52300165,9,45.3,,,,3
2011-11,Manitoba,2016A000246,Units,300,thousands,3,v52300166,10,7.729,,,,3
2011-11,Saskatchewan,2016A000247,Units,300,thousands,3,v52300167,11,7.375,,,,3
2011-11,Alberta,2016A000248,Units,300,thousands,3,v52300168,12,30.196,,,,3
2011-11,British Columbia,2016A000259,Units,300,thousands,3,v52300169,13,28.204,,,,3
2011-12,Canada,2016A000011124,Units,300,thousands,3,v52300157,1,200.189,,,,3
2011-12,Atlantic provinces,2016A00011,Units,300,thousands,3,v52300158,2,16.109,,,,3
2011-12,Newfoundland and Labrador,2016A000210,Units,300,thousands,3,v52300159,3,2.988,,,,3
2011-12,Prince Edward Island,2016A000211,Units,300,thousands,3,v52300160,4,0.851,,,,3
2011-12,Nova Scotia,2016A000212,Units,300,thousands,3,v52300161,5,8.437,,,,3
2011-12,New Brunswick,2016A000213,Units,300,thousands,3,v52300162,6,3.833,,,,3
2011-12,Quebec,2016A000224,Units,300,thousands,3,v52300163,7,49.706,,,,3
2011-12,Ontario,2016A000235,Units,300,thousands,3,v52300164,8,71.371,,,,3
2011-12,Prairie provinces,2016A00014,Units,300,thousands,3,v52300165,9,40.507,,,,3
2011-12,Manitoba,2016A000246,Units,300,thousands,3,v52300166,10,4.962,,,,3
2011-12,Saskatchewan,2016A000247,Units,300,thousands,3,v52300167,11,6.54,,,,3
2011-12,Alberta,2016A000248,Units,300,thousands,3,v52300168,12,29.005,,,,3
2011-12,British Columbia,2016A000259,Units,300,thousands,3,v52300169,13,22.496,,,,3
2012-01,Canada,2016A000011124,Units,300,thousands,3,v52300157,1,203.029,,,,3
2012-01,Atlantic provinces,2016A00011,Units,300,thousands,3,v52300158,2,12.205,,,,3
2012-01,Newfoundland and Labrador,2016A000210,Units,300,thousands,3,v52300159,3,5.706,,,,3
2012-01,Prince Edward Island,2016A000211,Units,300,thousands,3,v52300160,4,0.44,,,,3
2012-01,Nova Scotia,2016A000212,Units,300,thousands,3,v52300161,5,3.055,,,,3
2012-01,New Brunswick,2016A000213,Units,300,thousands,3,v52300162,6,3.004,,,,3
2012-01,Quebec,2016A000224,Units,300,thousands,3,v52300163,7,38.597,,,,3
2012-01,Ontario,2016A000235,Units,300,thousands,3,v52300164,8,80.795,,,,3
2012-01,Prairie provinces,2016A00014,Units,300,thousands,3,v52300165,9,43.047,,,,3
2012-01,Manitoba,2016A000246,Units,300,thousands,3,v52300166,10,8.254,,,,3
2012-01,Saskatchewan,2016A000247,Units,300,thousands,3,v52300167,11,8.698,,,,3
2012-01,Alberta,2016A000248,Units,300,thousands,3,v52300168,12,26.095,,,,3
2012-01,British Columbia,2016A000259,Units,300,thousands,3,v52300169,13,28.385,,,,3
2012-02,Canada,2016A000011124,Units,300,thousands,3,v52300157,1,207.023,,,,3
2012-02,Atlantic provinces,2016A00011,Units,300,thousands,3,v52300158,2,9.53,,,,3
2012-02,Newfoundland and Labrador,2016A000210,Units,300,thousands,3,v52300159,3,3.094,,,,3
2012-02,Prince Edward Island,2016A000211,Units,300,thousands,3,v52300160,4,0.562,,,,3
2012-02,Nova Scotia,2016A000212,Units,300,thousands,3,v52300161,5,4.234,,,,3
2012-02,New Brunswick,2016A000213,Units,300,thousands,3,v52300162,6,1.64,,,,3
2012-02,Quebec,2016A000224,Units,300,thousands,3,v52300163,7,48.887,,,,3
2012-02,Ontario,2016A000235,Units,300,thousands,3,v52300164,8,71.066,,,,3
2012-02,Prairie provinces,2016A00014,Units,300,thousands,3,v52300165,9,46.886,,,,3
2012-02,Manitoba,2016A000246,Units,300,thousands,3,v52300166,10,5.662,,,,3
2012-02,Saskatchewan,2016A000247,Units,300,thousands,3,v52300167,11,9.836,,,,3
2012-02,Alberta,2016A000248,Units,300,thousands,3,v52300168,12,31.388,,,,3
2012-02,British Columbia,2016A000259,Units,300,thousands,3,v52300169,13,30.654,,,,3
2012-03,Canada,2016A000011124,Units,300,thousands,3,v52300157,1,213.861,,,,3
2012-03,Atlantic provinces,2016A00011,Units,300,thousands,3,v52300158,2,10.313,,,,3
2012-03,Newfoundland and Labrador,2016A000210,Units,300,thousands,3,v52300159,3,3.41,,,,3
2012-03,Prince Edward Island,2016A000211,Units,300,thousands,3,v52300160,4,0.382,,,,3
2012-03,Nova Scotia,2016A000212,Units,300,thousands,3,v52300161,5,4.211,,,,3
2012-03,New Brunswick,2016A000213,Units,300,thousands,3,v52300162,6,2.31,,,,3
2012-03,Quebec,2016A000224,Units,300,thousands,3,v52300163,7,43.439,,,,3
2012-03,Ontario,2016A000235,Units,300,thousands,3,v52300164,8,87.498,,,,3
2012-03,Prairie provinces,2016A00014,Units,300,thousands,3,v52300165,9,49.506,,,,3
2012-03,Manitoba,2016A000246,Units,300,thousands,3,v52300166,10,6.556,,,,3
2012-03,Saskatchewan,2016A000247,Units,300,thousands,3,v52300167,11,7.972,,,,3
2012-03,Alberta,2016A000248,Units,300,thousands,3,v52300168,12,34.978,,,,3
2012-03,British Columbia,2016A000259,Units,300,thousands,3,v52300169,13,23.105,,,,3
2012-04,Canada,2016A000011124,Units,300,thousands,3,v52300157,1,253.254,,,,3
2012-04,Atlantic provinces,2016A00011,Units,300,thousands,3,v52300158,2,12.662,,,,3
2012-04,Newfoundland and Labrador,2016A000210,Units,300,thousands,3,v52300159,3,5.06,,,,3
2012-04,Prince Edward Island,2016A000211,Units,300,thousands,3,v52300160,4,1.212,,,,3
2012-04,Nova Scotia,2016A000212,Units,300,thousands,3,v52300161,5,3.339,,,,3
2012-04,New Brunswick,2016A000213,Units,300,thousands,3,v52300162,6,3.051,,,,3
2012-04,Quebec,2016A000224,Units,300,thousands,3,v52300163,7,61.514,,,,3
2012-04,Ontario,2016A000235,Units,300,thousands,3,v52300164,8,99.376,,,,3
2012-04,Prairie provinces,2016A00014,Units,300,thousands,3,v52300165,9,55.379,,,,3
2012-04,Manitoba,2016A000246,Units,300,thousands,3,v52300166,10,5.691,,,,3
2012-04,Saskatchewan,2016A000247,Units,300,thousands,3,v52300167,11,11.009,,,,3
2012-04,Alberta,2016A000248,Units,300,thousands,3,v52300168,12,38.679,,,,3
2012-04,British Columbia,2016A000259,Units,300,thousands,3,v52300169,13,24.323,,,,3
2012-05,Canada,2016A000011124,Units,300,thousands,3,v52300157,1,212.996,,,,3
2012-05,Atlantic provinces,2016A00011,Units,300,thousands,3,v52300158,2,12.978,,,,3
2012-05,Newfoundland and Labrador,2016A000210,Units,300,thousands,3,v52300159,3,3.827,,,,3
2012-05,Prince Edward Island,2016A000211,Units,300,thousands,3,v52300160,4,0.723,,,,3
2012-05,Nova Scotia,2016A000212,Units,300,thousands,3,v52300161,5,4.313,,,,3
2012-05,New Brunswick,2016A000213,Units,300,thousands,3,v52300162,6,4.115,,,,3
2012-05,Quebec,2016A000224,Units,300,thousands,3,v52300163,7,42.672,,,,3
2012-05,Ontario,2016A000235,Units,300,thousands,3,v52300164,8,76.071,,,,3
2012-05,Prairie provinces,2016A00014,Units,300,thousands,3,v52300165,9,52.978,,,,3
2012-05,Manitoba,2016A000246,Units,300,thousands,3,v52300166,10,12.42,,,,3
2012-05,Saskatchewan,2016A000247,Units,300,thousands,3,v52300167,11,6.787,,,,3
2012-05,Alberta,2016A000248,Units,300,thousands,3,v52300168,12,33.771,,,,3
2012-05,British Columbia,2016A000259,Units,300,thousands,3,v52300169,13,28.297,,,,3
2012-06,Canada,2016A000011124,Units,300,thousands,3,v52300157,1,221.459,,,,3
2012-06,Atlantic provinces,2016A00011,Units,300,thousands,3,v52300158,2,13.504,,,,3
2012-06,Newfoundland and Labrador,2016A000210,Units,300,thousands,3,v52300159,3,3.628,,,,3
2012-06,Prince Edward Island,2016A000211,Units,300,thousands,3,v52300160,4,1.423,,,,3
2012-06,Nova Scotia,2016A000212,Units,300,thousands,3,v52300161,5,4.157,,,,3
2012-06,New Brunswick,2016A000213,Units,300,thousands,3,v52300162,6,4.296,,,,3
2012-06,Quebec,2016A000224,Units,300,thousands,3,v52300163,7,50.654,,,,3
2012-06,Ontario,2016A000235,Units,300,thousands,3,v52300164,8,70.67,,,,3
2012-06,Prairie provinces,2016A00014,Units,300,thousands,3,v52300165,9,50.224,,,,3
2012-06,Manitoba,2016A000246,Units,300,thousands,3,v52300166,10,5.609,,,,3
2012-06,Saskatchewan,2016A000247,Units,300,thousands,3,v52300167,11,10.456,,,,3
2012-06,Alberta,2016A000248,Units,300,thousands,3,v52300168,12,34.159,,,,3
2012-06,British Columbia,2016A000259,Units,300,thousands,3,v52300169,13,36.407,,,,3
2012-07,Canada,2016A000011124,Units,300,thousands,3,v52300157,1,212.445,,,,3
2012-07,Atlantic provinces,2016A00011,Units,300,thousands,3,v52300158,2,12.301,,,,3
2012-07,Newfoundland and Labrador,2016A000210,Units,300,thousands,3,v52300159,3,4.982,,,,3
2012-07,Prince Edward Island,2016A000211,Units,300,thousands,3,v52300160,4,1.259,,,,3
2012-07,Nova Scotia,2016A000212,Units,300,thousands,3,v52300161,5,3.039,,,,3
2012-07,New Brunswick,2016A000213,Units,300,thousands,3,v52300162,6,3.021,,,,3
2012-07,Quebec,2016A000224,Units,300,thousands,3,v52300163,7,52.774,,,,3
2012-07,Ontario,2016A000235,Units,300,thousands,3,v52300164,8,72.869,,,,3
2012-07,Prairie provinces,2016A00014,Units,300,thousands,3,v52300165,9,48.45,,,,3
2012-07,Manitoba,2016A000246,Units,300,thousands,3,v52300166,10,6.557,,,,3
2012-07,Saskatchewan,2016A000247,Units,300,thousands,3,v52300167,11,8.363,,,,3
2012-07,Alberta,2016A000248,Units,300,thousands,3,v52300168,12,33.53,,,,3
2012-07,British Columbia,2016A000259,Units,300,thousands,3,v52300169,13,26.051,,,,3
2012-08,Canada,2016A000011124,Units,300,thousands,3,v52300157,1,231.712,,,,3
2012-08,Atlantic provinces,2016A00011,Units,300,thousands,3,v52300158,2,15.465,,,,3
2012-08,Newfoundland and Labrador,2016A000210,Units,300,thousands,3,v52300159,3,4.011,,,,3
2012-08,Prince Edward Island,2016A000211,Units,300,thousands,3,v52300160,4,1.122,,,,3
2012-08,Nova Scotia,2016A000212,Units,300,thousands,3,v52300161,5,6.984,,,,3
2012-08,New Brunswick,2016A000213,Units,300,thousands,3,v52300162,6,3.348,,,,3
2012-08,Quebec,2016A000224,Units,300,thousands,3,v52300163,7,48.738,,,,3
2012-08,Ontario,2016A000235,Units,300,thousands,3,v52300164,8,87.986,,,,3
2012-08,Prairie provinces,2016A00014,Units,300,thousands,3,v52300165,9,49.119,,,,3
2012-08,Manitoba,2016A000246,Units,300,thousands,3,v52300166,10,9.322,,,,3
2012-08,Saskatchewan,2016A000247,Units,300,thousands,3,v52300167,11,10.309,,,,3
2012-08,Alberta,2016A000248,Units,300,thousands,3,v52300168,12,29.488,,,,3
2012-08,British Columbia,2016A000259,Units,300,thousands,3,v52300169,13,30.404,,,,3
2012-09,Canada,2016A000011124,Units,300,thousands,3,v52300157,1,223.856,,,,3
2012-09,Atlantic provinces,2016A00011,Units,300,thousands,3,v52300158,2,17.665,,,,3
2012-09,Newfoundland and Labrador,2016A000210,Units,300,thousands,3,v52300159,3,4.07,,,,3
2012-09,Prince Edward Island,2016A000211,Units,300,thousands,3,v52300160,4,1.413,,,,3
2012-09,Nova Scotia,2016A000212,Units,300,thousands,3,v52300161,5,6.08,,,,3
2012-09,New Brunswick,2016A000213,Units,300,thousands,3,v52300162,6,6.102,,,,3
2012-09,Quebec,2016A000224,Units,300,thousands,3,v52300163,7,47.237,,,,3
2012-09,Ontario,2016A000235,Units,300,thousands,3,v52300164,8,73.416,,,,3
2012-09,Prairie provinces,2016A00014,Units,300,thousands,3,v52300165,9,56.297,,,,3
2012-09,Manitoba,2016A000246,Units,300,thousands,3,v52300166,10,8.702,,,,3
2012-09,Saskatchewan,2016A000247,Units,300,thousands,3,v52300167,11,13.305,,,,3
2012-09,Alberta,2016A000248,Units,300,thousands,3,v52300168,12,34.29,,,,3
2012-09,British Columbia,2016A000259,Units,300,thousands,3,v52300169,13,29.241,,,,3
2012-10,Canada,2016A000011124,Units,300,thousands,3,v52300157,1,205.916,,,,3
2012-10,Atlantic provinces,2016A00011,Units,300,thousands,3,v52300158,2,15.923,,,,3
2012-10,Newfoundland and Labrador,2016A000210,Units,300,thousands,3,v52300159,3,3.185,,,,3
2012-10,Prince Edward Island,2016A000211,Units,300,thousands,3,v52300160,4,0.823,,,,3
2012-10,Nova Scotia,2016A000212,Units,300,thousands,3,v52300161,5,9.059,,,,3
2012-10,New Brunswick,2016A000213,Units,300,thousands,3,v52300162,6,2.856,,,,3
2012-10,Quebec,2016A000224,Units,300,thousands,3,v52300163,7,42.614,,,,3
2012-10,Ontario,2016A000235,Units,300,thousands,3,v52300164,8,68.684,,,,3
2012-10,Prairie provinces,2016A00014,Units,300,thousands,3,v52300165,9,50.664,,,,3
2012-10,Manitoba,2016A000246,Units,300,thousands,3,v52300166,10,7.154,,,,3
2012-10,Saskatchewan,2016A000247,Units,300,thousands,3,v52300167,11,10.624,,,,3
2012-10,Alberta,2016A000248,Units,300,thousands,3,v52300168,12,32.886,,,,3
2012-10,British Columbia,2016A000259,Units,300,thousands,3,v52300169,13,28.031,,,,3
2012-11,Canada,2016A000011124,Units,300,thousands,3,v52300157,1,199.376,,,,3
2012-11,Atlantic provinces,2016A00011,Units,300,thousands,3,v52300158,2,10.44,,,,3
2012-11,Newfoundland and Labrador,2016A000210,Units,300,thousands,3,v52300159,3,3.573,,,,3
2012-11,Prince Edward Island,2016A000211,Units,300,thousands,3,v52300160,4,0.797,,,,3
2012-11,Nova Scotia,2016A000212,Units,300,thousands,3,v52300161,5,3.123,,,,3
2012-11,New Brunswick,2016A000213,Units,300,thousands,3,v52300162,6,2.947,,,,3
2012-11,Quebec,2016A000224,Units,300,thousands,3,v52300163,7,46.137,,,,3
2012-11,Ontario,2016A000235,Units,300,thousands,3,v52300164,8,60.868,,,,3
2012-11,Prairie provinces,2016A00014,Units,300,thousands,3,v52300165,9,58.599,,,,3
2012-11,Manitoba,2016A000246,Units,300,thousands,3,v52300166,10,6.937,,,,3
2012-11,Saskatchewan,2016A000247,Units,300,thousands,3,v52300167,11,11.963,,,,3
2012-11,Alberta,2016A000248,Units,300,thousands,3,v52300168,12,39.699,,,,3
2012-11,British Columbia,2016A000259,Units,300,thousands,3,v52300169,13,23.332,,,,3
2012-12,Canada,2016A000011124,Units,300,thousands,3,v52300157,1,200.005,,,,3
2012-12,Atlantic provinces,2016A00011,Units,300,thousands,3,v52300158,2,10.689,,,,3
2012-12,Newfoundland and Labrador,2016A000210,Units,300,thousands,3,v52300159,3,3.888,,,,3
2012-12,Prince Edward Island,2016A000211,Units,300,thousands,3,v52300160,4,1.279,,,,3
2012-12,Nova Scotia,2016A000212,Units,300,thousands,3,v52300161,5,3.13,,,,3
2012-12,New Brunswick,2016A000213,Units,300,thousands,3,v52300162,6,2.392,,,,3
2012-12,Quebec,2016A000224,Units,300,thousands,3,v52300163,7,42.857,,,,3
2012-12,Ontario,2016A000235,Units,300,thousands,3,v52300164,8,79.346,,,,3
2012-12,Prairie provinces,2016A00014,Units,300,thousands,3,v52300165,9,45.527,,,,3
2012-12,Manitoba,2016A000246,Units,300,thousands,3,v52300166,10,4.803,,,,3
2012-12,Saskatchewan,2016A000247,Units,300,thousands,3,v52300167,11,10.267,,,,3
2012-12,Alberta,2016A000248,Units,300,thousands,3,v52300168,12,30.457,,,,3
2012-12,British Columbia,2016A000259,Units,300,thousands,3,v52300169,13,21.586,,,,3
2013-01,Canada,2016A000011124,Units,300,thousands,3,v52300157,1,164.443,,,,3
2013-01,Atlantic provinces,2016A00011,Units,300,thousands,3,v52300158,2,14.79,,,,3
2013-01,Newfoundland and Labrador,2016A000210,Units,300,thousands,3,v52300159,3,3.161,,,,3
2013-01,Prince Edward Island,2016A000211,Units,300,thousands,3,v52300160,4,1.659,,,,3
2013-01,Nova Scotia,2016A000212,Units,300,thousands,3,v52300161,5,7.312,,,,3
2013-01,New Brunswick,2016A000213,Units,300,thousands,3,v52300162,6,2.658,,,,3
2013-01,Quebec,2016A000224,Units,300,thousands,3,v52300163,7,34.884,,,,3
2013-01,Ontario,2016A000235,Units,300,thousands,3,v52300164,8,47.764,,,,3
2013-01,Prairie provinces,2016A00014,Units,300,thousands,3,v52300165,9,44.004,,,,3
2013-01,Manitoba,2016A000246,Units,300,thousands,3,v52300166,10,5.269,,,,3
2013-01,Saskatchewan,2016A000247,Units,300,thousands,3,v52300167,11,8.044,,,,3
2013-01,Alberta,2016A000248,Units,300,thousands,3,v52300168,12,30.691,,,,3
2013-01,British Columbia,2016A000259,Units,300,thousands,3,v52300169,13,23.001,,,,3
2013-02,Canada,2016A000011124,Units,300,thousands,3,v52300157,1,184.818,,,,3
2013-02,Atlantic provinces,2016A00011,Units,300,thousands,3,v52300158,2,7.472,,,,3
2013-02,Newfoundland and Labrador,2016A000210,Units,300,thousands,3,v52300159,3,2.654,,,,3
2013-02,Prince Edward Island,2016A000211,Units,300,thousands,3,v52300160,4,0.433,,,,3
2013-02,Nova Scotia,2016A000212,Units,300,thousands,3,v52300161,5,1.544,,,,3
2013-02,New Brunswick,2016A000213,Units,300,thousands,3,v52300162,6,2.841,,,,3
2013-02,Quebec,2016A000224,Units,300,thousands,3,v52300163,7,41.595,,,,3
2013-02,Ontario,2016A000235,Units,300,thousands,3,v52300164,8,68.905,,,,3
2013-02,Prairie provinces,2016A00014,Units,300,thousands,3,v52300165,9,44.763,,,,3
2013-02,Manitoba,2016A000246,Units,300,thousands,3,v52300166,10,5.34,,,,3
2013-02,Saskatchewan,2016A000247,Units,300,thousands,3,v52300167,11,4.868,,,,3
2013-02,Alberta,2016A000248,Units,300,thousands,3,v52300168,12,34.555,,,,3
2013-02,British Columbia,2016A000259,Units,300,thousands,3,v52300169,13,22.083,,,,3
2013-03,Canada,2016A000011124,Units,300,thousands,3,v52300157,1,181.99,,,,3
2013-03,Atlantic provinces,2016A00011,Units,300,thousands,3,v52300158,2,9.833,,,,3
2013-03,Newfoundland and Labrador,2016A000210,Units,300,thousands,3,v52300159,3,3.017,,,,3
2013-03,Prince Edward Island,2016A000211,Units,300,thousands,3,v52300160,4,0.382,,,,3
2013-03,Nova Scotia,2016A000212,Units,300,thousands,3,v52300161,5,4.792,,,,3
2013-03,New Brunswick,2016A000213,Units,300,thousands,3,v52300162,6,1.642,,,,3
2013-03,Quebec,2016A000224,Units,300,thousands,3,v52300163,7,36.987,,,,3
2013-03,Ontario,2016A000235,Units,300,thousands,3,v52300164,8,58.11,,,,3
2013-03,Prairie provinces,2016A00014,Units,300,thousands,3,v52300165,9,51.216,,,,3
2013-03,Manitoba,2016A000246,Units,300,thousands,3,v52300166,10,9.865,,,,3
2013-03,Saskatchewan,2016A000247,Units,300,thousands,3,v52300167,11,7.341,,,,3
2013-03,Alberta,2016A000248,Units,300,thousands,3,v52300168,12,34.01,,,,3
2013-03,British Columbia,2016A000259,Units,300,thousands,3,v52300169,13,25.844,,,,3
2013-04,Canada,2016A000011124,Units,300,thousands,3,v52300157,1,179.311,,,,3
2013-04,Atlantic provinces,2016A00011,Units,300,thousands,3,v52300158,2,8.146,,,,3
2013-04,Newfoundland and Labrador,2016A000210,Units,300,thousands,3,v52300159,3,3.669,,,,3
2013-04,Prince Edward Island,2016A000211,Units,300,thousands,3,v52300160,4,0.47,,,,3
2013-04,Nova Scotia,2016A000212,Units,300,thousands,3,v52300161,5,2.629,,,,3
2013-04,New Brunswick,2016A000213,Units,300,thousands,3,v52300162,6,1.378,,,,3
2013-04,Quebec,2016A000224,Units,300,thousands,3,v52300163,7,41.843,,,,3
2013-04,Ontario,2016A000235,Units,300,thousands,3,v52300164,8,49.672,,,,3
2013-04,Prairie provinces,2016A00014,Units,300,thousands,3,v52300165,9,55.606,,,,3
2013-04,Manitoba,2016A000246,Units,300,thousands,3,v52300166,10,9.334,,,,3
2013-04,Saskatchewan,2016A000247,Units,300,thousands,3,v52300167,11,6.456,,,,3
2013-04,Alberta,2016A000248,Units,300,thousands,3,v52300168,12,39.816,,,,3
2013-04,British Columbia,2016A000259,Units,300,thousands,3,v52300169,13,24.044,,,,3
2013-05,Canada,2016A000011124,Units,300,thousands,3,v52300157,1,195.145,,,,3
2013-05,Atlantic provinces,2016A00011,Units,300,thousands,3,v52300158,2,12.918,,,,3
2013-05,Newfoundland and Labrador,2016A000210,Units,300,thousands,3,v52300159,3,3.032,,,,3
2013-05,Prince Edward Island,2016A000211,Units,300,thousands,3,v52300160,4,0.979,,,,3
2013-05,Nova Scotia,2016A000212,Units,300,thousands,3,v52300161,5,5.251,,,,3
2013-05,New Brunswick,2016A000213,Units,300,thousands,3,v52300162,6,3.656,,,,3
2013-05,Quebec,2016A000224,Units,300,thousands,3,v52300163,7,37.589,,,,3
2013-05,Ontario,2016A000235,Units,300,thousands,3,v52300164,8,65.877,,,,3
2013-05,Prairie provinces,2016A00014,Units,300,thousands,3,v52300165,9,56.153,,,,3
2013-05,Manitoba,2016A000246,Units,300,thousands,3,v52300166,10,5.353,,,,3
2013-05,Saskatchewan,2016A000247,Units,300,thousands,3,v52300167,11,7.931,,,,3
2013-05,Alberta,2016A000248,Units,300,thousands,3,v52300168,12,42.869,,,,3
2013-05,British Columbia,2016A000259,Units,300,thousands,3,v52300169,13,22.608,,,,3
2013-06,Canada,2016A000011124,Units,300,thousands,3,v52300157,1,191.62,,,,3
2013-06,Atlantic provinces,2016A00011,Units,300,thousands,3,v52300158,2,11.038,,,,3
2013-06,Newfoundland and Labrador,2016A000210,Units,300,thousands,3,v52300159,3,2.985,,,,3
2013-06,Prince Edward Island,2016A000211,Units,300,thousands,3,v52300160,4,0.859,,,,3
2013-06,Nova Scotia,2016A000212,Units,300,thousands,3,v52300161,5,2.856,,,,3
2013-06,New Brunswick,2016A000213,Units,300,thousands,3,v52300162,6,4.338,,,,3
2013-06,Quebec,2016A000224,Units,300,thousands,3,v52300163,7,36.066,,,,3
2013-06,Ontario,2016A000235,Units,300,thousands,3,v52300164,8,59.735,,,,3
2013-06,Prairie provinces,2016A00014,Units,300,thousands,3,v52300165,9,53.944,,,,3
2013-06,Manitoba,2016A000246,Units,300,thousands,3,v52300166,10,7.353,,,,3
2013-06,Saskatchewan,2016A000247,Units,300,thousands,3,v52300167,11,8.141,,,,3
2013-06,Alberta,2016A000248,Units,300,thousands,3,v52300168,12,38.45,,,,3
2013-06,British Columbia,2016A000259,Units,300,thousands,3,v52300169,13,30.837,,,,3
2013-07,Canada,2016A000011124,Units,300,thousands,3,v52300157,1,197.29,,,,3
2013-07,Atlantic provinces,2016A00011,Units,300,thousands,3,v52300158,2,9.403,,,,3
2013-07,Newfoundland and Labrador,2016A000210,Units,300,thousands,3,v52300159,3,2.392,,,,3
2013-07,Prince Edward Island,2016A000211,Units,300,thousands,3,v52300160,4,0.526,,,,3
2013-07,Nova Scotia,2016A000212,Units,300,thousands,3,v52300161,5,4.376,,,,3
2013-07,New Brunswick,2016A000213,Units,300,thousands,3,v52300162,6,2.109,,,,3
2013-07,Quebec,2016A000224,Units,300,thousands,3,v52300163,7,36.984,,,,3
2013-07,Ontario,2016A000235,Units,300,thousands,3,v52300164,8,62.198,,,,3
2013-07,Prairie provinces,2016A00014,Units,300,thousands,3,v52300165,9,55.859,,,,3
2013-07,Manitoba,2016A000246,Units,300,thousands,3,v52300166,10,11.091,,,,3
2013-07,Saskatchewan,2016A000247,Units,300,thousands,3,v52300167,11,8.82,,,,3
2013-07,Alberta,2016A000248,Units,300,thousands,3,v52300168,12,35.948,,,,3
2013-07,British Columbia,2016A000259,Units,300,thousands,3,v52300169,13,32.846,,,,3
2013-08,Canada,2016A000011124,Units,300,thousands,3,v52300157,1,187.634,,,,3
2013-08,Atlantic provinces,2016A00011,Units,300,thousands,3,v52300158,2,8.909,,,,3
2013-08,Newfoundland and Labrador,2016A000210,Units,300,thousands,3,v52300159,3,2.52,,,,3
2013-08,Prince Edward Island,2016A000211,Units,300,thousands,3,v52300160,4,0.247,,,,3
2013-08,Nova Scotia,2016A000212,Units,300,thousands,3,v52300161,5,2.463,,,,3
2013-08,New Brunswick,2016A000213,Units,300,thousands,3,v52300162,6,3.679,,,,3
2013-08,Quebec,2016A000224,Units,300,thousands,3,v52300163,7,36.014,,,,3
2013-08,Ontario,2016A000235,Units,300,thousands,3,v52300164,8,70.928,,,,3
2013-08,Prairie provinces,2016A00014,Units,300,thousands,3,v52300165,9,44.877,,,,3
2013-08,Manitoba,2016A000246,Units,300,thousands,3,v52300166,10,5.047,,,,3
2013-08,Saskatchewan,2016A000247,Units,300,thousands,3,v52300167,11,10.493,,,,3
2013-08,Alberta,2016A000248,Units,300,thousands,3,v52300168,12,29.337,,,,3
2013-08,British Columbia,2016A000259,Units,300,thousands,3,v52300169,13,26.906,,,,3
2013-09,Canada,2016A000011124,Units,300,thousands,3,v52300157,1,194.821,,,,3
2013-09,Atlantic provinces,2016A00011,Units,300,thousands,3,v52300158,2,11.656,,,,3
2013-09,Newfoundland and Labrador,2016A000210,Units,300,thousands,3,v52300159,3,2.865,,,,3
2013-09,Prince Edward Island,2016A000211,Units,300,thousands,3,v52300160,4,0.654,,,,3
2013-09,Nova Scotia,2016A000212,Units,300,thousands,3,v52300161,5,5.176,,,,3
2013-09,New Brunswick,2016A000213,Units,300,thousands,3,v52300162,6,2.961,,,,3
2013-09,Quebec,2016A000224,Units,300,thousands,3,v52300163,7,36.025,,,,3
2013-09,Ontario,2016A000235,Units,300,thousands,3,v52300164,8,60.752,,,,3
2013-09,Prairie provinces,2016A00014,Units,300,thousands,3,v52300165,9,55.13,,,,3
2013-09,Manitoba,2016A000246,Units,300,thousands,3,v52300166,10,9.063,,,,3
2013-09,Saskatchewan,2016A000247,Units,300,thousands,3,v52300167,11,14.249,,,,3
2013-09,Alberta,2016A000248,Units,300,thousands,3,v52300168,12,31.818,,,,3
2013-09,British Columbia,2016A000259,Units,300,thousands,3,v52300169,13,31.258,,,,3
2013-10,Canada,2016A000011124,Units,300,thousands,3,v52300157,1,199.944,,,,3
2013-10,Atlantic provinces,2016A00011,Units,300,thousands,3,v52300158,2,11.796,,,,3
2013-10,Newfoundland and Labrador,2016A000210,Units,300,thousands,3,v52300159,3,3.1,,,,3
2013-10,Prince Edward Island,2016A000211,Units,300,thousands,3,v52300160,4,0.324,,,,3
2013-10,Nova Scotia,2016A000212,Units,300,thousands,3,v52300161,5,5.61,,,,3
2013-10,New Brunswick,2016A000213,Units,300,thousands,3,v52300162,6,2.762,,,,3
2013-10,Quebec,2016A000224,Units,300,thousands,3,v52300163,7,37.876,,,,3
2013-10,Ontario,2016A000235,Units,300,thousands,3,v52300164,8,71.221,,,,3
2013-10,Prairie provinces,2016A00014,Units,300,thousands,3,v52300165,9,53.605,,,,3
2013-10,Manitoba,2016A000246,Units,300,thousands,3,v52300166,10,7.088,,,,3
2013-10,Saskatchewan,2016A000247,Units,300,thousands,3,v52300167,11,9.555,,,,3
2013-10,Alberta,2016A000248,Units,300,thousands,3,v52300168,12,36.962,,,,3
2013-10,British Columbia,2016A000259,Units,300,thousands,3,v52300169,13,25.446,,,,3
2013-11,Canada,2016A000011124,Units,300,thousands,3,v52300157,1,193.84,,,,3
2013-11,Atlantic provinces,2016A00011,Units,300,thousands,3,v52300158,2,8.703,,,,3
2013-11,Newfoundland and Labrador,2016A000210,Units,300,thousands,3,v52300159,3,3.098,,,,3
2013-11,Prince Edward Island,2016A000211,Units,300,thousands,3,v52300160,4,0.36,,,,3
2013-11,Nova Scotia,2016A000212,Units,300,thousands,3,v52300161,5,2.328,,,,3
2013-11,New Brunswick,2016A000213,Units,300,thousands,3,v52300162,6,2.917,,,,3
2013-11,Quebec,2016A000224,Units,300,thousands,3,v52300163,7,37.653,,,,3
2013-11,Ontario,2016A000235,Units,300,thousands,3,v52300164,8,60.905,,,,3
2013-11,Prairie provinces,2016A00014,Units,300,thousands,3,v52300165,9,58.445,,,,3
2013-11,Manitoba,2016A000246,Units,300,thousands,3,v52300166,10,8.84,,,,3
2013-11,Saskatchewan,2016A000247,Units,300,thousands,3,v52300167,11,6.597,,,,3
2013-11,Alberta,2016A000248,Units,300,thousands,3,v52300168,12,43.008,,,,3
2013-11,British Columbia,2016A000259,Units,300,thousands,3,v52300169,13,28.134,,,,3
2013-12,Canada,2016A000011124,Units,300,thousands,3,v52300157,1,185.521,,,,3
2013-12,Atlantic provinces,2016A00011,Units,300,thousands,3,v52300158,2,8.936,,,,3
2013-12,Newfoundland and Labrador,2016A000210,Units,300,thousands,3,v52300159,3,2.617,,,,3
2013-12,Prince Edward Island,2016A000211,Units,300,thousands,3,v52300160,4,0.7,,,,3
2013-12,Nova Scotia,2016A000212,Units,300,thousands,3,v52300161,5,2.454,,,,3
2013-12,New Brunswick,2016A000213,Units,300,thousands,3,v52300162,6,3.165,,,,3
2013-12,Quebec,2016A000224,Units,300,thousands,3,v52300163,7,39.031,,,,3
2013-12,Ontario,2016A000235,Units,300,thousands,3,v52300164,8,56.839,,,,3
2013-12,Prairie provinces,2016A00014,Units,300,thousands,3,v52300165,9,48.842,,,,3
2013-12,Manitoba,2016A000246,Units,300,thousands,3,v52300166,10,6.184,,,,3
2013-12,Saskatchewan,2016A000247,Units,300,thousands,3,v52300167,11,6.78,,,,3
2013-12,Alberta,2016A000248,Units,300,thousands,3,v52300168,12,35.878,,,,3
2013-12,British Columbia,2016A000259,Units,300,thousands,3,v52300169,13,31.873,,,,3
2014-01,Canada,2016A000011124,Units,300,thousands,3,v52300157,1,185.19,,,,3
2014-01,Atlantic provinces,2016A00011,Units,300,thousands,3,v52300158,2,6.822,,,,3
2014-01,Newfoundland and Labrador,2016A000210,Units,300,thousands,3,v52300159,3,2.206,,,,3
2014-01,Prince Edward Island,2016A000211,Units,300,thousands,3,v52300160,4,0.389,,,,3
2014-01,Nova Scotia,2016A000212,Units,300,thousands,3,v52300161,5,1.794,,,,3
2014-01,New Brunswick,2016A000213,Units,300,thousands,3,v52300162,6,2.433,,,,3
2014-01,Quebec,2016A000224,Units,300,thousands,3,v52300163,7,35.912,,,,3
2014-01,Ontario,2016A000235,Units,300,thousands,3,v52300164,8,64.447,,,,3
2014-01,Prairie provinces,2016A00014,Units,300,thousands,3,v52300165,9,51.798,,,,3
2014-01,Manitoba,2016A000246,Units,300,thousands,3,v52300166,10,3.767,,,,3
2014-01,Saskatchewan,2016A000247,Units,300,thousands,3,v52300167,11,9.036,,,,3
2014-01,Alberta,2016A000248,Units,300,thousands,3,v52300168,12,38.995,,,,3
2014-01,British Columbia,2016A000259,Units,300,thousands,3,v52300169,13,26.211,,,,3
2014-02,Canada,2016A000011124,Units,300,thousands,3,v52300157,1,191.756,,,,3
2014-02,Atlantic provinces,2016A00011,Units,300,thousands,3,v52300158,2,10.007,,,,3
2014-02,Newfoundland and Labrador,2016A000210,Units,300,thousands,3,v52300159,3,4.946,,,,3
2014-02,Prince Edward Island,2016A000211,Units,300,thousands,3,v52300160,4,0.417,,,,3
2014-02,Nova Scotia,2016A000212,Units,300,thousands,3,v52300161,5,1.722,,,,3
2014-02,New Brunswick,2016A000213,Units,300,thousands,3,v52300162,6,2.922,,,,3
2014-02,Quebec,2016A000224,Units,300,thousands,3,v52300163,7,52.221,,,,3
2014-02,Ontario,2016A000235,Units,300,thousands,3,v52300164,8,61.82,,,,3
2014-02,Prairie provinces,2016A00014,Units,300,thousands,3,v52300165,9,45.547,,,,3
2014-02,Manitoba,2016A000246,Units,300,thousands,3,v52300166,10,4.086,,,,3
2014-02,Saskatchewan,2016A000247,Units,300,thousands,3,v52300167,11,6.127,,,,3
2014-02,Alberta,2016A000248,Units,300,thousands,3,v52300168,12,35.334,,,,3
2014-02,British Columbia,2016A000259,Units,300,thousands,3,v52300169,13,22.161,,,,3
2014-03,Canada,2016A000011124,Units,300,thousands,3,v52300157,1,162.746,,,,3
2014-03,Atlantic provinces,2016A00011,Units,300,thousands,3,v52300158,2,5.246,,,,3
2014-03,Newfoundland and Labrador,2016A000210,Units,300,thousands,3,v52300159,3,1.252,,,,3
2014-03,Prince Edward Island,2016A000211,Units,300,thousands,3,v52300160,4,0.324,,,,3
2014-03,Nova Scotia,2016A000212,Units,300,thousands,3,v52300161,5,2.3,,,,3
2014-03,New Brunswick,2016A000213,Units,300,thousands,3,v52300162,6,1.37,,,,3
2014-03,Quebec,2016A000224,Units,300,thousands,3,v52300163,7,38.165,,,,3
2014-03,Ontario,2016A000235,Units,300,thousands,3,v52300164,8,42.108,,,,3
2014-03,Prairie provinces,2016A00014,Units,300,thousands,3,v52300165,9,50.031,,,,3
2014-03,Manitoba,2016A000246,Units,300,thousands,3,v52300166,10,3.933,,,,3
2014-03,Saskatchewan,2016A000247,Units,300,thousands,3,v52300167,11,6.17,,,,3
2014-03,Alberta,2016A000248,Units,300,thousands,3,v52300168,12,39.928,,,,3
2014-03,British Columbia,2016A000259,Units,300,thousands,3,v52300169,13,27.196,,,,3
2014-04,Canada,2016A000011124,Units,300,thousands,3,v52300157,1,198.32,,,,3
2014-04,Atlantic provinces,2016A00011,Units,300,thousands,3,v52300158,2,5.084,,,,3
2014-04,Newfoundland and Labrador,2016A000210,Units,300,thousands,3,v52300159,3,1.674,,,,3
2014-04,Prince Edward Island,2016A000211,Units,300,thousands,3,v52300160,4,0.35,,,,3
2014-04,Nova Scotia,2016A000212,Units,300,thousands,3,v52300161,5,1.852,,,,3
2014-04,New Brunswick,2016A000213,Units,300,thousands,3,v52300162,6,1.208,,,,3
2014-04,Quebec,2016A000224,Units,300,thousands,3,v52300163,7,40.752,,,,3
2014-04,Ontario,2016A000235,Units,300,thousands,3,v52300164,8,67.44,,,,3
2014-04,Prairie provinces,2016A00014,Units,300,thousands,3,v52300165,9,58.52,,,,3
2014-04,Manitoba,2016A000246,Units,300,thousands,3,v52300166,10,8.241,,,,3
2014-04,Saskatchewan,2016A000247,Units,300,thousands,3,v52300167,11,10.202,,,,3
2014-04,Alberta,2016A000248,Units,300,thousands,3,v52300168,12,40.077,,,,3
2014-04,British Columbia,2016A000259,Units,300,thousands,3,v52300169,13,26.524,,,,3
2014-05,Canada,2016A000011124,Units,300,thousands,3,v52300157,1,195.657,,,,3
2014-05,Atlantic provinces,2016A00011,Units,300,thousands,3,v52300158,2,7.955,,,,3
2014-05,Newfoundland and Labrador,2016A000210,Units,300,thousands,3,v52300159,3,2.282,,,,3
2014-05,Prince Edward Island,2016A000211,Units,300,thousands,3,v52300160,4,0.858,,,,3
2014-05,Nova Scotia,2016A000212,Units,300,thousands,3,v52300161,5,3.375,,,,3
2014-05,New Brunswick,2016A000213,Units,300,thousands,3,v52300162,6,1.44,,,,3
2014-05,Quebec,2016A000224,Units,300,thousands,3,v52300163,7,41.174,,,,3
2014-05,Ontario,2016A000235,Units,300,thousands,3,v52300164,8,65.443,,,,3
2014-05,Prairie provinces,2016A00014,Units,300,thousands,3,v52300165,9,50.965,,,,3
2014-05,Manitoba,2016A000246,Units,300,thousands,3,v52300166,10,7.962,,,,3
2014-05,Saskatchewan,2016A000247,Units,300,thousands,3,v52300167,11,8.309,,,,3
2014-05,Alberta,2016A000248,Units,300,thousands,3,v52300168,12,34.694,,,,3
2014-05,British Columbia,2016A000259,Units,300,thousands,3,v52300169,13,30.12,,,,3
2014-06,Canada,2016A000011124,Units,300,thousands,3,v52300157,1,195.014,,,,3
2014-06,Atlantic provinces,2016A00011,Units,300,thousands,3,v52300158,2,8.453,,,,3
2014-06,Newfoundland and Labrador,2016A000210,Units,300,thousands,3,v52300159,3,2.43,,,,3
2014-06,Prince Edward Island,2016A000211,Units,300,thousands,3,v52300160,4,0.736,,,,3
2014-06,Nova Scotia,2016A000212,Units,300,thousands,3,v52300161,5,2.718,,,,3
2014-06,New Brunswick,2016A000213,Units,300,thousands,3,v52300162,6,2.569,,,,3
2014-06,Quebec,2016A000224,Units,300,thousands,3,v52300163,7,35.403,,,,3
2014-06,Ontario,2016A000235,Units,300,thousands,3,v52300164,8,55.605,,,,3
2014-06,Prairie provinces,2016A00014,Units,300,thousands,3,v52300165,9,67.102,,,,3
2014-06,Manitoba,2016A000246,Units,300,thousands,3,v52300166,10,5.269,,,,3
2014-06,Saskatchewan,2016A000247,Units,300,thousands,3,v52300167,11,7.674,,,,3
2014-06,Alberta,2016A000248,Units,300,thousands,3,v52300168,12,54.159,,,,3
2014-06,British Columbia,2016A000259,Units,300,thousands,3,v52300169,13,28.451,,,,3
2014-07,Canada,2016A000011124,Units,300,thousands,3,v52300157,1,202.591,,,,3
2014-07,Atlantic provinces,2016A00011,Units,300,thousands,3,v52300158,2,13.069,,,,3
2014-07,Newfoundland and Labrador,2016A000210,Units,300,thousands,3,v52300159,3,2.255,,,,3
2014-07,Prince Edward Island,2016A000211,Units,300,thousands,3,v52300160,4,0.414,,,,3
2014-07,Nova Scotia,2016A000212,Units,300,thousands,3,v52300161,5,5.549,,,,3
2014-07,New Brunswick,2016A000213,Units,300,thousands,3,v52300162,6,4.851,,,,3
2014-07,Quebec,2016A000224,Units,300,thousands,3,v52300163,7,35.491,,,,3
2014-07,Ontario,2016A000235,Units,300,thousands,3,v52300164,8,68.712,,,,3
2014-07,Prairie provinces,2016A00014,Units,300,thousands,3,v52300165,9,57.217,,,,3
2014-07,Manitoba,2016A000246,Units,300,thousands,3,v52300166,10,9.585,,,,3
2014-07,Saskatchewan,2016A000247,Units,300,thousands,3,v52300167,11,8.97,,,,3
2014-07,Alberta,2016A000248,Units,300,thousands,3,v52300168,12,38.662,,,,3
2014-07,British Columbia,2016A000259,Units,300,thousands,3,v52300169,13,28.102,,,,3
2014-08,Canada,2016A000011124,Units,300,thousands,3,v52300157,1,195.869,,,,3
2014-08,Atlantic provinces,2016A00011,Units,300,thousands,3,v52300158,2,9.527,,,,3
2014-08,Newfoundland and Labrador,2016A000210,Units,300,thousands,3,v52300159,3,2.354,,,,3
2014-08,Prince Edward Island,2016A000211,Units,300,thousands,3,v52300160,4,0.329,,,,3
2014-08,Nova Scotia,2016A000212,Units,300,thousands,3,v52300161,5,3.99,,,,3
2014-08,New Brunswick,2016A000213,Units,300,thousands,3,v52300162,6,2.854,,,,3
2014-08,Quebec,2016A000224,Units,300,thousands,3,v52300163,7,34.882,,,,3
2014-08,Ontario,2016A000235,Units,300,thousands,3,v52300164,8,52.171,,,,3
2014-08,Prairie provinces,2016A00014,Units,300,thousands,3,v52300165,9,63.35,,,,3
2014-08,Manitoba,2016A000246,Units,300,thousands,3,v52300166,10,9.608,,,,3
2014-08,Saskatchewan,2016A000247,Units,300,thousands,3,v52300167,11,9.428,,,,3
2014-08,Alberta,2016A000248,Units,300,thousands,3,v52300168,12,44.314,,,,3
2014-08,British Columbia,2016A000259,Units,300,thousands,3,v52300169,13,35.939,,,,3
2014-09,Canada,2016A000011124,Units,300,thousands,3,v52300157,1,191.724,,,,3
2014-09,Atlantic provinces,2016A00011,Units,300,thousands,3,v52300158,2,8.426,,,,3
2014-09,Newfoundland and Labrador,2016A000210,Units,300,thousands,3,v52300159,3,1.921,,,,3
2014-09,Prince Edward Island,2016A000211,Units,300,thousands,3,v52300160,4,0.398,,,,3
2014-09,Nova Scotia,2016A000212,Units,300,thousands,3,v52300161,5,4.194,,,,3
2014-09,New Brunswick,2016A000213,Units,300,thousands,3,v52300162,6,1.913,,,,3
2014-09,Quebec,2016A000224,Units,300,thousands,3,v52300163,7,36.087,,,,3
2014-09,Ontario,2016A000235,Units,300,thousands,3,v52300164,8,53.423,,,,3
2014-09,Prairie provinces,2016A00014,Units,300,thousands,3,v52300165,9,64.365,,,,3
2014-09,Manitoba,2016A000246,Units,300,thousands,3,v52300166,10,6.41,,,,3
2014-09,Saskatchewan,2016A000247,Units,300,thousands,3,v52300167,11,10.645,,,,3
2014-09,Alberta,2016A000248,Units,300,thousands,3,v52300168,12,47.31,,,,3
2014-09,British Columbia,2016A000259,Units,300,thousands,3,v52300169,13,29.423,,,,3
2014-10,Canada,2016A000011124,Units,300,thousands,3,v52300157,1,179.739,,,,3
2014-10,Atlantic provinces,2016A00011,Units,300,thousands,3,v52300158,2,8.011,,,,3
2014-10,Newfoundland and Labrador,2016A000210,Units,300,thousands,3,v52300159,3,2.131,,,,3
2014-10,Prince Edward Island,2016A000211,Units,300,thousands,3,v52300160,4,0.848,,,,3
2014-10,Nova Scotia,2016A000212,Units,300,thousands,3,v52300161,5,2.57,,,,3
2014-10,New Brunswick,2016A000213,Units,300,thousands,3,v52300162,6,2.462,,,,3
2014-10,Quebec,2016A000224,Units,300,thousands,3,v52300163,7,38.968,,,,3
2014-10,Ontario,2016A000235,Units,300,thousands,3,v52300164,8,52.954,,,,3
2014-10,Prairie provinces,2016A00014,Units,300,thousands,3,v52300165,9,55.877,,,,3
2014-10,Manitoba,2016A000246,Units,300,thousands,3,v52300166,10,6.655,,,,3
2014-10,Saskatchewan,2016A000247,Units,300,thousands,3,v52300167,11,8.78,,,,3
2014-10,Alberta,2016A000248,Units,300,thousands,3,v52300168,12,40.442,,,,3
2014-10,British Columbia,2016A000259,Units,300,thousands,3,v52300169,13,23.929,,,,3
2014-11,Canada,2016A000011124,Units,300,thousands,3,v52300157,1,193.39,,,,3
2014-11,Atlantic provinces,2016A00011,Units,300,thousands,3,v52300158,2,8.124,,,,3
2014-11,Newfoundland and Labrador,2016A000210,Units,300,thousands,3,v52300159,3,1.878,,,,3
2014-11,Prince Edward Island,2016A000211,Units,300,thousands,3,v52300160,4,0.504,,,,3
2014-11,Nova Scotia,2016A000212,Units,300,thousands,3,v52300161,5,3.489,,,,3
2014-11,New Brunswick,2016A000213,Units,300,thousands,3,v52300162,6,2.253,,,,3
2014-11,Quebec,2016A000224,Units,300,thousands,3,v52300163,7,46.136,,,,3
2014-11,Ontario,2016A000235,Units,300,thousands,3,v52300164,8,58.842,,,,3
2014-11,Prairie provinces,2016A00014,Units,300,thousands,3,v52300165,9,50.104,,,,3
2014-11,Manitoba,2016A000246,Units,300,thousands,3,v52300166,10,4.2,,,,3
2014-11,Saskatchewan,2016A000247,Units,300,thousands,3,v52300167,11,7.648,,,,3
2014-11,Alberta,2016A000248,Units,300,thousands,3,v52300168,12,38.256,,,,3
2014-11,British Columbia,2016A000259,Units,300,thousands,3,v52300169,13,30.184,,,,3
2014-12,Canada,2016A000011124,Units,300,thousands,3,v52300157,1,177.296,,,,3
2014-12,Atlantic provinces,2016A00011,Units,300,thousands,3,v52300158,2,7.058,,,,3
2014-12,Newfoundland and Labrador,2016A000210,Units,300,thousands,3,v52300159,3,1.691,,,,3
2014-12,Prince Edward Island,2016A000211,Units,300,thousands,3,v52300160,4,0.665,,,,3
2014-12,Nova Scotia,2016A000212,Units,300,thousands,3,v52300161,5,3.138,,,,3
2014-12,New Brunswick,2016A000213,Units,300,thousands,3,v52300162,6,1.564,,,,3
2014-12,Quebec,2016A000224,Units,300,thousands,3,v52300163,7,34.069,,,,3
2014-12,Ontario,2016A000235,Units,300,thousands,3,v52300164,8,60.084,,,,3
2014-12,Prairie provinces,2016A00014,Units,300,thousands,3,v52300165,9,45.11,,,,3
2014-12,Manitoba,2016A000246,Units,300,thousands,3,v52300166,10,4.424,,,,3
2014-12,Saskatchewan,2016A000247,Units,300,thousands,3,v52300167,11,6.093,,,,3
2014-12,Alberta,2016A000248,Units,300,thousands,3,v52300168,12,34.593,,,,3
2014-12,British Columbia,2016A000259,Units,300,thousands,3,v52300169,13,30.975,,,,3
2015-01,Canada,2016A000011124,Units,300,thousands,3,v52300157,1,187.115,,,,3
2015-01,Atlantic provinces,2016A00011,Units,300,thousands,3,v52300158,2,11.456,,,,3
2015-01,Newfoundland and Labrador,2016A000210,Units,300,thousands,3,v52300159,3,5.761,,,,3
2015-01,Prince Edward Island,2016A000211,Units,300,thousands,3,v52300160,4,0.997,,,,3
2015-01,Nova Scotia,2016A000212,Units,300,thousands,3,v52300161,5,2.867,,,,3
2015-01,New Brunswick,2016A000213,Units,300,thousands,3,v52300162,6,1.831,,,,3
2015-01,Quebec,2016A000224,Units,300,thousands,3,v52300163,7,31.791,,,,3
2015-01,Ontario,2016A000235,Units,300,thousands,3,v52300164,8,61.375,,,,3
2015-01,Prairie provinces,2016A00014,Units,300,thousands,3,v52300165,9,55.242,,,,3
2015-01,Manitoba,2016A000246,Units,300,thousands,3,v52300166,10,7.1,,,,3
2015-01,Saskatchewan,2016A000247,Units,300,thousands,3,v52300167,11,4.795,,,,3
2015-01,Alberta,2016A000248,Units,300,thousands,3,v52300168,12,43.347,,,,3
2015-01,British Columbia,2016A000259,Units,300,thousands,3,v52300169,13,27.251,,,,3
2015-02,Canada,2016A000011124,Units,300,thousands,3,v52300157,1,147.197,,,,3
2015-02,Atlantic provinces,2016A00011,Units,300,thousands,3,v52300158,2,4.953,,,,3
2015-02,Newfoundland and Labrador,2016A000210,Units,300,thousands,3,v52300159,3,1.204,,,,3
2015-02,Prince Edward Island,2016A000211,Units,300,thousands,3,v52300160,4,0.296,,,,3
2015-02,Nova Scotia,2016A000212,Units,300,thousands,3,v52300161,5,1.834,,,,3
2015-02,New Brunswick,2016A000213,Units,300,thousands,3,v52300162,6,1.619,,,,3
2015-02,Quebec,2016A000224,Units,300,thousands,3,v52300163,7,24.159,,,,3
2015-02,Ontario,2016A000235,Units,300,thousands,3,v52300164,8,41.948,,,,3
2015-02,Prairie provinces,2016A00014,Units,300,thousands,3,v52300165,9,51.706,,,,3
2015-02,Manitoba,2016A000246,Units,300,thousands,3,v52300166,10,3.465,,,,3
2015-02,Saskatchewan,2016A000247,Units,300,thousands,3,v52300167,11,5.06,,,,3
2015-02,Alberta,2016A000248,Units,300,thousands,3,v52300168,12,43.181,,,,3
2015-02,British Columbia,2016A000259,Units,300,thousands,3,v52300169,13,24.431,,,,3
2015-03,Canada,2016A000011124,Units,300,thousands,3,v52300157,1,192.597,,,,3
2015-03,Atlantic provinces,2016A00011,Units,300,thousands,3,v52300158,2,4.36,,,,3
2015-03,Newfoundland and Labrador,2016A000210,Units,300,thousands,3,v52300159,3,1.122,,,,3
2015-03,Prince Edward Island,2016A000211,Units,300,thousands,3,v52300160,4,0.211,,,,3
2015-03,Nova Scotia,2016A000212,Units,300,thousands,3,v52300161,5,2.01,,,,3
2015-03,New Brunswick,2016A000213,Units,300,thousands,3,v52300162,6,1.017,,,,3
2015-03,Quebec,2016A000224,Units,300,thousands,3,v52300163,7,32.125,,,,3
2015-03,Ontario,2016A000235,Units,300,thousands,3,v52300164,8,62.912,,,,3
2015-03,Prairie provinces,2016A00014,Units,300,thousands,3,v52300165,9,59.764,,,,3
2015-03,Manitoba,2016A000246,Units,300,thousands,3,v52300166,10,3.869,,,,3
2015-03,Saskatchewan,2016A000247,Units,300,thousands,3,v52300167,11,4.931,,,,3
2015-03,Alberta,2016A000248,Units,300,thousands,3,v52300168,12,50.964,,,,3
2015-03,British Columbia,2016A000259,Units,300,thousands,3,v52300169,13,33.436,,,,3
2015-04,Canada,2016A000011124,Units,300,thousands,3,v52300157,1,181.815,,,,3
2015-04,Atlantic provinces,2016A00011,Units,300,thousands,3,v52300158,2,4.706,,,,3
2015-04,Newfoundland and Labrador,2016A000210,Units,300,thousands,3,v52300159,3,0.858,,,,3
2015-04,Prince Edward Island,2016A000211,Units,300,thousands,3,v52300160,4,0.15,,,,3
2015-04,Nova Scotia,2016A000212,Units,300,thousands,3,v52300161,5,2.808,,,,3
2015-04,New Brunswick,2016A000213,Units,300,thousands,3,v52300162,6,0.89,,,,3
2015-04,Quebec,2016A000224,Units,300,thousands,3,v52300163,7,30.895,,,,3
2015-04,Ontario,2016A000235,Units,300,thousands,3,v52300164,8,64.89,,,,3
2015-04,Prairie provinces,2016A00014,Units,300,thousands,3,v52300165,9,43.904,,,,3
2015-04,Manitoba,2016A000246,Units,300,thousands,3,v52300166,10,8.019,,,,3
2015-04,Saskatchewan,2016A000247,Units,300,thousands,3,v52300167,11,3.957,,,,3
2015-04,Alberta,2016A000248,Units,300,thousands,3,v52300168,12,31.928,,,,3
2015-04,British Columbia,2016A000259,Units,300,thousands,3,v52300169,13,37.42,,,,3
2015-05,Canada,2016A000011124,Units,300,thousands,3,v52300157,1,199.576,,,,3
2015-05,Atlantic provinces,2016A00011,Units,300,thousands,3,v52300158,2,11.106,,,,3
2015-05,Newfoundland and Labrador,2016A000210,Units,300,thousands,3,v52300159,3,1.713,,,,3
2015-05,Prince Edward Island,2016A000211,Units,300,thousands,3,v52300160,4,0.366,,,,3
2015-05,Nova Scotia,2016A000212,Units,300,thousands,3,v52300161,5,7.611,,,,3
2015-05,New Brunswick,2016A000213,Units,300,thousands,3,v52300162,6,1.416,,,,3
2015-05,Quebec,2016A000224,Units,300,thousands,3,v52300163,7,35.992,,,,3
2015-05,Ontario,2016A000235,Units,300,thousands,3,v52300164,8,84.012,,,,3
2015-05,Prairie provinces,2016A00014,Units,300,thousands,3,v52300165,9,43.069,,,,3
2015-05,Manitoba,2016A000246,Units,300,thousands,3,v52300166,10,3.123,,,,3
2015-05,Saskatchewan,2016A000247,Units,300,thousands,3,v52300167,11,5.903,,,,3
2015-05,Alberta,2016A000248,Units,300,thousands,3,v52300168,12,34.043,,,,3
2015-05,British Columbia,2016A000259,Units,300,thousands,3,v52300169,13,25.397,,,,3
2015-06,Canada,2016A000011124,Units,300,thousands,3,v52300157,1,201.871,,,,3
2015-06,Atlantic provinces,2016A00011,Units,300,thousands,3,v52300158,2,12.349,,,,3
2015-06,Newfoundland and Labrador,2016A000210,Units,300,thousands,3,v52300159,3,1.61,,,,3
2015-06,Prince Edward Island,2016A000211,Units,300,thousands,3,v52300160,4,0.552,,,,3
2015-06,Nova Scotia,2016A000212,Units,300,thousands,3,v52300161,5,7.692,,,,3
2015-06,New Brunswick,2016A000213,Units,300,thousands,3,v52300162,6,2.495,,,,3
2015-06,Quebec,2016A000224,Units,300,thousands,3,v52300163,7,42.512,,,,3
2015-06,Ontario,2016A000235,Units,300,thousands,3,v52300164,8,57.381,,,,3
2015-06,Prairie provinces,2016A00014,Units,300,thousands,3,v52300165,9,53.219,,,,3
2015-06,Manitoba,2016A000246,Units,300,thousands,3,v52300166,10,4.135,,,,3
2015-06,Saskatchewan,2016A000247,Units,300,thousands,3,v52300167,11,7.077,,,,3
2015-06,Alberta,2016A000248,Units,300,thousands,3,v52300168,12,42.007,,,,3
2015-06,British Columbia,2016A000259,Units,300,thousands,3,v52300169,13,36.41,,,,3
2015-07,Canada,2016A000011124,Units,300,thousands,3,v52300157,1,192.203,,,,3
2015-07,Atlantic provinces,2016A00011,Units,300,thousands,3,v52300158,2,10.902,,,,3
2015-07,Newfoundland and Labrador,2016A000210,Units,300,thousands,3,v52300159,3,1.802,,,,3
2015-07,Prince Edward Island,2016A000211,Units,300,thousands,3,v52300160,4,0.487,,,,3
2015-07,Nova Scotia,2016A000212,Units,300,thousands,3,v52300161,5,6.132,,,,3
2015-07,New Brunswick,2016A000213,Units,300,thousands,3,v52300162,6,2.481,,,,3
2015-07,Quebec,2016A000224,Units,300,thousands,3,v52300163,7,43.984,,,,3
2015-07,Ontario,2016A000235,Units,300,thousands,3,v52300164,8,51.031,,,,3
2015-07,Prairie provinces,2016A00014,Units,300,thousands,3,v52300165,9,48.877,,,,3
2015-07,Manitoba,2016A000246,Units,300,thousands,3,v52300166,10,8.756,,,,3
2015-07,Saskatchewan,2016A000247,Units,300,thousands,3,v52300167,11,5.23,,,,3
2015-07,Alberta,2016A000248,Units,300,thousands,3,v52300168,12,34.891,,,,3
2015-07,British Columbia,2016A000259,Units,300,thousands,3,v52300169,13,37.409,,,,3
2015-08,Canada,2016A000011124,Units,300,thousands,3,v52300157,1,216.496,,,,3
2015-08,Atlantic provinces,2016A00011,Units,300,thousands,3,v52300158,2,8.162,,,,3
2015-08,Newfoundland and Labrador,2016A000210,Units,300,thousands,3,v52300159,3,1.645,,,,3
2015-08,Prince Edward Island,2016A000211,Units,300,thousands,3,v52300160,4,0.62,,,,3
2015-08,Nova Scotia,2016A000212,Units,300,thousands,3,v52300161,5,3.677,,,,3
2015-08,New Brunswick,2016A000213,Units,300,thousands,3,v52300162,6,2.22,,,,3
2015-08,Quebec,2016A000224,Units,300,thousands,3,v52300163,7,40.213,,,,3
2015-08,Ontario,2016A000235,Units,300,thousands,3,v52300164,8,96.148,,,,3
2015-08,Prairie provinces,2016A00014,Units,300,thousands,3,v52300165,9,44.339,,,,3
2015-08,Manitoba,2016A000246,Units,300,thousands,3,v52300166,10,4.992,,,,3
2015-08,Saskatchewan,2016A000247,Units,300,thousands,3,v52300167,11,4.362,,,,3
2015-08,Alberta,2016A000248,Units,300,thousands,3,v52300168,12,34.985,,,,3
2015-08,British Columbia,2016A000259,Units,300,thousands,3,v52300169,13,27.634,,,,3
2015-09,Canada,2016A000011124,Units,300,thousands,3,v52300157,1,224.455,,,,3
2015-09,Atlantic provinces,2016A00011,Units,300,thousands,3,v52300158,2,10.288,,,,3
2015-09,Newfoundland and Labrador,2016A000210,Units,300,thousands,3,v52300159,3,1.461,,,,3
2015-09,Prince Edward Island,2016A000211,Units,300,thousands,3,v52300160,4,0.798,,,,3
2015-09,Nova Scotia,2016A000212,Units,300,thousands,3,v52300161,5,5.147,,,,3
2015-09,New Brunswick,2016A000213,Units,300,thousands,3,v52300162,6,2.882,,,,3
2015-09,Quebec,2016A000224,Units,300,thousands,3,v52300163,7,45.951,,,,3
2015-09,Ontario,2016A000235,Units,300,thousands,3,v52300164,8,90.318,,,,3
2015-09,Prairie provinces,2016A00014,Units,300,thousands,3,v52300165,9,48.762,,,,3
2015-09,Manitoba,2016A000246,Units,300,thousands,3,v52300166,10,8.506,,,,3
2015-09,Saskatchewan,2016A000247,Units,300,thousands,3,v52300167,11,3.904,,,,3
2015-09,Alberta,2016A000248,Units,300,thousands,3,v52300168,12,36.352,,,,3
2015-09,British Columbia,2016A000259,Units,300,thousands,3,v52300169,13,29.136,,,,3
2015-10,Canada,2016A000011124,Units,300,thousands,3,v52300157,1,195.835,,,,3
2015-10,Atlantic provinces,2016A00011,Units,300,thousands,3,v52300158,2,7.351,,,,3
2015-10,Newfoundland and Labrador,2016A000210,Units,300,thousands,3,v52300159,3,1.756,,,,3
2015-10,Prince Edward Island,2016A000211,Units,300,thousands,3,v52300160,4,1.227,,,,3
2015-10,Nova Scotia,2016A000212,Units,300,thousands,3,v52300161,5,2.194,,,,3
2015-10,New Brunswick,2016A000213,Units,300,thousands,3,v52300162,6,2.174,,,,3
2015-10,Quebec,2016A000224,Units,300,thousands,3,v52300163,7,35.977,,,,3
2015-10,Ontario,2016A000235,Units,300,thousands,3,v52300164,8,75.115,,,,3
2015-10,Prairie provinces,2016A00014,Units,300,thousands,3,v52300165,9,41.372,,,,3
2015-10,Manitoba,2016A000246,Units,300,thousands,3,v52300166,10,5.714,,,,3
2015-10,Saskatchewan,2016A000247,Units,300,thousands,3,v52300167,11,4.394,,,,3
2015-10,Alberta,2016A000248,Units,300,thousands,3,v52300168,12,31.264,,,,3
2015-10,British Columbia,2016A000259,Units,300,thousands,3,v52300169,13,36.02,,,,3
2015-11,Canada,2016A000011124,Units,300,thousands,3,v52300157,1,212.762,,,,3
2015-11,Atlantic provinces,2016A00011,Units,300,thousands,3,v52300158,2,7.549,,,,3
2015-11,Newfoundland and Labrador,2016A000210,Units,300,thousands,3,v52300159,3,1.777,,,,3
2015-11,Prince Edward Island,2016A000211,Units,300,thousands,3,v52300160,4,0.517,,,,3
2015-11,Nova Scotia,2016A000212,Units,300,thousands,3,v52300161,5,2.707,,,,3
2015-11,New Brunswick,2016A000213,Units,300,thousands,3,v52300162,6,2.548,,,,3
2015-11,Quebec,2016A000224,Units,300,thousands,3,v52300163,7,35.698,,,,3
2015-11,Ontario,2016A000235,Units,300,thousands,3,v52300164,8,87.755,,,,3
2015-11,Prairie provinces,2016A00014,Units,300,thousands,3,v52300165,9,53.652,,,,3
2015-11,Manitoba,2016A000246,Units,300,thousands,3,v52300166,10,4.049,,,,3
2015-11,Saskatchewan,2016A000247,Units,300,thousands,3,v52300167,11,7.448,,,,3
2015-11,Alberta,2016A000248,Units,300,thousands,3,v52300168,12,42.155,,,,3
2015-11,British Columbia,2016A000259,Units,300,thousands,3,v52300169,13,28.108,,,,3
2015-12,Canada,2016A000011124,Units,300,thousands,3,v52300157,1,171.248,,,,3
2015-12,Atlantic provinces,2016A00011,Units,300,thousands,3,v52300158,2,5.079,,,,3
2015-12,Newfoundland and Labrador,2016A000210,Units,300,thousands,3,v52300159,3,1.422,,,,3
2015-12,Prince Edward Island,2016A000211,Units,300,thousands,3,v52300160,4,0.243,,,,3
2015-12,Nova Scotia,2016A000212,Units,300,thousands,3,v52300161,5,1.63,,,,3
2015-12,New Brunswick,2016A000213,Units,300,thousands,3,v52300162,6,1.784,,,,3
2015-12,Quebec,2016A000224,Units,300,thousands,3,v52300163,7,41.099,,,,3
2015-12,Ontario,2016A000235,Units,300,thousands,3,v52300164,8,55.083,,,,3
2015-12,Prairie provinces,2016A00014,Units,300,thousands,3,v52300165,9,34.759,,,,3
2015-12,Manitoba,2016A000246,Units,300,thousands,3,v52300166,10,4.885,,,,3
2015-12,Saskatchewan,2016A000247,Units,300,thousands,3,v52300167,11,4.745,,,,3
2015-12,Alberta,2016A000248,Units,300,thousands,3,v52300168,12,25.129,,,,3
2015-12,British Columbia,2016A000259,Units,300,thousands,3,v52300169,13,35.228,,,,3
2016-01,Canada,2016A000011124,Units,300,thousands,3,v52300157,1,177.219,,,,3
2016-01,Atlantic provinces,2016A00011,Units,300,thousands,3,v52300158,2,6.333,,,,3
2016-01,Newfoundland and Labrador,2016A000210,Units,300,thousands,3,v52300159,3,2.776,,,,3
2016-01,Prince Edward Island,2016A000211,Units,300,thousands,3,v52300160,4,0.619,,,,3
2016-01,Nova Scotia,2016A000212,Units,300,thousands,3,v52300161,5,1.497,,,,3
2016-01,New Brunswick,2016A000213,Units,300,thousands,3,v52300162,6,1.441,,,,3
2016-01,Quebec,2016A000224,Units,300,thousands,3,v52300163,7,42.123,,,,3
2016-01,Ontario,2016A000235,Units,300,thousands,3,v52300164,8,61.053,,,,3
2016-01,Prairie provinces,2016A00014,Units,300,thousands,3,v52300165,9,33.113,,,,3
2016-01,Manitoba,2016A000246,Units,300,thousands,3,v52300166,10,5.334,,,,3
2016-01,Saskatchewan,2016A000247,Units,300,thousands,3,v52300167,11,4.467,,,,3
2016-01,Alberta,2016A000248,Units,300,thousands,3,v52300168,12,23.312,,,,3
2016-01,British Columbia,2016A000259,Units,300,thousands,3,v52300169,13,34.597,,,,3
2016-02,Canada,2016A000011124,Units,300,thousands,3,v52300157,1,213.427,,,,3
2016-02,Atlantic provinces,2016A00011,Units,300,thousands,3,v52300158,2,7.791,,,,3
2016-02,Newfoundland and Labrador,2016A000210,Units,300,thousands,3,v52300159,3,2.064,,,,3
2016-02,Prince Edward Island,2016A000211,Units,300,thousands,3,v52300160,4,0.186,,,,3
2016-02,Nova Scotia,2016A000212,Units,300,thousands,3,v52300161,5,4.528,,,,3
2016-02,New Brunswick,2016A000213,Units,300,thousands,3,v52300162,6,1.013,,,,3
2016-02,Quebec,2016A000224,Units,300,thousands,3,v52300163,7,42.247,,,,3
2016-02,Ontario,2016A000235,Units,300,thousands,3,v52300164,8,76.113,,,,3
2016-02,Prairie provinces,2016A00014,Units,300,thousands,3,v52300165,9,32.262,,,,3
2016-02,Manitoba,2016A000246,Units,300,thousands,3,v52300166,10,4.522,,,,3
2016-02,Saskatchewan,2016A000247,Units,300,thousands,3,v52300167,11,5.076,,,,3
2016-02,Alberta,2016A000248,Units,300,thousands,3,v52300168,12,22.664,,,,3
2016-02,British Columbia,2016A000259,Units,300,thousands,3,v52300169,13,55.014,,,,3
2016-03,Canada,2016A000011124,Units,300,thousands,3,v52300157,1,201.172,,,,3
2016-03,Atlantic provinces,2016A00011,Units,300,thousands,3,v52300158,2,4.382,,,,3
2016-03,Newfoundland and Labrador,2016A000210,Units,300,thousands,3,v52300159,3,1.192,,,,3
2016-03,Prince Edward Island,2016A000211,Units,300,thousands,3,v52300160,4,0.244,,,,3
2016-03,Nova Scotia,2016A000212,Units,300,thousands,3,v52300161,5,1.714,,,,3
2016-03,New Brunswick,2016A000213,Units,300,thousands,3,v52300162,6,1.232,,,,3
2016-03,Quebec,2016A000224,Units,300,thousands,3,v52300163,7,37.521,,,,3
2016-03,Ontario,2016A000235,Units,300,thousands,3,v52300164,8,86.185,,,,3
2016-03,Prairie provinces,2016A00014,Units,300,thousands,3,v52300165,9,29.424,,,,3
2016-03,Manitoba,2016A000246,Units,300,thousands,3,v52300166,10,2.886,,,,3
2016-03,Saskatchewan,2016A000247,Units,300,thousands,3,v52300167,11,3.767,,,,3
2016-03,Alberta,2016A000248,Units,300,thousands,3,v52300168,12,22.771,,,,3
2016-03,British Columbia,2016A000259,Units,300,thousands,3,v52300169,13,43.66,,,,3
2016-04,Canada,2016A000011124,Units,300,thousands,3,v52300157,1,191.12,,,,3
2016-04,Atlantic provinces,2016A00011,Units,300,thousands,3,v52300158,2,5.621,,,,3
2016-04,Newfoundland and Labrador,2016A000210,Units,300,thousands,3,v52300159,3,1.215,,,,3
2016-04,Prince Edward Island,2016A000211,Units,300,thousands,3,v52300160,4,0.483,,,,3
2016-04,Nova Scotia,2016A000212,Units,300,thousands,3,v52300161,5,2.313,,,,3
2016-04,New Brunswick,2016A000213,Units,300,thousands,3,v52300162,6,1.61,,,,3
2016-04,Quebec,2016A000224,Units,300,thousands,3,v52300163,7,32.054,,,,3
2016-04,Ontario,2016A000235,Units,300,thousands,3,v52300164,8,68.21,,,,3
2016-04,Prairie provinces,2016A00014,Units,300,thousands,3,v52300165,9,39.058,,,,3
2016-04,Manitoba,2016A000246,Units,300,thousands,3,v52300166,10,5.083,,,,3
2016-04,Saskatchewan,2016A000247,Units,300,thousands,3,v52300167,11,4.853,,,,3
2016-04,Alberta,2016A000248,Units,300,thousands,3,v52300168,12,29.122,,,,3
2016-04,British Columbia,2016A000259,Units,300,thousands,3,v52300169,13,46.177,,,,3
2016-05,Canada,2016A000011124,Units,300,thousands,3,v52300157,1,191.982,,,,3
2016-05,Atlantic provinces,2016A00011,Units,300,thousands,3,v52300158,2,10.144,,,,3
2016-05,Newfoundland and Labrador,2016A000210,Units,300,thousands,3,v52300159,3,1.581,,,,3
2016-05,Prince Edward Island,2016A000211,Units,300,thousands,3,v52300160,4,0.96,,,,3
2016-05,Nova Scotia,2016A000212,Units,300,thousands,3,v52300161,5,4.713,,,,3
2016-05,New Brunswick,2016A000213,Units,300,thousands,3,v52300162,6,2.89,,,,3
2016-05,Quebec,2016A000224,Units,300,thousands,3,v52300163,7,41.864,,,,3
2016-05,Ontario,2016A000235,Units,300,thousands,3,v52300164,8,72.047,,,,3
2016-05,Prairie provinces,2016A00014,Units,300,thousands,3,v52300165,9,31.885,,,,3
2016-05,Manitoba,2016A000246,Units,300,thousands,3,v52300166,10,5.712,,,,3
2016-05,Saskatchewan,2016A000247,Units,300,thousands,3,v52300167,11,3.698,,,,3
2016-05,Alberta,2016A000248,Units,300,thousands,3,v52300168,12,22.475,,,,3
2016-05,British Columbia,2016A000259,Units,300,thousands,3,v52300169,13,36.042,,,,3
2016-06,Canada,2016A000011124,Units,300,thousands,3,v52300157,1,218.07,,,,3
2016-06,Atlantic provinces,2016A00011,Units,300,thousands,3,v52300158,2,8.201,,,,3
2016-06,Newfoundland and Labrador,2016A000210,Units,300,thousands,3,v52300159,3,1.425,,,,3
2016-06,Prince Edward Island,2016A000211,Units,300,thousands,3,v52300160,4,0.359,,,,3
2016-06,Nova Scotia,2016A000212,Units,300,thousands,3,v52300161,5,4.894,,,,3
2016-06,New Brunswick,2016A000213,Units,300,thousands,3,v52300162,6,1.523,,,,3
2016-06,Quebec,2016A000224,Units,300,thousands,3,v52300163,7,37.597,,,,3
2016-06,Ontario,2016A000235,Units,300,thousands,3,v52300164,8,88.35,,,,3
2016-06,Prairie provinces,2016A00014,Units,300,thousands,3,v52300165,9,34.355,,,,3
2016-06,Manitoba,2016A000246,Units,300,thousands,3,v52300166,10,5.192,,,,3
2016-06,Saskatchewan,2016A000247,Units,300,thousands,3,v52300167,11,4.892,,,,3
2016-06,Alberta,2016A000248,Units,300,thousands,3,v52300168,12,24.271,,,,3
2016-06,British Columbia,2016A000259,Units,300,thousands,3,v52300169,13,49.567,,,,3
2016-07,Canada,2016A000011124,Units,300,thousands,3,v52300157,1,199.191,,,,3
2016-07,Atlantic provinces,2016A00011,Units,300,thousands,3,v52300158,2,6.768,,,,3
2016-07,Newfoundland and Labrador,2016A000210,Units,300,thousands,3,v52300159,3,1.18,,,,3
2016-07,Prince Edward Island,2016A000211,Units,300,thousands,3,v52300160,4,0.563,,,,3
2016-07,Nova Scotia,2016A000212,Units,300,thousands,3,v52300161,5,3.856,,,,3
2016-07,New Brunswick,2016A000213,Units,300,thousands,3,v52300162,6,1.169,,,,3
2016-07,Quebec,2016A000224,Units,300,thousands,3,v52300163,7,34.321,,,,3
2016-07,Ontario,2016A000235,Units,300,thousands,3,v52300164,8,79.231,,,,3
2016-07,Prairie provinces,2016A00014,Units,300,thousands,3,v52300165,9,38.875,,,,3
2016-07,Manitoba,2016A000246,Units,300,thousands,3,v52300166,10,7.813,,,,3
2016-07,Saskatchewan,2016A000247,Units,300,thousands,3,v52300167,11,5.609,,,,3
2016-07,Alberta,2016A000248,Units,300,thousands,3,v52300168,12,25.453,,,,3
2016-07,British Columbia,2016A000259,Units,300,thousands,3,v52300169,13,39.996,,,,3
2016-08,Canada,2016A000011124,Units,300,thousands,3,v52300157,1,187.631,,,,3
2016-08,Atlantic provinces,2016A00011,Units,300,thousands,3,v52300158,2,6.632,,,,3
2016-08,Newfoundland and Labrador,2016A000210,Units,300,thousands,3,v52300159,3,1.534,,,,3
2016-08,Prince Edward Island,2016A000211,Units,300,thousands,3,v52300160,4,1.031,,,,3
2016-08,Nova Scotia,2016A000212,Units,300,thousands,3,v52300161,5,2.413,,,,3
2016-08,New Brunswick,2016A000213,Units,300,thousands,3,v52300162,6,1.654,,,,3
2016-08,Quebec,2016A000224,Units,300,thousands,3,v52300163,7,38.349,,,,3
2016-08,Ontario,2016A000235,Units,300,thousands,3,v52300164,8,74.712,,,,3
2016-08,Prairie provinces,2016A00014,Units,300,thousands,3,v52300165,9,31.264,,,,3
2016-08,Manitoba,2016A000246,Units,300,thousands,3,v52300166,10,4.98,,,,3
2016-08,Saskatchewan,2016A000247,Units,300,thousands,3,v52300167,11,6.61,,,,3
2016-08,Alberta,2016A000248,Units,300,thousands,3,v52300168,12,19.674,,,,3
2016-08,British Columbia,2016A000259,Units,300,thousands,3,v52300169,13,36.674,,,,3
2016-09,Canada,2016A000011124,Units,300,thousands,3,v52300157,1,215.556,,,,3
2016-09,Atlantic provinces,2016A00011,Units,300,thousands,3,v52300158,2,11.373,,,,3
2016-09,Newfoundland and Labrador,2016A000210,Units,300,thousands,3,v52300159,3,1.334,,,,3
2016-09,Prince Edward Island,2016A000211,Units,300,thousands,3,v52300160,4,0.918,,,,3
2016-09,Nova Scotia,2016A000212,Units,300,thousands,3,v52300161,5,5.525,,,,3
2016-09,New Brunswick,2016A000213,Units,300,thousands,3,v52300162,6,3.596,,,,3
2016-09,Quebec,2016A000224,Units,300,thousands,3,v52300163,7,48.118,,,,3
2016-09,Ontario,2016A000235,Units,300,thousands,3,v52300164,8,69.061,,,,3
2016-09,Prairie provinces,2016A00014,Units,300,thousands,3,v52300165,9,38.518,,,,3
2016-09,Manitoba,2016A000246,Units,300,thousands,3,v52300166,10,5.189,,,,3
2016-09,Saskatchewan,2016A000247,Units,300,thousands,3,v52300167,11,4.994,,,,3
2016-09,Alberta,2016A000248,Units,300,thousands,3,v52300168,12,28.335,,,,3
2016-09,British Columbia,2016A000259,Units,300,thousands,3,v52300169,13,48.486,,,,3
2016-10,Canada,2016A000011124,Units,300,thousands,3,v52300157,1,194.172,,,,3
2016-10,Atlantic provinces,2016A00011,Units,300,thousands,3,v52300158,2,8.806,,,,3
2016-10,Newfoundland and Labrador,2016A000210,Units,300,thousands,3,v52300159,3,1.576,,,,3
2016-10,Prince Edward Island,2016A000211,Units,300,thousands,3,v52300160,4,0.265,,,,3
2016-10,Nova Scotia,2016A000212,Units,300,thousands,3,v52300161,5,4.604,,,,3
2016-10,New Brunswick,2016A000213,Units,300,thousands,3,v52300162,6,2.361,,,,3
2016-10,Quebec,2016A000224,Units,300,thousands,3,v52300163,7,36.656,,,,3
2016-10,Ontario,2016A000235,Units,300,thousands,3,v52300164,8,84.729,,,,3
2016-10,Prairie provinces,2016A00014,Units,300,thousands,3,v52300165,9,36.276,,,,3
2016-10,Manitoba,2016A000246,Units,300,thousands,3,v52300166,10,5.695,,,,3
2016-10,Saskatchewan,2016A000247,Units,300,thousands,3,v52300167,11,4.885,,,,3
2016-10,Alberta,2016A000248,Units,300,thousands,3,v52300168,12,25.696,,,,3
2016-10,British Columbia,2016A000259,Units,300,thousands,3,v52300169,13,27.705,,,,3
2016-11,Canada,2016A000011124,Units,300,thousands,3,v52300157,1,185.786,,,,3
2016-11,Atlantic provinces,2016A00011,Units,300,thousands,3,v52300158,2,8.403,,,,3
2016-11,Newfoundland and Labrador,2016A000210,Units,300,thousands,3,v52300159,3,1.203,,,,3
2016-11,Prince Edward Island,2016A000211,Units,300,thousands,3,v52300160,4,0.461,,,,3
2016-11,Nova Scotia,2016A000212,Units,300,thousands,3,v52300161,5,4.74,,,,3
2016-11,New Brunswick,2016A000213,Units,300,thousands,3,v52300162,6,1.999,,,,3
2016-11,Quebec,2016A000224,Units,300,thousands,3,v52300163,7,37.18,,,,3
2016-11,Ontario,2016A000235,Units,300,thousands,3,v52300164,8,58.144,,,,3
2016-11,Prairie provinces,2016A00014,Units,300,thousands,3,v52300165,9,36.356,,,,3
2016-11,Manitoba,2016A000246,Units,300,thousands,3,v52300166,10,7.052,,,,3
2016-11,Saskatchewan,2016A000247,Units,300,thousands,3,v52300167,11,4.122,,,,3
2016-11,Alberta,2016A000248,Units,300,thousands,3,v52300168,12,25.182,,,,3
2016-11,British Columbia,2016A000259,Units,300,thousands,3,v52300169,13,45.703,,,,3
2016-12,Canada,2016A000011124,Units,300,thousands,3,v52300157,1,202.693,,,,3
2016-12,Atlantic provinces,2016A00011,Units,300,thousands,3,v52300158,2,7.001,,,,3
2016-12,Newfoundland and Labrador,2016A000210,Units,300,thousands,3,v52300159,3,1.242,,,,3
2016-12,Prince Edward Island,2016A000211,Units,300,thousands,3,v52300160,4,0.332,,,,3
2016-12,Nova Scotia,2016A000212,Units,300,thousands,3,v52300161,5,3.671,,,,3
2016-12,New Brunswick,2016A000213,Units,300,thousands,3,v52300162,6,1.756,,,,3
2016-12,Quebec,2016A000224,Units,300,thousands,3,v52300163,7,39.109,,,,3
2016-12,Ontario,2016A000235,Units,300,thousands,3,v52300164,8,79.135,,,,3
2016-12,Prairie provinces,2016A00014,Units,300,thousands,3,v52300165,9,35.98,,,,3
2016-12,Manitoba,2016A000246,Units,300,thousands,3,v52300166,10,4.458,,,,3
2016-12,Saskatchewan,2016A000247,Units,300,thousands,3,v52300167,11,5.048,,,,3
2016-12,Alberta,2016A000248,Units,300,thousands,3,v52300168,12,26.474,,,,3
2016-12,British Columbia,2016A000259,Units,300,thousands,3,v52300169,13,41.468,,,,3
2017-01,Canada,2016A000011124,Units,300,thousands,3,v52300157,1,206.567,,,,3
2017-01,Atlantic provinces,2016A00011,Units,300,thousands,3,v52300158,2,7.881,,,,3
2017-01,Newfoundland and Labrador,2016A000210,Units,300,thousands,3,v52300159,3,1.161,,,,3
2017-01,Prince Edward Island,2016A000211,Units,300,thousands,3,v52300160,4,0.965,,,,3
2017-01,Nova Scotia,2016A000212,Units,300,thousands,3,v52300161,5,3.752,,,,3
2017-01,New Brunswick,2016A000213,Units,300,thousands,3,v52300162,6,2.003,,,,3
2017-01,Quebec,2016A000224,Units,300,thousands,3,v52300163,7,38.962,,,,3
2017-01,Ontario,2016A000235,Units,300,thousands,3,v52300164,8,98.08,,,,3
2017-01,Prairie provinces,2016A00014,Units,300,thousands,3,v52300165,9,33.341,,,,3
2017-01,Manitoba,2016A000246,Units,300,thousands,3,v52300166,10,11.226,,,,3
2017-01,Saskatchewan,2016A000247,Units,300,thousands,3,v52300167,11,3.828,,,,3
2017-01,Alberta,2016A000248,Units,300,thousands,3,v52300168,12,18.287,,,,3
2017-01,British Columbia,2016A000259,Units,300,thousands,3,v52300169,13,28.303,,,,3
2017-02,Canada,2016A000011124,Units,300,thousands,3,v52300157,1,208.686,,,,3
2017-02,Atlantic provinces,2016A00011,Units,300,thousands,3,v52300158,2,8.654,,,,3
2017-02,Newfoundland and Labrador,2016A000210,Units,300,thousands,3,v52300159,3,1.36,,,,3
2017-02,Prince Edward Island,2016A000211,Units,300,thousands,3,v52300160,4,0.582,,,,3
2017-02,Nova Scotia,2016A000212,Units,300,thousands,3,v52300161,5,5.805,,,,3
2017-02,New Brunswick,2016A000213,Units,300,thousands,3,v52300162,6,0.907,,,,3
2017-02,Quebec,2016A000224,Units,300,thousands,3,v52300163,7,44.654,,,,3
2017-02,Ontario,2016A000235,Units,300,thousands,3,v52300164,8,83.459,,,,3
2017-02,Prairie provinces,2016A00014,Units,300,thousands,3,v52300165,9,40.869,,,,3
2017-02,Manitoba,2016A000246,Units,300,thousands,3,v52300166,10,8.836,,,,3
2017-02,Saskatchewan,2016A000247,Units,300,thousands,3,v52300167,11,5.004,,,,3
2017-02,Alberta,2016A000248,Units,300,thousands,3,v52300168,12,27.029,,,,3
2017-02,British Columbia,2016A000259,Units,300,thousands,3,v52300169,13,31.05,,,,3
2017-03,Canada,2016A000011124,Units,300,thousands,3,v52300157,1,245.562,,,,3
2017-03,Atlantic provinces,2016A00011,Units,300,thousands,3,v52300158,2,5.475,,,,3
2017-03,Newfoundland and Labrador,2016A000210,Units,300,thousands,3,v52300159,3,0.854,,,,3
2017-03,Prince Edward Island,2016A000211,Units,300,thousands,3,v52300160,4,1.213,,,,3
2017-03,Nova Scotia,2016A000212,Units,300,thousands,3,v52300161,5,1.854,,,,3
2017-03,New Brunswick,2016A000213,Units,300,thousands,3,v52300162,6,1.554,,,,3
2017-03,Quebec,2016A000224,Units,300,thousands,3,v52300163,7,55.617,,,,3
2017-03,Ontario,2016A000235,Units,300,thousands,3,v52300164,8,88.18,,,,3
2017-03,Prairie provinces,2016A00014,Units,300,thousands,3,v52300165,9,48.674,,,,3
2017-03,Manitoba,2016A000246,Units,300,thousands,3,v52300166,10,8.027,,,,3
2017-03,Saskatchewan,2016A000247,Units,300,thousands,3,v52300167,11,5.057,,,,3
2017-03,Alberta,2016A000248,Units,300,thousands,3,v52300168,12,35.59,,,,3
2017-03,British Columbia,2016A000259,Units,300,thousands,3,v52300169,13,47.616,,,,3
2017-04,Canada,2016A000011124,Units,300,thousands,3,v52300157,1,212.852,,,,3
2017-04,Atlantic provinces,2016A00011,Units,300,thousands,3,v52300158,2,9.41,,,,3
2017-04,Newfoundland and Labrador,2016A000210,Units,300,thousands,3,v52300159,3,0.913,,,,3
2017-04,Prince Edward Island,2016A000211,Units,300,thousands,3,v52300160,4,0.623,,,,3
2017-04,Nova Scotia,2016A000212,Units,300,thousands,3,v52300161,5,6.578,,,,3
2017-04,New Brunswick,2016A000213,Units,300,thousands,3,v52300162,6,1.296,,,,3
2017-04,Quebec,2016A000224,Units,300,thousands,3,v52300163,7,41.372,,,,3
2017-04,Ontario,2016A000235,Units,300,thousands,3,v52300164,8,74.274,,,,3
2017-04,Prairie provinces,2016A00014,Units,300,thousands,3,v52300165,9,41.873,,,,3
2017-04,Manitoba,2016A000246,Units,300,thousands,3,v52300166,10,5.922,,,,3
2017-04,Saskatchewan,2016A000247,Units,300,thousands,3,v52300167,11,4.278,,,,3
2017-04,Alberta,2016A000248,Units,300,thousands,3,v52300168,12,31.673,,,,3
2017-04,British Columbia,2016A000259,Units,300,thousands,3,v52300169,13,45.923,,,,3
2017-05,Canada,2016A000011124,Units,300,thousands,3,v52300157,1,198.484,,,,3
2017-05,Atlantic provinces,2016A00011,Units,300,thousands,3,v52300158,2,8.944,,,,3
2017-05,Newfoundland and Labrador,2016A000210,Units,300,thousands,3,v52300159,3,1.06,,,,3
2017-05,Prince Edward Island,2016A000211,Units,300,thousands,3,v52300160,4,0.846,,,,3
2017-05,Nova Scotia,2016A000212,Units,300,thousands,3,v52300161,5,4.57,,,,3
2017-05,New Brunswick,2016A000213,Units,300,thousands,3,v52300162,6,2.468,,,,3
2017-05,Quebec,2016A000224,Units,300,thousands,3,v52300163,7,37.543,,,,3
2017-05,Ontario,2016A000235,Units,300,thousands,3,v52300164,8,55.552,,,,3
2017-05,Prairie provinces,2016A00014,Units,300,thousands,3,v52300165,9,48.344,,,,3
2017-05,Manitoba,2016A000246,Units,300,thousands,3,v52300166,10,10.778,,,,3
2017-05,Saskatchewan,2016A000247,Units,300,thousands,3,v52300167,11,5.274,,,,3
2017-05,Alberta,2016A000248,Units,300,thousands,3,v52300168,12,32.292,,,,3
2017-05,British Columbia,2016A000259,Units,300,thousands,3,v52300169,13,48.101,,,,3
2017-06,Canada,2016A000011124,Units,300,thousands,3,v52300157,1,209.111,,,,3
2017-06,Atlantic provinces,2016A00011,Units,300,thousands,3,v52300158,2,7.427,,,,3
2017-06,Newfoundland and Labrador,2016A000210,Units,300,thousands,3,v52300159,3,1.417,,,,3
2017-06,Prince Edward Island,2016A000211,Units,300,thousands,3,v52300160,4,1.387,,,,3
2017-06,Nova Scotia,2016A000212,Units,300,thousands,3,v52300161,5,2.614,,,,3
2017-06,New Brunswick,2016A000213,Units,300,thousands,3,v52300162,6,2.009,,,,3
2017-06,Quebec,2016A000224,Units,300,thousands,3,v52300163,7,40.258,,,,3
2017-06,Ontario,2016A000235,Units,300,thousands,3,v52300164,8,78.35,,,,3
2017-06,Prairie provinces,2016A00014,Units,300,thousands,3,v52300165,9,42.877,,,,3
2017-06,Manitoba,2016A000246,Units,300,thousands,3,v52300166,10,6.932,,,,3
2017-06,Saskatchewan,2016A000247,Units,300,thousands,3,v52300167,11,5.25,,,,3
2017-06,Alberta,2016A000248,Units,300,thousands,3,v52300168,12,30.695,,,,3
2017-06,British Columbia,2016A000259,Units,300,thousands,3,v52300169,13,40.199,,,,3
2017-07,Canada,2016A000011124,Units,300,thousands,3,v52300157,1,229.448,,,,3
2017-07,Atlantic provinces,2016A00011,Units,300,thousands,3,v52300158,2,9.306,,,,3
2017-07,Newfoundland and Labrador,2016A000210,Units,300,thousands,3,v52300159,3,1.803,,,,3
2017-07,Prince Edward Island,2016A000211,Units,300,thousands,3,v52300160,4,1.032,,,,3
2017-07,Nova Scotia,2016A000212,Units,300,thousands,3,v52300161,5,4.427,,,,3
2017-07,New Brunswick,2016A000213,Units,300,thousands,3,v52300162,6,2.044,,,,3
2017-07,Quebec,2016A000224,Units,300,thousands,3,v52300163,7,44.78,,,,3
2017-07,Ontario,2016A000235,Units,300,thousands,3,v52300164,8,82.919,,,,3
2017-07,Prairie provinces,2016A00014,Units,300,thousands,3,v52300165,9,44.192,,,,3
2017-07,Manitoba,2016A000246,Units,300,thousands,3,v52300166,10,5.112,,,,3
2017-07,Saskatchewan,2016A000247,Units,300,thousands,3,v52300167,11,5.452,,,,3
2017-07,Alberta,2016A000248,Units,300,thousands,3,v52300168,12,33.628,,,,3
2017-07,British Columbia,2016A000259,Units,300,thousands,3,v52300169,13,48.251,,,,3
2017-08,Canada,2016A000011124,Units,300,thousands,3,v52300157,1,227.274,,,,3
2017-08,Atlantic provinces,2016A00011,Units,300,thousands,3,v52300158,2,7.075,,,,3
2017-08,Newfoundland and Labrador,2016A000210,Units,300,thousands,3,v52300159,3,1.415,,,,3
2017-08,Prince Edward Island,2016A000211,Units,300,thousands,3,v52300160,4,0.728,,,,3
2017-08,Nova Scotia,2016A000212,Units,300,thousands,3,v52300161,5,3.459,,,,3
2017-08,New Brunswick,2016A000213,Units,300,thousands,3,v52300162,6,1.473,,,,3
2017-08,Quebec,2016A000224,Units,300,thousands,3,v52300163,7,45.038,,,,3
2017-08,Ontario,2016A000235,Units,300,thousands,3,v52300164,8,97.267,,,,3
2017-08,Prairie provinces,2016A00014,Units,300,thousands,3,v52300165,9,39.972,,,,3
2017-08,Manitoba,2016A000246,Units,300,thousands,3,v52300166,10,7.307,,,,3
2017-08,Saskatchewan,2016A000247,Units,300,thousands,3,v52300167,11,7.214,,,,3
2017-08,Alberta,2016A000248,Units,300,thousands,3,v52300168,12,25.451,,,,3
2017-08,British Columbia,2016A000259,Units,300,thousands,3,v52300169,13,37.922,,,,3
2017-09,Canada,2016A000011124,Units,300,thousands,3,v52300157,1,218.566,,,,3
2017-09,Atlantic provinces,2016A00011,Units,300,thousands,3,v52300158,2,11.64,,,,3
2017-09,Newfoundland and Labrador,2016A000210,Units,300,thousands,3,v52300159,3,1.157,,,,3
2017-09,Prince Edward Island,2016A000211,Units,300,thousands,3,v52300160,4,1.231,,,,3
2017-09,Nova Scotia,2016A000212,Units,300,thousands,3,v52300161,5,5.383,,,,3
2017-09,New Brunswick,2016A000213,Units,300,thousands,3,v52300162,6,3.869,,,,3
2017-09,Quebec,2016A000224,Units,300,thousands,3,v52300163,7,50.215,,,,3
2017-09,Ontario,2016A000235,Units,300,thousands,3,v52300164,8,77.207,,,,3
2017-09,Prairie provinces,2016A00014,Units,300,thousands,3,v52300165,9,39.165,,,,3
2017-09,Manitoba,2016A000246,Units,300,thousands,3,v52300166,10,6.384,,,,3
2017-09,Saskatchewan,2016A000247,Units,300,thousands,3,v52300167,11,3.836,,,,3
2017-09,Alberta,2016A000248,Units,300,thousands,3,v52300168,12,28.945,,,,3
2017-09,British Columbia,2016A000259,Units,300,thousands,3,v52300169,13,40.339,,,,3
2017-10,Canada,2016A000011124,Units,300,thousands,3,v52300157,1,220.517,,,,3
2017-10,Atlantic provinces,2016A00011,Units,300,thousands,3,v52300158,2,8.868,,,,3
2017-10,Newfoundland and Labrador,2016A000210,Units,300,thousands,3,v52300159,3,1.72,,,,3
2017-10,Prince Edward Island,2016A000211,Units,300,thousands,3,v52300160,4,0.867,,,,3
2017-10,Nova Scotia,2016A000212,Units,300,thousands,3,v52300161,5,2.668,,,,3
2017-10,New Brunswick,2016A000213,Units,300,thousands,3,v52300162,6,3.613,,,,3
2017-10,Quebec,2016A000224,Units,300,thousands,3,v52300163,7,52.739,,,,3
2017-10,Ontario,2016A000235,Units,300,thousands,3,v52300164,8,60.636,,,,3
2017-10,Prairie provinces,2016A00014,Units,300,thousands,3,v52300165,9,41.409,,,,3
2017-10,Manitoba,2016A000246,Units,300,thousands,3,v52300166,10,5.487,,,,3
2017-10,Saskatchewan,2016A000247,Units,300,thousands,3,v52300167,11,5.596,,,,3
2017-10,Alberta,2016A000248,Units,300,thousands,3,v52300168,12,30.326,,,,3
2017-10,British Columbia,2016A000259,Units,300,thousands,3,v52300169,13,56.865,,,,3
2017-11,Canada,2016A000011124,Units,300,thousands,3,v52300157,1,248.331,,,,3
2017-11,Atlantic provinces,2016A00011,Units,300,thousands,3,v52300158,2,9.228,,,,3
2017-11,Newfoundland and Labrador,2016A000210,Units,300,thousands,3,v52300159,3,1.78,,,,3
2017-11,Prince Edward Island,2016A000211,Units,300,thousands,3,v52300160,4,1.171,,,,3
2017-11,Nova Scotia,2016A000212,Units,300,thousands,3,v52300161,5,3.551,,,,3
2017-11,New Brunswick,2016A000213,Units,300,thousands,3,v52300162,6,2.726,,,,3
2017-11,Quebec,2016A000224,Units,300,thousands,3,v52300163,7,49.023,,,,3
2017-11,Ontario,2016A000235,Units,300,thousands,3,v52300164,8,97.715,,,,3
2017-11,Prairie provinces,2016A00014,Units,300,thousands,3,v52300165,9,45.863,,,,3
2017-11,Manitoba,2016A000246,Units,300,thousands,3,v52300166,10,7.046,,,,3
2017-11,Saskatchewan,2016A000247,Units,300,thousands,3,v52300167,11,4.177,,,,3
2017-11,Alberta,2016A000248,Units,300,thousands,3,v52300168,12,34.64,,,,3
2017-11,British Columbia,2016A000259,Units,300,thousands,3,v52300169,13,46.502,,,,3
2017-12,Canada,2016A000011124,Units,300,thousands,3,v52300157,1,214.309,,,,3
2017-12,Atlantic provinces,2016A00011,Units,300,thousands,3,v52300158,2,9.066,,,,3
2017-12,Newfoundland and Labrador,2016A000210,Units,300,thousands,3,v52300159,3,1.957,,,,3
2017-12,Prince Edward Island,2016A000211,Units,300,thousands,3,v52300160,4,0.687,,,,3
2017-12,Nova Scotia,2016A000212,Units,300,thousands,3,v52300161,5,3.566,,,,3
2017-12,New Brunswick,2016A000213,Units,300,thousands,3,v52300162,6,2.856,,,,3
2017-12,Quebec,2016A000224,Units,300,thousands,3,v52300163,7,52.907,,,,3
2017-12,Ontario,2016A000235,Units,300,thousands,3,v52300164,8,64.877,,,,3
2017-12,Prairie provinces,2016A00014,Units,300,thousands,3,v52300165,9,36.002,,,,3
2017-12,Manitoba,2016A000246,Units,300,thousands,3,v52300166,10,8.208,,,,3
2017-12,Saskatchewan,2016A000247,Units,300,thousands,3,v52300167,11,4.488,,,,3
2017-12,Alberta,2016A000248,Units,300,thousands,3,v52300168,12,23.306,,,,3
2017-12,British Columbia,2016A000259,Units,300,thousands,3,v52300169,13,51.457,,,,3
2018-01,Canada,2016A000011124,Units,300,thousands,3,v52300157,1,216.76,,,,3
2018-01,Atlantic provinces,2016A00011,Units,300,thousands,3,v52300158,2,9.208,,,,3
2018-01,Newfoundland and Labrador,2016A000210,Units,300,thousands,3,v52300159,3,1.629,,,,3
2018-01,Prince Edward Island,2016A000211,Units,300,thousands,3,v52300160,4,0.502,,,,3
2018-01,Nova Scotia,2016A000212,Units,300,thousands,3,v52300161,5,5.007,,,,3
2018-01,New Brunswick,2016A000213,Units,300,thousands,3,v52300162,6,2.07,,,,3
2018-01,Quebec,2016A000224,Units,300,thousands,3,v52300163,7,42.763,,,,3
2018-01,Ontario,2016A000235,Units,300,thousands,3,v52300164,8,84.077,,,,3
2018-01,Prairie provinces,2016A00014,Units,300,thousands,3,v52300165,9,35.594,,,,3
2018-01,Manitoba,2016A000246,Units,300,thousands,3,v52300166,10,4.604,,,,3
2018-01,Saskatchewan,2016A000247,Units,300,thousands,3,v52300167,11,5.752,,,,3
2018-01,Alberta,2016A000248,Units,300,thousands,3,v52300168,12,25.238,,,,3
2018-01,British Columbia,2016A000259,Units,300,thousands,3,v52300169,13,45.118,,,,3
2018-02,Canada,2016A000011124,Units,300,thousands,3,v52300157,1,229.432,,,,3
2018-02,Atlantic provinces,2016A00011,Units,300,thousands,3,v52300158,2,8.992,,,,3
2018-02,Newfoundland and Labrador,2016A000210,Units,300,thousands,3,v52300159,3,1.23,,,,3
2018-02,Prince Edward Island,2016A000211,Units,300,thousands,3,v52300160,4,0.799,,,,3
2018-02,Nova Scotia,2016A000212,Units,300,thousands,3,v52300161,5,5.484,,,,3
2018-02,New Brunswick,2016A000213,Units,300,thousands,3,v52300162,6,1.479,,,,3
2018-02,Quebec,2016A000224,Units,300,thousands,3,v52300163,7,51.064,,,,3
2018-02,Ontario,2016A000235,Units,300,thousands,3,v52300164,8,102.782,,,,3
2018-02,Prairie provinces,2016A00014,Units,300,thousands,3,v52300165,9,32.447,,,,3
2018-02,Manitoba,2016A000246,Units,300,thousands,3,v52300166,10,4.861,,,,3
2018-02,Saskatchewan,2016A000247,Units,300,thousands,3,v52300167,11,3.6,,,,3
2018-02,Alberta,2016A000248,Units,300,thousands,3,v52300168,12,23.986,,,,3
2018-02,British Columbia,2016A000259,Units,300,thousands,3,v52300169,13,34.147,,,,3
2018-03,Canada,2016A000011124,Units,300,thousands,3,v52300157,1,221.226,,,,3
2018-03,Atlantic provinces,2016A00011,Units,300,thousands,3,v52300158,2,11.956,,,,3
2018-03,Newfoundland and Labrador,2016A000210,Units,300,thousands,3,v52300159,3,6.189,,,,3
2018-03,Prince Edward Island,2016A000211,Units,300,thousands,3,v52300160,4,0.885,,,,3
2018-03,Nova Scotia,2016A000212,Units,300,thousands,3,v52300161,5,3.13,,,,3
2018-03,New Brunswick,2016A000213,Units,300,thousands,3,v52300162,6,1.752,,,,3
2018-03,Quebec,2016A000224,Units,300,thousands,3,v52300163,7,50.122,,,,3
2018-03,Ontario,2016A000235,Units,300,thousands,3,v52300164,8,73.48,,,,3
2018-03,Prairie provinces,2016A00014,Units,300,thousands,3,v52300165,9,36.653,,,,3
2018-03,Manitoba,2016A000246,Units,300,thousands,3,v52300166,10,7.405,,,,3
2018-03,Saskatchewan,2016A000247,Units,300,thousands,3,v52300167,11,2.165,,,,3
2018-03,Alberta,2016A000248,Units,300,thousands,3,v52300168,12,27.083,,,,3
2018-03,British Columbia,2016A000259,Units,300,thousands,3,v52300169,13,49.015,,,,3
2018-04,Canada,2016A000011124,Units,300,thousands,3,v52300157,1,211.956,,,,3
2018-04,Atlantic provinces,2016A00011,Units,300,thousands,3,v52300158,2,8.125,,,,3
2018-04,Newfoundland and Labrador,2016A000210,Units,300,thousands,3,v52300159,3,1.018,,,,3
2018-04,Prince Edward Island,2016A000211,Units,300,thousands,3,v52300160,4,1.736,,,,3
2018-04,Nova Scotia,2016A000212,Units,300,thousands,3,v52300161,5,3.994,,,,3
2018-04,New Brunswick,2016A000213,Units,300,thousands,3,v52300162,6,1.377,,,,3
2018-04,Quebec,2016A000224,Units,300,thousands,3,v52300163,7,54.513,,,,3
2018-04,Ontario,2016A000235,Units,300,thousands,3,v52300164,8,69.794,,,,3
2018-04,Prairie provinces,2016A00014,Units,300,thousands,3,v52300165,9,38.702,,,,3
2018-04,Manitoba,2016A000246,Units,300,thousands,3,v52300166,10,6.243,,,,3
2018-04,Saskatchewan,2016A000247,Units,300,thousands,3,v52300167,11,2.353,,,,3
2018-04,Alberta,2016A000248,Units,300,thousands,3,v52300168,12,30.106,,,,3
2018-04,British Columbia,2016A000259,Units,300,thousands,3,v52300169,13,40.822,,,,3
2018-05,Canada,2016A000011124,Units,300,thousands,3,v52300157,1,196.246,,,,3
2018-05,Atlantic provinces,2016A00011,Units,300,thousands,3,v52300158,2,7.689,,,,3
2018-05,Newfoundland and Labrador,2016A000210,Units,300,thousands,3,v52300159,3,0.827,,,,3
2018-05,Prince Edward Island,2016A000211,Units,300,thousands,3,v52300160,4,0.797,,,,3
2018-05,Nova Scotia,2016A000212,Units,300,thousands,3,v52300161,5,3.944,,,,3
2018-05,New Brunswick,2016A000213,Units,300,thousands,3,v52300162,6,2.121,,,,3
2018-05,Quebec,2016A000224,Units,300,thousands,3,v52300163,7,42.397,,,,3
2018-05,Ontario,2016A000235,Units,300,thousands,3,v52300164,8,56.66,,,,3
2018-05,Prairie provinces,2016A00014,Units,300,thousands,3,v52300165,9,46.46,,,,3
2018-05,Manitoba,2016A000246,Units,300,thousands,3,v52300166,10,6.347,,,,3
2018-05,Saskatchewan,2016A000247,Units,300,thousands,3,v52300167,11,4.386,,,,3
2018-05,Alberta,2016A000248,Units,300,thousands,3,v52300168,12,35.727,,,,3
2018-05,British Columbia,2016A000259,Units,300,thousands,3,v52300169,13,43.04,,,,3
2018-06,Canada,2016A000011124,Units,300,thousands,3,v52300157,1,241.899,,,,3
2018-06,Atlantic provinces,2016A00011,Units,300,thousands,3,v52300158,2,11.621,,,,3
2018-06,Newfoundland and Labrador,2016A000210,Units,300,thousands,3,v52300159,3,1.002,,,,3
2018-06,Prince Edward Island,2016A000211,Units,300,thousands,3,v52300160,4,0.999,,,,3
2018-06,Nova Scotia,2016A000212,Units,300,thousands,3,v52300161,5,6.339,,,,3
2018-06,New Brunswick,2016A000213,Units,300,thousands,3,v52300162,6,3.281,,,,3
2018-06,Quebec,2016A000224,Units,300,thousands,3,v52300163,7,53.67,,,,3
2018-06,Ontario,2016A000235,Units,300,thousands,3,v52300164,8,104.647,,,,3
2018-06,Prairie provinces,2016A00014,Units,300,thousands,3,v52300165,9,35.555,,,,3
2018-06,Manitoba,2016A000246,Units,300,thousands,3,v52300166,10,6.708,,,,3
2018-06,Saskatchewan,2016A000247,Units,300,thousands,3,v52300167,11,2.986,,,,3
2018-06,Alberta,2016A000248,Units,300,thousands,3,v52300168,12,25.861,,,,3
2018-06,British Columbia,2016A000259,Units,300,thousands,3,v52300169,13,36.406,,,,3
2018-07,Canada,2016A000011124,Units,300,thousands,3,v52300157,1,201.553,,,,3
2018-07,Atlantic provinces,2016A00011,Units,300,thousands,3,v52300158,2,11.168,,,,3
2018-07,Newfoundland and Labrador,2016A000210,Units,300,thousands,3,v52300159,3,1.39,,,,3
2018-07,Prince Edward Island,2016A000211,Units,300,thousands,3,v52300160,4,0.567,,,,3
2018-07,Nova Scotia,2016A000212,Units,300,thousands,3,v52300161,5,6.553,,,,3
2018-07,New Brunswick,2016A000213,Units,300,thousands,3,v52300162,6,2.658,,,,3
2018-07,Quebec,2016A000224,Units,300,thousands,3,v52300163,7,35.598,,,,3
2018-07,Ontario,2016A000235,Units,300,thousands,3,v52300164,8,68.846,,,,3
2018-07,Prairie provinces,2016A00014,Units,300,thousands,3,v52300165,9,42.728,,,,3
2018-07,Manitoba,2016A000246,Units,300,thousands,3,v52300166,10,9.46,,,,3
2018-07,Saskatchewan,2016A000247,Units,300,thousands,3,v52300167,11,3.107,,,,3
2018-07,Alberta,2016A000248,Units,300,thousands,3,v52300168,12,30.161,,,,3
2018-07,British Columbia,2016A000259,Units,300,thousands,3,v52300169,13,43.213,,,,3
2018-08,Canada,2016A000011124,Units,300,thousands,3,v52300157,1,197.116,,,,3
2018-08,Atlantic provinces,2016A00011,Units,300,thousands,3,v52300158,2,9.249,,,,3
2018-08,Newfoundland and Labrador,2016A000210,Units,300,thousands,3,v52300159,3,1.188,,,,3
2018-08,Prince Edward Island,2016A000211,Units,300,thousands,3,v52300160,4,0.901,,,,3
2018-08,Nova Scotia,2016A000212,Units,300,thousands,3,v52300161,5,5.414,,,,3
2018-08,New Brunswick,2016A000213,Units,300,thousands,3,v52300162,6,1.746,,,,3
2018-08,Quebec,2016A000224,Units,300,thousands,3,v52300163,7,30.13,,,,3
2018-08,Ontario,2016A000235,Units,300,thousands,3,v52300164,8,63.8,,,,3
2018-08,Prairie provinces,2016A00014,Units,300,thousands,3,v52300165,9,46.663,,,,3
2018-08,Manitoba,2016A000246,Units,300,thousands,3,v52300166,10,9.788,,,,3
2018-08,Saskatchewan,2016A000247,Units,300,thousands,3,v52300167,11,3.865,,,,3
2018-08,Alberta,2016A000248,Units,300,thousands,3,v52300168,12,33.01,,,,3
2018-08,British Columbia,2016A000259,Units,300,thousands,3,v52300169,13,47.274,,,,3
2018-09,Canada,2016A000011124,Units,300,thousands,3,v52300157,1,193.498,,,,3
2018-09,Atlantic provinces,2016A00011,Units,300,thousands,3,v52300158,2,11.783,,,,3
2018-09,Newfoundland and Labrador,2016A000210,Units,300,thousands,3,v52300159,3,1.142,,,,3
2018-09,Prince Edward Island,2016A000211,Units,300,thousands,3,v52300160,4,1.045,,,,3
2018-09,Nova Scotia,2016A000212,Units,300,thousands,3,v52300161,5,6.846,,,,3
2018-09,New Brunswick,2016A000213,Units,300,thousands,3,v52300162,6,2.75,,,,3
2018-09,Quebec,2016A000224,Units,300,thousands,3,v52300163,7,41.316,,,,3
2018-09,Ontario,2016A000235,Units,300,thousands,3,v52300164,8,76.899,,,,3
2018-09,Prairie provinces,2016A00014,Units,300,thousands,3,v52300165,9,35.546,,,,3
2018-09,Manitoba,2016A000246,Units,300,thousands,3,v52300166,10,9.748,,,,3
2018-09,Saskatchewan,2016A000247,Units,300,thousands,3,v52300167,11,3.574,,,,3
2018-09,Alberta,2016A000248,Units,300,thousands,3,v52300168,12,22.224,,,,3
2018-09,British Columbia,2016A000259,Units,300,thousands,3,v52300169,13,27.954,,,,3
2018-10,Canada,2016A000011124,Units,300,thousands,3,v52300157,1,213.713,,,,3
2018-10,Atlantic provinces,2016A00011,Units,300,thousands,3,v52300158,2,7.163,,,,3
2018-10,Newfoundland and Labrador,2016A000210,Units,300,thousands,3,v52300159,3,0.841,,,,3
2018-10,Prince Edward Island,2016A000211,Units,300,thousands,3,v52300160,4,0.655,,,,3
2018-10,Nova Scotia,2016A000212,Units,300,thousands,3,v52300161,5,2.754,,,,3
2018-10,New Brunswick,2016A000213,Units,300,thousands,3,v52300162,6,2.913,,,,3
2018-10,Quebec,2016A000224,Units,300,thousands,3,v52300163,7,51.12,,,,3
2018-10,Ontario,2016A000235,Units,300,thousands,3,v52300164,8,91.823,,,,3
2018-10,Prairie provinces,2016A00014,Units,300,thousands,3,v52300165,9,30.639,,,,3
2018-10,Manitoba,2016A000246,Units,300,thousands,3,v52300166,10,6.566,,,,3
2018-10,Saskatchewan,2016A000247,Units,300,thousands,3,v52300167,11,6.466,,,,3
2018-10,Alberta,2016A000248,Units,300,thousands,3,v52300168,12,17.607,,,,3
2018-10,British Columbia,2016A000259,Units,300,thousands,3,v52300169,13,32.968,,,,3
2018-11,Canada,2016A000011124,Units,300,thousands,3,v52300157,1,224.465,,,,3
2018-11,Atlantic provinces,2016A00011,Units,300,thousands,3,v52300158,2,9.713,,,,3
2018-11,Newfoundland and Labrador,2016A000210,Units,300,thousands,3,v52300159,3,0.877,,,,3
2018-11,Prince Edward Island,2016A000211,Units,300,thousands,3,v52300160,4,2.072,,,,3
2018-11,Nova Scotia,2016A000212,Units,300,thousands,3,v52300161,5,3.797,,,,3
2018-11,New Brunswick,2016A000213,Units,300,thousands,3,v52300162,6,2.967,,,,3
2018-11,Quebec,2016A000224,Units,300,thousands,3,v52300163,7,51.474,,,,3
2018-11,Ontario,2016A000235,Units,300,thousands,3,v52300164,8,85.106,,,,3
2018-11,Prairie provinces,2016A00014,Units,300,thousands,3,v52300165,9,37.98,,,,3
2018-11,Manitoba,2016A000246,Units,300,thousands,3,v52300166,10,9.814,,,,3
2018-11,Saskatchewan,2016A000247,Units,300,thousands,3,v52300167,11,2.545,,,,3
2018-11,Alberta,2016A000248,Units,300,thousands,3,v52300168,12,25.621,,,,3
2018-11,British Columbia,2016A000259,Units,300,thousands,3,v52300169,13,40.192,,,,3
2018-12,Canada,2016A000011124,Units,300,thousands,3,v52300157,1,214.99,,,,3
2018-12,Atlantic provinces,2016A00011,Units,300,thousands,3,v52300158,2,10.501,,,,3
2018-12,Newfoundland and Labrador,2016A000210,Units,300,thousands,3,v52300159,3,0.921,,,,3
2018-12,Prince Edward Island,2016A000211,Units,300,thousands,3,v52300160,4,1.449,,,,3
2018-12,Nova Scotia,2016A000212,Units,300,thousands,3,v52300161,5,5.351,,,,3
2018-12,New Brunswick,2016A000213,Units,300,thousands,3,v52300162,6,2.78,,,,3
2018-12,Quebec,2016A000224,Units,300,thousands,3,v52300163,7,54.966,,,,3
2018-12,Ontario,2016A000235,Units,300,thousands,3,v52300164,8,70.994,,,,3
2018-12,Prairie provinces,2016A00014,Units,300,thousands,3,v52300165,9,27.402,,,,3
2018-12,Manitoba,2016A000246,Units,300,thousands,3,v52300166,10,6.445,,,,3
2018-12,Saskatchewan,2016A000247,Units,300,thousands,3,v52300167,11,2.311,,,,3
2018-12,Alberta,2016A000248,Units,300,thousands,3,v52300168,12,18.646,,,,3
2018-12,British Columbia,2016A000259,Units,300,thousands,3,v52300169,13,51.127,,,,3
2019-01,Canada,2016A000011124,Units,300,thousands,3,v52300157,1,200.484,,,,3
2019-01,Atlantic provinces,2016A00011,Units,300,thousands,3,v52300158,2,6.908,,,,3
2019-01,Newfoundland and Labrador,2016A000210,Units,300,thousands,3,v52300159,3,0.628,,,,3
2019-01,Prince Edward Island,2016A000211,Units,300,thousands,3,v52300160,4,0.939,,,,3
2019-01,Nova Scotia,2016A000212,Units,300,thousands,3,v52300161,5,3.366,,,,3
2019-01,New Brunswick,2016A000213,Units,300,thousands,3,v52300162,6,1.975,,,,3
2019-01,Quebec,2016A000224,Units,300,thousands,3,v52300163,7,41.267,,,,3
2019-01,Ontario,2016A000235,Units,300,thousands,3,v52300164,8,74.934,,,,3
2019-01,Prairie provinces,2016A00014,Units,300,thousands,3,v52300165,9,34.073,,,,3
2019-01,Manitoba,2016A000246,Units,300,thousands,3,v52300166,10,6.871,,,,3
2019-01,Saskatchewan,2016A000247,Units,300,thousands,3,v52300167,11,2.513,,,,3
2019-01,Alberta,2016A000248,Units,300,thousands,3,v52300168,12,24.689,,,,3
2019-01,British Columbia,2016A000259,Units,300,thousands,3,v52300169,13,43.302,,,,3
2019-02,Canada,2016A000011124,Units,300,thousands,3,v52300157,1,163.048,,,,3
2019-02,Atlantic provinces,2016A00011,Units,300,thousands,3,v52300158,2,5.662,,,,3
2019-02,Newfoundland and Labrador,2016A000210,Units,300,thousands,3,v52300159,3,0.651,,,,3
2019-02,Prince Edward Island,2016A000211,Units,300,thousands,3,v52300160,4,0.475,,,,3
2019-02,Nova Scotia,2016A000212,Units,300,thousands,3,v52300161,5,3.493,,,,3
2019-02,New Brunswick,2016A000213,Units,300,thousands,3,v52300162,6,1.043,,,,3
2019-02,Quebec,2016A000224,Units,300,thousands,3,v52300163,7,35.972,,,,3
2019-02,Ontario,2016A000235,Units,300,thousands,3,v52300164,8,55.533,,,,3
2019-02,Prairie provinces,2016A00014,Units,300,thousands,3,v52300165,9,27.724,,,,3
2019-02,Manitoba,2016A000246,Units,300,thousands,3,v52300166,10,5.615,,,,3
2019-02,Saskatchewan,2016A000247,Units,300,thousands,3,v52300167,11,1.61,,,,3
2019-02,Alberta,2016A000248,Units,300,thousands,3,v52300168,12,20.499,,,,3
2019-02,British Columbia,2016A000259,Units,300,thousands,3,v52300169,13,38.157,,,,3
2019-03,Canada,2016A000011124,Units,300,thousands,3,v52300157,1,192.596,,,,3
2019-03,Atlantic provinces,2016A00011,Units,300,thousands,3,v52300158,2,7.023,,,,3
2019-03,Newfoundland and Labrador,2016A000210,Units,300,thousands,3,v52300159,3,0.615,,,,3
2019-03,Prince Edward Island,2016A000211,Units,300,thousands,3,v52300160,4,0.218,,,,3
2019-03,Nova Scotia,2016A000212,Units,300,thousands,3,v52300161,5,4.953,,,,3
2019-03,New Brunswick,2016A000213,Units,300,thousands,3,v52300162,6,1.237,,,,3
2019-03,Quebec,2016A000224,Units,300,thousands,3,v52300163,7,63.644,,,,3
2019-03,Ontario,2016A000235,Units,300,thousands,3,v52300164,8,60.17,,,,3
2019-03,Prairie provinces,2016A00014,Units,300,thousands,3,v52300165,9,27.243,,,,3
2019-03,Manitoba,2016A000246,Units,300,thousands,3,v52300166,10,5.783,,,,3
2019-03,Saskatchewan,2016A000247,Units,300,thousands,3,v52300167,11,1.866,,,,3
2019-03,Alberta,2016A000248,Units,300,thousands,3,v52300168,12,19.594,,,,3
2019-03,British Columbia,2016A000259,Units,300,thousands,3,v52300169,13,34.516,,,,3
2019-04,Canada,2016A000011124,Units,300,thousands,3,v52300157,1,229.417,,,,3
2019-04,Atlantic provinces,2016A00011,Units,300,thousands,3,v52300158,2,7.141,,,,3
2019-04,Newfoundland and Labrador,2016A000210,Units,300,thousands,3,v52300159,3,0.571,,,,3
2019-04,Prince Edward Island,2016A000211,Units,300,thousands,3,v52300160,4,0.763,,,,3
2019-04,Nova Scotia,2016A000212,Units,300,thousands,3,v52300161,5,3.913,,,,3
2019-04,New Brunswick,2016A000213,Units,300,thousands,3,v52300162,6,1.894,,,,3
2019-04,Quebec,2016A000224,Units,300,thousands,3,v52300163,7,49.815,,,,3
2019-04,Ontario,2016A000235,Units,300,thousands,3,v52300164,8,85.931,,,,3
2019-04,Prairie provinces,2016A00014,Units,300,thousands,3,v52300165,9,33.983,,,,3
2019-04,Manitoba,2016A000246,Units,300,thousands,3,v52300166,10,6.595,,,,3
2019-04,Saskatchewan,2016A000247,Units,300,thousands,3,v52300167,11,1.68,,,,3
2019-04,Alberta,2016A000248,Units,300,thousands,3,v52300168,12,25.708,,,,3
2019-04,British Columbia,2016A000259,Units,300,thousands,3,v52300169,13,52.547,,,,3
2019-05,Canada,2016A000011124,Units,300,thousands,3,v52300157,1,196.581,,,,3
2019-05,Atlantic provinces,2016A00011,Units,300,thousands,3,v52300158,2,8.202,,,,3
2019-05,Newfoundland and Labrador,2016A000210,Units,300,thousands,3,v52300159,3,0.74,,,,3
2019-05,Prince Edward Island,2016A000211,Units,300,thousands,3,v52300160,4,1.291,,,,3
2019-05,Nova Scotia,2016A000212,Units,300,thousands,3,v52300161,5,3.819,,,,3
2019-05,New Brunswick,2016A000213,Units,300,thousands,3,v52300162,6,2.352,,,,3
2019-05,Quebec,2016A000224,Units,300,thousands,3,v52300163,7,47.817,,,,3
2019-05,Ontario,2016A000235,Units,300,thousands,3,v52300164,8,50.528,,,,3
2019-05,Prairie provinces,2016A00014,Units,300,thousands,3,v52300165,9,34.44,,,,3
2019-05,Manitoba,2016A000246,Units,300,thousands,3,v52300166,10,9.38,,,,3
2019-05,Saskatchewan,2016A000247,Units,300,thousands,3,v52300167,11,2.412,,,,3
2019-05,Alberta,2016A000248,Units,300,thousands,3,v52300168,12,22.648,,,,3
2019-05,British Columbia,2016A000259,Units,300,thousands,3,v52300169,13,55.594,,,,3
2019-06,Canada,2016A000011124,Units,300,thousands,3,v52300157,1,242.624,,,,3
2019-06,Atlantic provinces,2016A00011,Units,300,thousands,3,v52300158,2,17.072,,,,3
2019-06,Newfoundland and Labrador,2016A000210,Units,300,thousands,3,v52300159,3,0.98,,,,3
2019-06,Prince Edward Island,2016A000211,Units,300,thousands,3,v52300160,4,2.246,,,,3
2019-06,Nova Scotia,2016A000212,Units,300,thousands,3,v52300161,5,8.077,,,,3
2019-06,New Brunswick,2016A000213,Units,300,thousands,3,v52300162,6,5.769,,,,3
2019-06,Quebec,2016A000224,Units,300,thousands,3,v52300163,7,51.647,,,,3
2019-06,Ontario,2016A000235,Units,300,thousands,3,v52300164,8,66.987,,,,3
2019-06,Prairie provinces,2016A00014,Units,300,thousands,3,v52300165,9,45.212,,,,3
2019-06,Manitoba,2016A000246,Units,300,thousands,3,v52300166,10,10.099,,,,3
2019-06,Saskatchewan,2016A000247,Units,300,thousands,3,v52300167,11,3.055,,,,3
2019-06,Alberta,2016A000248,Units,300,thousands,3,v52300168,12,32.058,,,,3
2019-06,British Columbia,2016A000259,Units,300,thousands,3,v52300169,13,61.706,,,,3
2019-07,Canada,2016A000011124,Units,300,thousands,3,v52300157,1,219.724,,,,3
2019-07,Atlantic provinces,2016A00011,Units,300,thousands,3,v52300158,2,10.195,,,,3
2019-07,Newfoundland and Labrador,2016A000210,Units,300,thousands,3,v52300159,3,0.783,,,,3
2019-07,Prince Edward Island,2016A000211,Units,300,thousands,3,v52300160,4,1.845,,,,3
2019-07,Nova Scotia,2016A000212,Units,300,thousands,3,v52300161,5,4.382,,,,3
2019-07,New Brunswick,2016A000213,Units,300,thousands,3,v52300162,6,3.185,,,,3
2019-07,Quebec,2016A000224,Units,300,thousands,3,v52300163,7,51.261,,,,3
2019-07,Ontario,2016A000235,Units,300,thousands,3,v52300164,8,68.963,,,,3
2019-07,Prairie provinces,2016A00014,Units,300,thousands,3,v52300165,9,38.468,,,,3
2019-07,Manitoba,2016A000246,Units,300,thousands,3,v52300166,10,7.088,,,,3
2019-07,Saskatchewan,2016A000247,Units,300,thousands,3,v52300167,11,1.546,,,,3
2019-07,Alberta,2016A000248,Units,300,thousands,3,v52300168,12,29.834,,,,3
2019-07,British Columbia,2016A000259,Units,300,thousands,3,v52300169,13,50.837,,,,3
2019-08,Canada,2016A000011124,Units,300,thousands,3,v52300157,1,225.555,,,,3
2019-08,Atlantic provinces,2016A00011,Units,300,thousands,3,v52300158,2,11.61,,,,3
2019-08,Newfoundland and Labrador,2016A000210,Units,300,thousands,3,v52300159,3,0.985,,,,3
2019-08,Prince Edward Island,2016A000211,Units,300,thousands,3,v52300160,4,0.91,,,,3
2019-08,Nova Scotia,2016A000212,Units,300,thousands,3,v52300161,5,5.514,,,,3
2019-08,New Brunswick,2016A000213,Units,300,thousands,3,v52300162,6,4.201,,,,3
2019-08,Quebec,2016A000224,Units,300,thousands,3,v52300163,7,53.59,,,,3
2019-08,Ontario,2016A000235,Units,300,thousands,3,v52300164,8,82.897,,,,3
2019-08,Prairie provinces,2016A00014,Units,300,thousands,3,v52300165,9,40.739,,,,3
2019-08,Manitoba,2016A000246,Units,300,thousands,3,v52300166,10,6.959,,,,3
2019-08,Saskatchewan,2016A000247,Units,300,thousands,3,v52300167,11,3.115,,,,3
2019-08,Alberta,2016A000248,Units,300,thousands,3,v52300168,12,30.665,,,,3
2019-08,British Columbia,2016A000259,Units,300,thousands,3,v52300169,13,36.719,,,,3
2019-09,Canada,2016A000011124,Units,300,thousands,3,v52300157,1,225.848,,,,3
2019-09,Atlantic provinces,2016A00011,Units,300,thousands,3,v52300158,2,11.796,,,,3
2019-09,Newfoundland and Labrador,2016A000210,Units,300,thousands,3,v52300159,3,1.083,,,,3
2019-09,Prince Edward Island,2016A000211,Units,300,thousands,3,v52300160,4,1.927,,,,3
2019-09,Nova Scotia,2016A000212,Units,300,thousands,3,v52300161,5,4.267,,,,3
2019-09,New Brunswick,2016A000213,Units,300,thousands,3,v52300162,6,4.519,,,,3
2019-09,Quebec,2016A000224,Units,300,thousands,3,v52300163,7,44.824,,,,3
2019-09,Ontario,2016A000235,Units,300,thousands,3,v52300164,8,85.283,,,,3
2019-09,Prairie provinces,2016A00014,Units,300,thousands,3,v52300165,9,42.278,,,,3
2019-09,Manitoba,2016A000246,Units,300,thousands,3,v52300166,10,4.972,,,,3
2019-09,Saskatchewan,2016A000247,Units,300,thousands,3,v52300167,11,3.885,,,,3
2019-09,Alberta,2016A000248,Units,300,thousands,3,v52300168,12,33.421,,,,3
2019-09,British Columbia,2016A000259,Units,300,thousands,3,v52300169,13,41.667,,,,3
2019-10,Canada,2016A000011124,Units,300,thousands,3,v52300157,1,204.753,,,,3
2019-10,Atlantic provinces,2016A00011,Units,300,thousands,3,v52300158,2,8.233,,,,3
2019-10,Newfoundland and Labrador,2016A000210,Units,300,thousands,3,v52300159,3,1.2,,,,3
2019-10,Prince Edward Island,2016A000211,Units,300,thousands,3,v52300160,4,1.635,,,,3
2019-10,Nova Scotia,2016A000212,Units,300,thousands,3,v52300161,5,3.22,,,,3
2019-10,New Brunswick,2016A000213,Units,300,thousands,3,v52300162,6,2.178,,,,3
2019-10,Quebec,2016A000224,Units,300,thousands,3,v52300163,7,52.964,,,,3
2019-10,Ontario,2016A000235,Units,300,thousands,3,v52300164,8,74.629,,,,3
2019-10,Prairie provinces,2016A00014,Units,300,thousands,3,v52300165,9,34.673,,,,3
2019-10,Manitoba,2016A000246,Units,300,thousands,3,v52300166,10,7.707,,,,3
2019-10,Saskatchewan,2016A000247,Units,300,thousands,3,v52300167,11,2.802,,,,3
2019-10,Alberta,2016A000248,Units,300,thousands,3,v52300168,12,24.164,,,,3
2019-10,British Columbia,2016A000259,Units,300,thousands,3,v52300169,13,34.254,,,,3
2019-11,Canada,2016A000011124,Units,300,thousands,3,v52300157,1,201.775,,,,3
2019-11,Atlantic provinces,2016A00011,Units,300,thousands,3,v52300158,2,11.264,,,,3
2019-11,Newfoundland and Labrador,2016A000210,Units,300,thousands,3,v52300159,3,1.33,,,,3
2019-11,Prince Edward Island,2016A000211,Units,300,thousands,3,v52300160,4,1.34,,,,3
2019-11,Nova Scotia,2016A000212,Units,300,thousands,3,v52300161,5,4.048,,,,3
2019-11,New Brunswick,2016A000213,Units,300,thousands,3,v52300162,6,4.546,,,,3
2019-11,Quebec,2016A000224,Units,300,thousands,3,v52300163,7,43.327,,,,3
2019-11,Ontario,2016A000235,Units,300,thousands,3,v52300164,8,63.809,,,,3
2019-11,Prairie provinces,2016A00014,Units,300,thousands,3,v52300165,9,35.1,,,,3
2019-11,Manitoba,2016A000246,Units,300,thousands,3,v52300166,10,6.526,,,,3
2019-11,Saskatchewan,2016A000247,Units,300,thousands,3,v52300167,11,2.233,,,,3
2019-11,Alberta,2016A000248,Units,300,thousands,3,v52300168,12,26.341,,,,3
2019-11,British Columbia,2016A000259,Units,300,thousands,3,v52300169,13,48.275,,,,3
2019-12,Canada,2016A000011124,Units,300,thousands,3,v52300157,1,199.555,,,,3
2019-12,Atlantic provinces,2016A00011,Units,300,thousands,3,v52300158,2,11.404,,,,3
2019-12,Newfoundland and Labrador,2016A000210,Units,300,thousands,3,v52300159,3,1.152,,,,3
2019-12,Prince Edward Island,2016A000211,Units,300,thousands,3,v52300160,4,1.905,,,,3
2019-12,Nova Scotia,2016A000212,Units,300,thousands,3,v52300161,5,6.81,,,,3
2019-12,New Brunswick,2016A000213,Units,300,thousands,3,v52300162,6,1.537,,,,3
2019-12,Quebec,2016A000224,Units,300,thousands,3,v52300163,7,39.909,,,,3
2019-12,Ontario,2016A000235,Units,300,thousands,3,v52300164,8,58.215,,,,3
2019-12,Prairie provinces,2016A00014,Units,300,thousands,3,v52300165,9,46.985,,,,3
2019-12,Manitoba,2016A000246,Units,300,thousands,3,v52300166,10,5.793,,,,3
2019-12,Saskatchewan,2016A000247,Units,300,thousands,3,v52300167,11,2.583,,,,3
2019-12,Alberta,2016A000248,Units,300,thousands,3,v52300168,12,38.609,,,,3
2019-12,British Columbia,2016A000259,Units,300,thousands,3,v52300169,13,43.042,,,,3
2020-01,Canada,2016A000011124,Units,300,thousands,3,v52300157,1,200.082,,,,3
2020-01,Atlantic provinces,2016A00011,Units,300,thousands,3,v52300158,2,6.481,,,,3
2020-01,Newfoundland and Labrador,2016A000210,Units,300,thousands,3,v52300159,3,0.726,,,,3
2020-01,Prince Edward Island,2016A000211,Units,300,thousands,3,v52300160,4,0.696,,,,3
2020-01,Nova Scotia,2016A000212,Units,300,thousands,3,v52300161,5,2.958,,,,3
2020-01,New Brunswick,2016A000213,Units,300,thousands,3,v52300162,6,2.101,,,,3
2020-01,Quebec,2016A000224,Units,300,thousands,3,v52300163,7,62.514,,,,3
2020-01,Ontario,2016A000235,Units,300,thousands,3,v52300164,8,69.786,,,,3
2020-01,Prairie provinces,2016A00014,Units,300,thousands,3,v52300165,9,31.595,,,,3
2020-01,Manitoba,2016A000246,Units,300,thousands,3,v52300166,10,7.267,,,,3
2020-01,Saskatchewan,2016A000247,Units,300,thousands,3,v52300167,11,3.647,,,,3
2020-01,Alberta,2016A000248,Units,300,thousands,3,v52300168,12,20.681,,,,3
2020-01,British Columbia,2016A000259,Units,300,thousands,3,v52300169,13,29.706,,,,3
2020-02,Canada,2016A000011124,Units,300,thousands,3,v52300157,1,209.589,,,,3
2020-02,Atlantic provinces,2016A00011,Units,300,thousands,3,v52300158,2,12.257,,,,3
2020-02,Newfoundland and Labrador,2016A000210,Units,300,thousands,3,v52300159,3,0.799,,,,3
2020-02,Prince Edward Island,2016A000211,Units,300,thousands,3,v52300160,4,1.627,,,,3
2020-02,Nova Scotia,2016A000212,Units,300,thousands,3,v52300161,5,8.102,,,,3
2020-02,New Brunswick,2016A000213,Units,300,thousands,3,v52300162,6,1.729,,,,3
2020-02,Quebec,2016A000224,Units,300,thousands,3,v52300163,7,50.351,,,,3
2020-02,Ontario,2016A000235,Units,300,thousands,3,v52300164,8,78.293,,,,3
2020-02,Prairie provinces,2016A00014,Units,300,thousands,3,v52300165,9,27.031,,,,3
2020-02,Manitoba,2016A000246,Units,300,thousands,3,v52300166,10,5.169,,,,3
2020-02,Saskatchewan,2016A000247,Units,300,thousands,3,v52300167,11,2.114,,,,3
2020-02,Alberta,2016A000248,Units,300,thousands,3,v52300168,12,19.748,,,,3
2020-02,British Columbia,2016A000259,Units,300,thousands,3,v52300169,13,41.657,,,,3
2020-03,Canada,2016A000011124,Units,300,thousands,3,v52300157,1,189.117,,,,3
2020-03,Atlantic provinces,2016A00011,Units,300,thousands,3,v52300158,2,6.884,,,,3
2020-03,Newfoundland and Labrador,2016A000210,Units,300,thousands,3,v52300159,3,0.487,,,,3
2020-03,Prince Edward Island,2016A000211,Units,300,thousands,3,v52300160,4,0.557,,,,3
2020-03,Nova Scotia,2016A000212,Units,300,thousands,3,v52300161,5,2.897,,,,3
2020-03,New Brunswick,2016A000213,Units,300,thousands,3,v52300162,6,2.943,,,,3
2020-03,Quebec,2016A000224,Units,300,thousands,3,v52300163,7,45.945,,,,3
2020-03,Ontario,2016A000235,Units,300,thousands,3,v52300164,8,64.09,,,,3
2020-03,Prairie provinces,2016A00014,Units,300,thousands,3,v52300165,9,38.799,,,,3
2020-03,Manitoba,2016A000246,Units,300,thousands,3,v52300166,10,5.534,,,,3
2020-03,Saskatchewan,2016A000247,Units,300,thousands,3,v52300167,11,1.82,,,,3
2020-03,Alberta,2016A000248,Units,300,thousands,3,v52300168,12,31.445,,,,3
2020-03,British Columbia,2016A000259,Units,300,thousands,3,v52300169,13,33.399,,,,3
2020-04,Canada,2016A000011124,Units,300,thousands,3,v52300157,1,161.004,,,,3
2020-04,Atlantic provinces,2016A00011,Units,300,thousands,3,v52300158,2,5.923,,,,3
2020-04,Newfoundland and Labrador,2016A000210,Units,300,thousands,3,v52300159,3,0.416,,,,3
2020-04,Prince Edward Island,2016A000211,Units,300,thousands,3,v52300160,4,0.835,,,,3
2020-04,Nova Scotia,2016A000212,Units,300,thousands,3,v52300161,5,2.543,,,,3
2020-04,New Brunswick,2016A000213,Units,300,thousands,3,v52300162,6,2.129,,,,3
2020-04,Quebec,2016A000224,Units,300,thousands,3,v52300163,7,0.0,,,,3
2020-04,Ontario,2016A000235,Units,300,thousands,3,v52300164,8,92.73,,,,3
2020-04,Prairie provinces,2016A00014,Units,300,thousands,3,v52300165,9,32.508,,,,3
2020-04,Manitoba,2016A000246,Units,300,thousands,3,v52300166,10,7.506,,,,3
2020-04,Saskatchewan,2016A000247,Units,300,thousands,3,v52300167,11,2.316,,,,3
2020-04,Alberta,2016A000248,Units,300,thousands,3,v52300168,12,22.686,,,,3
2020-04,British Columbia,2016A000259,Units,300,thousands,3,v52300169,13,29.843,,,,3
2020-05,Canada,2016A000011124,Units,300,thousands,3,v52300157,1,192.551,,,,3
2020-05,Atlantic provinces,2016A00011,Units,300,thousands,3,v52300158,2,8.717,,,,3
2020-05,Newfoundland and Labrador,2016A000210,Units,300,thousands,3,v52300159,3,0.358,,,,3
2020-05,Prince Edward Island,2016A000211,Units,300,thousands,3,v52300160,4,1.237,,,,3
2020-05,Nova Scotia,2016A000212,Units,300,thousands,3,v52300161,5,3.806,,,,3
2020-05,New Brunswick,2016A000213,Units,300,thousands,3,v52300162,6,3.316,,,,3
2020-05,Quebec,2016A000224,Units,300,thousands,3,v52300163,7,61.691,,,,3
2020-05,Ontario,2016A000235,Units,300,thousands,3,v52300164,8,57.97,,,,3
2020-05,Prairie provinces,2016A00014,Units,300,thousands,3,v52300165,9,25.388,,,,3
2020-05,Manitoba,2016A000246,Units,300,thousands,3,v52300166,10,4.752,,,,3
2020-05,Saskatchewan,2016A000247,Units,300,thousands,3,v52300167,11,2.019,,,,3
2020-05,Alberta,2016A000248,Units,300,thousands,3,v52300168,12,18.617,,,,3
2020-05,British Columbia,2016A000259,Units,300,thousands,3,v52300169,13,38.785,,,,3
2020-06,Canada,2016A000011124,Units,300,thousands,3,v52300157,1,213.167,,,,3
2020-06,Atlantic provinces,2016A00011,Units,300,thousands,3,v52300158,2,8.269,,,,3
2020-06,Newfoundland and Labrador,2016A000210,Units,300,thousands,3,v52300159,3,0.682,,,,3
2020-06,Prince Edward Island,2016A000211,Units,300,thousands,3,v52300160,4,2.209,,,,3
2020-06,Nova Scotia,2016A000212,Units,300,thousands,3,v52300161,5,2.853,,,,3
2020-06,New Brunswick,2016A000213,Units,300,thousands,3,v52300162,6,2.525,,,,3
2020-06,Quebec,2016A000224,Units,300,thousands,3,v52300163,7,60.306,,,,3
2020-06,Ontario,2016A000235,Units,300,thousands,3,v52300164,8,80.038,,,,3
2020-06,Prairie provinces,2016A00014,Units,300,thousands,3,v52300165,9,25.788,,,,3
2020-06,Manitoba,2016A000246,Units,300,thousands,3,v52300166,10,8.189,,,,3
2020-06,Saskatchewan,2016A000247,Units,300,thousands,3,v52300167,11,2.638,,,,3
2020-06,Alberta,2016A000248,Units,300,thousands,3,v52300168,12,14.961,,,,3
2020-06,British Columbia,2016A000259,Units,300,thousands,3,v52300169,13,38.766,,,,3
2020-07,Canada,2016A000011124,Units,300,thousands,3,v52300157,1,244.851,,,,3
2020-07,Atlantic provinces,2016A00011,Units,300,thousands,3,v52300158,2,16.866,,,,3
2020-07,Newfoundland and Labrador,2016A000210,Units,300,thousands,3,v52300159,3,0.969,,,,3
2020-07,Prince Edward Island,2016A000211,Units,300,thousands,3,v52300160,4,0.609,,,,3
2020-07,Nova Scotia,2016A000212,Units,300,thousands,3,v52300161,5,8.07,,,,3
2020-07,New Brunswick,2016A000213,Units,300,thousands,3,v52300162,6,7.218,,,,3
2020-07,Quebec,2016A000224,Units,300,thousands,3,v52300163,7,61.943,,,,3
2020-07,Ontario,2016A000235,Units,300,thousands,3,v52300164,8,86.037,,,,3
2020-07,Prairie provinces,2016A00014,Units,300,thousands,3,v52300165,9,39.485,,,,3
2020-07,Manitoba,2016A000246,Units,300,thousands,3,v52300166,10,7.805,,,,3
2020-07,Saskatchewan,2016A000247,Units,300,thousands,3,v52300167,11,8.3,,,,3
2020-07,Alberta,2016A000248,Units,300,thousands,3,v52300168,12,23.38,,,,3
2020-07,British Columbia,2016A000259,Units,300,thousands,3,v52300169,13,40.52,,,,3
2020-08,Canada,2016A000011124,Units,300,thousands,3,v52300157,1,263.63,,,,3
2020-08,Atlantic provinces,2016A00011,Units,300,thousands,3,v52300158,2,11.48,,,,3
2020-08,Newfoundland and Labrador,2016A000210,Units,300,thousands,3,v52300159,3,0.877,,,,3
2020-08,Prince Edward Island,2016A000211,Units,300,thousands,3,v52300160,4,2.222,,,,3
2020-08,Nova Scotia,2016A000212,Units,300,thousands,3,v52300161,5,3.89,,,,3
2020-08,New Brunswick,2016A000213,Units,300,thousands,3,v52300162,6,4.491,,,,3
2020-08,Quebec,2016A000224,Units,300,thousands,3,v52300163,7,63.875,,,,3
2020-08,Ontario,2016A000235,Units,300,thousands,3,v52300164,8,115.026,,,,3
2020-08,Prairie provinces,2016A00014,Units,300,thousands,3,v52300165,9,29.501,,,,3
2020-08,Manitoba,2016A000246,Units,300,thousands,3,v52300166,10,5.94,,,,3
2020-08,Saskatchewan,2016A000247,Units,300,thousands,3,v52300167,11,2.691,,,,3
2020-08,Alberta,2016A000248,Units,300,thousands,3,v52300168,12,20.87,,,,3
2020-08,British Columbia,2016A000259,Units,300,thousands,3,v52300169,13,43.748,,,,3
2020-09,Canada,2016A000011124,Units,300,thousands,3,v52300157,1,214.476,,,,3
2020-09,Atlantic provinces,2016A00011,Units,300,thousands,3,v52300158,2,10.475,,,,3
2020-09,Newfoundland and Labrador,2016A000210,Units,300,thousands,3,v52300159,3,0.802,,,,3
2020-09,Prince Edward Island,2016A000211,Units,300,thousands,3,v52300160,4,0.692,,,,3
2020-09,Nova Scotia,2016A000212,Units,300,thousands,3,v52300161,5,6.469,,,,3
2020-09,New Brunswick,2016A000213,Units,300,thousands,3,v52300162,6,2.512,,,,3
2020-09,Quebec,2016A000224,Units,300,thousands,3,v52300163,7,56.437,,,,3
2020-09,Ontario,2016A000235,Units,300,thousands,3,v52300164,8,82.161,,,,3
2020-09,Prairie provinces,2016A00014,Units,300,thousands,3,v52300165,9,33.274,,,,3
2020-09,Manitoba,2016A000246,Units,300,thousands,3,v52300166,10,4.57,,,,3
2020-09,Saskatchewan,2016A000247,Units,300,thousands,3,v52300167,11,2.079,,,,3
2020-09,Alberta,2016A000248,Units,300,thousands,3,v52300168,12,26.625,,,,3
2020-09,British Columbia,2016A000259,Units,300,thousands,3,v52300169,13,32.129,,,,3
2020-10,Canada,2016A000011124,Units,300,thousands,3,v52300157,1,227.492,,,,3
2020-10,Atlantic provinces,2016A00011,Units,300,thousands,3,v52300158,2,6.467,,,,3
2020-10,Newfoundland and Labrador,2016A000210,Units,300,thousands,3,v52300159,3,0.908,,,,3
2020-10,Prince Edward Island,2016A000211,Units,300,thousands,3,v52300160,4,0.717,,,,3
2020-10,Nova Scotia,2016A000212,Units,300,thousands,3,v52300161,5,2.699,,,,3
2020-10,New Brunswick,2016A000213,Units,300,thousands,3,v52300162,6,2.143,,,,3
2020-10,Quebec,2016A000224,Units,300,thousands,3,v52300163,7,53.371,,,,3
2020-10,Ontario,2016A000235,Units,300,thousands,3,v52300164,8,88.178,,,,3
2020-10,Prairie provinces,2016A00014,Units,300,thousands,3,v52300165,9,46.228,,,,3
2020-10,Manitoba,2016A000246,Units,300,thousands,3,v52300166,10,11.006,,,,3
2020-10,Saskatchewan,2016A000247,Units,300,thousands,3,v52300167,11,2.395,,,,3
2020-10,Alberta,2016A000248,Units,300,thousands,3,v52300168,12,32.827,,,,3
2020-10,British Columbia,2016A000259,Units,300,thousands,3,v52300169,13,33.248,,,,3
2020-11,Canada,2016A000011124,Units,300,thousands,3,v52300157,1,259.934,,,,3
2020-11,Atlantic provinces,2016A00011,Units,300,thousands,3,v52300158,2,15.823,,,,3
2020-11,Newfoundland and Labrador,2016A000210,Units,300,thousands,3,v52300159,3,1.216,,,,3
2020-11,Prince Edward Island,2016A000211,Units,300,thousands,3,v52300160,4,1.188,,,,3
2020-11,Nova Scotia,2016A000212,Units,300,thousands,3,v52300161,5,8.178,,,,3
2020-11,New Brunswick,2016A000213,Units,300,thousands,3,v52300162,6,5.241,,,,3
2020-11,Quebec,2016A000224,Units,300,thousands,3,v52300163,7,64.45,,,,3
2020-11,Ontario,2016A000235,Units,300,thousands,3,v52300164,8,86.17,,,,3
2020-11,Prairie provinces,2016A00014,Units,300,thousands,3,v52300165,9,43.301,,,,3
2020-11,Manitoba,2016A000246,Units,300,thousands,3,v52300166,10,12.707,,,,3
2020-11,Saskatchewan,2016A000247,Units,300,thousands,3,v52300167,11,3.49,,,,3
2020-11,Alberta,2016A000248,Units,300,thousands,3,v52300168,12,27.104,,,,3
2020-11,British Columbia,2016A000259,Units,300,thousands,3,v52300169,13,50.19,,,,3
2020-12,Canada,2016A000011124,Units,300,thousands,3,v52300157,1,240.421,,,,3
2020-12,Atlantic provinces,2016A00011,Units,300,thousands,3,v52300158,2,14.657,,,,3
2020-12,Newfoundland and Labrador,2016A000210,Units,300,thousands,3,v52300159,3,0.882,,,,3
2020-12,Prince Edward Island,2016A000211,Units,300,thousands,3,v52300160,4,0.604,,,,3
2020-12,Nova Scotia,2016A000212,Units,300,thousands,3,v52300161,5,6.451,,,,3
2020-12,New Brunswick,2016A000213,Units,300,thousands,3,v52300162,6,6.72,,,,3
2020-12,Quebec,2016A000224,Units,300,thousands,3,v52300163,7,65.297,,,,3
2020-12,Ontario,2016A000235,Units,300,thousands,3,v52300164,8,74.37,,,,3
2020-12,Prairie provinces,2016A00014,Units,300,thousands,3,v52300165,9,42.318,,,,3
2020-12,Manitoba,2016A000246,Units,300,thousands,3,v52300166,10,7.545,,,,3
2020-12,Saskatchewan,2016A000247,Units,300,thousands,3,v52300167,11,3.316,,,,3
2020-12,Alberta,2016A000248,Units,300,thousands,3,v52300168,12,31.457,,,,3
2020-12,British Columbia,2016A000259,Units,300,thousands,3,v52300169,13,43.779,,,,3
2021-01,Canada,2016A000011124,Units,300,thousands,3,v52300157,1,291.29,,,,3
2021-01,Atlantic provinces,2016A00011,Units,300,thousands,3,v52300158,2,12.746,,,,3
2021-01,Newfoundland and Labrador,2016A000210,Units,300,thousands,3,v52300159,3,1.796,,,,3
2021-01,Prince Edward Island,2016A000211,Units,300,thousands,3,v52300160,4,1.47,,,,3
2021-01,Nova Scotia,2016A000212,Units,300,thousands,3,v52300161,5,6.676,,,,3
2021-01,New Brunswick,2016A000213,Units,300,thousands,3,v52300162,6,2.804,,,,3
2021-01,Quebec,2016A000224,Units,300,thousands,3,v52300163,7,95.55,,,,3
2021-01,Ontario,2016A000235,Units,300,thousands,3,v52300164,8,99.339,,,,3
2021-01,Prairie provinces,2016A00014,Units,300,thousands,3,v52300165,9,45.2,,,,3
2021-01,Manitoba,2016A000246,Units,300,thousands,3,v52300166,10,9.734,,,,3
2021-01,Saskatchewan,2016A000247,Units,300,thousands,3,v52300167,11,5.13,,,,3
2021-01,Alberta,2016A000248,Units,300,thousands,3,v52300168,12,30.336,,,,3
2021-01,British Columbia,2016A000259,Units,300,thousands,3,v52300169,13,38.455,,,,3
2021-02,Canada,2016A000011124,Units,300,thousands,3,v52300157,1,260.922,,,,3
2021-02,Atlantic provinces,2016A00011,Units,300,thousands,3,v52300158,2,9.648,,,,3
2021-02,Newfoundland and Labrador,2016A000210,Units,300,thousands,3,v52300159,3,1.205,,,,3
2021-02,Prince Edward Island,2016A000211,Units,300,thousands,3,v52300160,4,0.758,,,,3
2021-02,Nova Scotia,2016A000212,Units,300,thousands,3,v52300161,5,5.665,,,,3
2021-02,New Brunswick,2016A000213,Units,300,thousands,3,v52300162,6,2.02,,,,3
2021-02,Quebec,2016A000224,Units,300,thousands,3,v52300163,7,82.777,,,,3
2021-02,Ontario,2016A000235,Units,300,thousands,3,v52300164,8,85.348,,,,3
2021-02,Prairie provinces,2016A00014,Units,300,thousands,3,v52300165,9,38.437,,,,3
2021-02,Manitoba,2016A000246,Units,300,thousands,3,v52300166,10,7.768,,,,3
2021-02,Saskatchewan,2016A000247,Units,300,thousands,3,v52300167,11,3.601,,,,3
2021-02,Alberta,2016A000248,Units,300,thousands,3,v52300168,12,27.068,,,,3
2021-02,British Columbia,2016A000259,Units,300,thousands,3,v52300169,13,44.712,,,,3
2021-03,Canada,2016A000011124,Units,300,thousands,3,v52300157,1,319.843,,,,3
2021-03,Atlantic provinces,2016A00011,Units,300,thousands,3,v52300158,2,7.65,,,,3
2021-03,Newfoundland and Labrador,2016A000210,Units,300,thousands,3,v52300159,3,1.295,,,,3
2021-03,Prince Edward Island,2016A000211,Units,300,thousands,3,v52300160,4,0.592,,,,3
2021-03,Nova Scotia,2016A000212,Units,300,thousands,3,v52300161,5,4.77,,,,3
2021-03,New Brunswick,2016A000213,Units,300,thousands,3,v52300162,6,0.993,,,,3
2021-03,Quebec,2016A000224,Units,300,thousands,3,v52300163,7,77.495,,,,3
2021-03,Ontario,2016A000235,Units,300,thousands,3,v52300164,8,124.197,,,,3
2021-03,Prairie provinces,2016A00014,Units,300,thousands,3,v52300165,9,40.022,,,,3
2021-03,Manitoba,2016A000246,Units,300,thousands,3,v52300166,10,5.752,,,,3
2021-03,Saskatchewan,2016A000247,Units,300,thousands,3,v52300167,11,6.227,,,,3
2021-03,Alberta,2016A000248,Units,300,thousands,3,v52300168,12,28.043,,,,3
2021-03,British Columbia,2016A000259,Units,300,thousands,3,v52300169,13,70.479,,,,3
2021-04,Canada,2016A000011124,Units,300,thousands,3,v52300157,1,272.344,,,,3
2021-04,Atlantic provinces,2016A00011,Units,300,thousands,3,v52300158,2,10.268,,,,3
2021-04,Newfoundland and Labrador,2016A000210,Units,300,thousands,3,v52300159,3,1.071,,,,3
2021-04,Prince Edward Island,2016A000211,Units,300,thousands,3,v52300160,4,1.062,,,,3
2021-04,Nova Scotia,2016A000212,Units,300,thousands,3,v52300161,5,3.736,,,,3
2021-04,New Brunswick,2016A000213,Units,300,thousands,3,v52300162,6,4.399,,,,3
2021-04,Quebec,2016A000224,Units,300,thousands,3,v52300163,7,68.767,,,,3
2021-04,Ontario,2016A000235,Units,300,thousands,3,v52300164,8,109.709,,,,3
2021-04,Prairie provinces,2016A00014,Units,300,thousands,3,v52300165,9,44.4,,,,3
2021-04,Manitoba,2016A000246,Units,300,thousands,3,v52300166,10,7.062,,,,3
2021-04,Saskatchewan,2016A000247,Units,300,thousands,3,v52300167,11,4.646,,,,3
2021-04,Alberta,2016A000248,Units,300,thousands,3,v52300168,12,32.692,,,,3
2021-04,British Columbia,2016A000259,Units,300,thousands,3,v52300169,13,39.2,,,,3
2021-05,Canada,2016A000011124,Units,300,thousands,3,v52300157,1,283.092,,,,3
2021-05,Atlantic provinces,2016A00011,Units,300,thousands,3,v52300158,2,18.573,,,,3
2021-05,Newfoundland and Labrador,2016A000210,Units,300,thousands,3,v52300159,3,1.146,,,,3
2021-05,Prince Edward Island,2016A000211,Units,300,thousands,3,v52300160,4,1.488,,,,3
2021-05,Nova Scotia,2016A000212,Units,300,thousands,3,v52300161,5,9.175,,,,3
2021-05,New Brunswick,2016A000213,Units,300,thousands,3,v52300162,6,6.764,,,,3
2021-05,Quebec,2016A000224,Units,300,thousands,3,v52300163,7,66.428,,,,3
2021-05,Ontario,2016A000235,Units,300,thousands,3,v52300164,8,102.04,,,,3
2021-05,Prairie provinces,2016A00014,Units,300,thousands,3,v52300165,9,48.715,,,,3
2021-05,Manitoba,2016A000246,Units,300,thousands,3,v52300166,10,8.213,,,,3
2021-05,Saskatchewan,2016A000247,Units,300,thousands,3,v52300167,11,5.532,,,,3
2021-05,Alberta,2016A000248,Units,300,thousands,3,v52300168,12,34.97,,,,3
2021-05,British Columbia,2016A000259,Units,300,thousands,3,v52300169,13,47.336,,,,3
2021-06,Canada,2016A000011124,Units,300,thousands,3,v52300157,1,283.769,,,,3
2021-06,Atlantic provinces,2016A00011,Units,300,thousands,3,v52300158,2,9.806,,,,3
2021-06,Newfoundland and Labrador,2016A000210,Units,300,thousands,3,v52300159,3,1.218,,,,3
2021-06,Prince Edward Island,2016A000211,Units,300,thousands,3,v52300160,4,1.711,,,,3
2021-06,Nova Scotia,2016A000212,Units,300,thousands,3,v52300161,5,2.597,,,,3
2021-06,New Brunswick,2016A000213,Units,300,thousands,3,v52300162,6,4.28,,,,3
2021-06,Quebec,2016A000224,Units,300,thousands,3,v52300163,7,71.122,,,,3
2021-06,Ontario,2016A000235,Units,300,thousands,3,v52300164,8,90.681,,,,3
2021-06,Prairie provinces,2016A00014,Units,300,thousands,3,v52300165,9,44.694,,,,3
2021-06,Manitoba,2016A000246,Units,300,thousands,3,v52300166,10,11.166,,,,3
2021-06,Saskatchewan,2016A000247,Units,300,thousands,3,v52300167,11,3.772,,,,3
2021-06,Alberta,2016A000248,Units,300,thousands,3,v52300168,12,29.756,,,,3
2021-06,British Columbia,2016A000259,Units,300,thousands,3,v52300169,13,67.466,,,,3
2021-07,Canada,2016A000011124,Units,300,thousands,3,v52300157,1,274.472,,,,3
2021-07,Atlantic provinces,2016A00011,Units,300,thousands,3,v52300158,2,13.51,,,,3
2021-07,Newfoundland and Labrador,2016A000210,Units,300,thousands,3,v52300159,3,0.828,,,,3
2021-07,Prince Edward Island,2016A000211,Units,300,thousands,3,v52300160,4,1.752,,,,3
2021-07,Nova Scotia,2016A000212,Units,300,thousands,3,v52300161,5,5.32,,,,3
2021-07,New Brunswick,2016A000213,Units,300,thousands,3,v52300162,6,5.61,,,,3
2021-07,Quebec,2016A000224,Units,300,thousands,3,v52300163,7,68.1,,,,3
2021-07,Ontario,2016A000235,Units,300,thousands,3,v52300164,8,100.469,,,,3
2021-07,Prairie provinces,2016A00014,Units,300,thousands,3,v52300165,9,41.394,,,,3
2021-07,Manitoba,2016A000246,Units,300,thousands,3,v52300166,10,7.582,,,,3
2021-07,Saskatchewan,2016A000247,Units,300,thousands,3,v52300167,11,2.474,,,,3
2021-07,Alberta,2016A000248,Units,300,thousands,3,v52300168,12,31.338,,,,3
2021-07,British Columbia,2016A000259,Units,300,thousands,3,v52300169,13,50.999,,,,3
2021-08,Canada,2016A000011124,Units,300,thousands,3,v52300157,1,259.63,,,,3
2021-08,Atlantic provinces,2016A00011,Units,300,thousands,3,v52300158,2,8.273,,,,3
2021-08,Newfoundland and Labrador,2016A000210,Units,300,thousands,3,v52300159,3,0.644,,,,3
2021-08,Prince Edward Island,2016A000211,Units,300,thousands,3,v52300160,4,1.057,,,,3
2021-08,Nova Scotia,2016A000212,Units,300,thousands,3,v52300161,5,2.429,,,,3
2021-08,New Brunswick,2016A000213,Units,300,thousands,3,v52300162,6,4.143,,,,3
2021-08,Quebec,2016A000224,Units,300,thousands,3,v52300163,7,54.911,,,,3
2021-08,Ontario,2016A000235,Units,300,thousands,3,v52300164,8,108.435,,,,3
2021-08,Prairie provinces,2016A00014,Units,300,thousands,3,v52300165,9,41.024,,,,3
2021-08,Manitoba,2016A000246,Units,300,thousands,3,v52300166,10,7.73,,,,3
2021-08,Saskatchewan,2016A000247,Units,300,thousands,3,v52300167,11,2.191,,,,3
2021-08,Alberta,2016A000248,Units,300,thousands,3,v52300168,12,31.103,,,,3
2021-08,British Columbia,2016A000259,Units,300,thousands,3,v52300169,13,46.987,,,,3
2021-09,Canada,2016A000011124,Units,300,thousands,3,v52300157,1,250.714,,,,3
2021-09,Atlantic provinces,2016A00011,Units,300,thousands,3,v52300158,2,8.597,,,,3
2021-09,Newfoundland and Labrador,2016A000210,Units,300,thousands,3,v52300159,3,0.877,,,,3
2021-09,Prince Edward Island,2016A000211,Units,300,thousands,3,v52300160,4,0.687,,,,3
2021-09,Nova Scotia,2016A000212,Units,300,thousands,3,v52300161,5,4.2,,,,3
2021-09,New Brunswick,2016A000213,Units,300,thousands,3,v52300162,6,2.833,,,,3
2021-09,Quebec,2016A000224,Units,300,thousands,3,v52300163,7,62.869,,,,3
2021-09,Ontario,2016A000235,Units,300,thousands,3,v52300164,8,101.006,,,,3
2021-09,Prairie provinces,2016A00014,Units,300,thousands,3,v52300165,9,43.037,,,,3
2021-09,Manitoba,2016A000246,Units,300,thousands,3,v52300166,10,9.883,,,,3
2021-09,Saskatchewan,2016A000247,Units,300,thousands,3,v52300167,11,6.745,,,,3
2021-09,Alberta,2016A000248,Units,300,thousands,3,v52300168,12,26.409,,,,3
2021-09,British Columbia,2016A000259,Units,300,thousands,3,v52300169,13,35.205,,,,3
2021-10,Canada,2016A000011124,Units,300,thousands,3,v52300157,1,236.588,,,,3
2021-10,Atlantic provinces,2016A00011,Units,300,thousands,3,v52300158,2,15.298,,,,3
2021-10,Newfoundland and Labrador,2016A000210,Units,300,thousands,3,v52300159,3,1.122,,,,3
2021-10,Prince Edward Island,2016A000211,Units,300,thousands,3,v52300160,4,1.433,,,,3
2021-10,Nova Scotia,2016A000212,Units,300,thousands,3,v52300161,5,9.587,,,,3
2021-10,New Brunswick,2016A000213,Units,300,thousands,3,v52300162,6,3.156,,,,3
2021-10,Quebec,2016A000224,Units,300,thousands,3,v52300163,7,59.097,,,,3
2021-10,Ontario,2016A000235,Units,300,thousands,3,v52300164,8,81.06,,,,3
2021-10,Prairie provinces,2016A00014,Units,300,thousands,3,v52300165,9,45.054,,,,3
2021-10,Manitoba,2016A000246,Units,300,thousands,3,v52300166,10,5.782,,,,3
2021-10,Saskatchewan,2016A000247,Units,300,thousands,3,v52300167,11,2.892,,,,3
2021-10,Alberta,2016A000248,Units,300,thousands,3,v52300168,12,36.38,,,,3
2021-10,British Columbia,2016A000259,Units,300,thousands,3,v52300169,13,36.079,,,,3
2021-11,Canada,2016A000011124,Units,300,thousands,3,v52300157,1,305.206,,,,3
2021-11,Atlantic provinces,2016A00011,Units,300,thousands,3,v52300158,2,14.946,,,,3
2021-11,Newfoundland and Labrador,2016A000210,Units,300,thousands,3,v52300159,3,0.891,,,,3
2021-11,Prince Edward Island,2016A000211,Units,300,thousands,3,v52300160,4,1.244,,,,3
2021-11,Nova Scotia,2016A000212,Units,300,thousands,3,v52300161,5,7.804,,,,3
2021-11,New Brunswick,2016A000213,Units,300,thousands,3,v52300162,6,5.007,,,,3
2021-11,Quebec,2016A000224,Units,300,thousands,3,v52300163,7,66.784,,,,3
2021-11,Ontario,2016A000235,Units,300,thousands,3,v52300164,8,129.902,,,,3
2021-11,Prairie provinces,2016A00014,Units,300,thousands,3,v52300165,9,53.905,,,,3
2021-11,Manitoba,2016A000246,Units,300,thousands,3,v52300166,10,7.249,,,,3
2021-11,Saskatchewan,2016A000247,Units,300,thousands,3,v52300167,11,4.113,,,,3
2021-11,Alberta,2016A000248,Units,300,thousands,3,v52300168,12,42.543,,,,3
2021-11,British Columbia,2016A000259,Units,300,thousands,3,v52300169,13,39.669,,,,3
2021-12,Canada,2016A000011124,Units,300,thousands,3,v52300157,1,247.179,,,,3
2021-12,Atlantic provinces,2016A00011,Units,300,thousands,3,v52300158,2,16.083,,,,3
2021-12,Newfoundland and Labrador,2016A000210,Units,300,thousands,3,v52300159,3,1.403,,,,3
2021-12,Prince Edward Island,2016A000211,Units,300,thousands,3,v52300160,4,0.697,,,,3
2021-12,Nova Scotia,2016A000212,Units,300,thousands,3,v52300161,5,9.664,,,,3
2021-12,New Brunswick,2016A000213,Units,300,thousands,3,v52300162,6,4.319,,,,3
2021-12,Quebec,2016A000224,Units,300,thousands,3,v52300163,7,58.631,,,,3
2021-12,Ontario,2016A000235,Units,300,thousands,3,v52300164,8,72.908,,,,3
2021-12,Prairie provinces,2016A00014,Units,300,thousands,3,v52300165,9,44.568,,,,3
2021-12,Manitoba,2016A000246,Units,300,thousands,3,v52300166,10,8.347,,,,3
2021-12,Saskatchewan,2016A000247,Units,300,thousands,3,v52300167,11,3.69,,,,3
2021-12,Alberta,2016A000248,Units,300,thousands,3,v52300168,12,32.531,,,,3
2021-12,British Columbia,2016A000259,Units,300,thousands,3,v52300169,13,54.989,,,,3
2022-01,Canada,2016A000011124,Units,300,thousands,3,v52300157,1,229.125,,,,3
2022-01,Atlantic provinces,2016A00011,Units,300,thousands,3,v52300158,2,11.882,,,,3
2022-01,Newfoundland and Labrador,2016A000210,Units,300,thousands,3,v52300159,3,1.837,,,,3
2022-01,Prince Edward Island,2016A000211,Units,300,thousands,3,v52300160,4,0.452,,,,3
2022-01,Nova Scotia,2016A000212,Units,300,thousands,3,v52300161,5,7.931,,,,3
2022-01,New Brunswick,2016A000213,Units,300,thousands,3,v52300162,6,1.662,,,,3
2022-01,Quebec,2016A000224,Units,300,thousands,3,v52300163,7,77.807,,,,3
2022-01,Ontario,2016A000235,Units,300,thousands,3,v52300164,8,63.718,,,,3
2022-01,Prairie provinces,2016A00014,Units,300,thousands,3,v52300165,9,36.835,,,,3
2022-01,Manitoba,2016A000246,Units,300,thousands,3,v52300166,10,9.085,,,,3
2022-01,Saskatchewan,2016A000247,Units,300,thousands,3,v52300167,11,2.376,,,,3
2022-01,Alberta,2016A000248,Units,300,thousands,3,v52300168,12,25.374,,,,3
2022-01,British Columbia,2016A000259,Units,300,thousands,3,v52300169,13,38.883,,,,3
2022-02,Canada,2016A000011124,Units,300,thousands,3,v52300157,1,248.877,,,,3
2022-02,Atlantic provinces,2016A00011,Units,300,thousands,3,v52300158,2,7.679,,,,3
2022-02,Newfoundland and Labrador,2016A000210,Units,300,thousands,3,v52300159,3,1.778,,,,3
2022-02,Prince Edward Island,2016A000211,Units,300,thousands,3,v52300160,4,0.635,,,,3
2022-02,Nova Scotia,2016A000212,Units,300,thousands,3,v52300161,5,3.952,,,,3
2022-02,New Brunswick,2016A000213,Units,300,thousands,3,v52300162,6,1.314,,,,3
2022-02,Quebec,2016A000224,Units,300,thousands,3,v52300163,7,59.56,,,,3
2022-02,Ontario,2016A000235,Units,300,thousands,3,v52300164,8,101.792,,,,3
2022-02,Prairie provinces,2016A00014,Units,300,thousands,3,v52300165,9,44.862,,,,3
2022-02,Manitoba,2016A000246,Units,300,thousands,3,v52300166,10,9.382,,,,3
2022-02,Saskatchewan,2016A000247,Units,300,thousands,3,v52300167,11,4.059,,,,3
2022-02,Alberta,2016A000248,Units,300,thousands,3,v52300168,12,31.421,,,,3
2022-02,British Columbia,2016A000259,Units,300,thousands,3,v52300169,13,34.984,,,,3
2022-03,Canada,2016A000011124,Units,300,thousands,3,v52300157,1,245.69,,,,3
2022-03,Atlantic provinces,2016A00011,Units,300,thousands,3,v52300158,2,11.729,,,,3
2022-03,Newfoundland and Labrador,2016A000210,Units,300,thousands,3,v52300159,3,2.298,,,,3
2022-03,Prince Edward Island,2016A000211,Units,300,thousands,3,v52300160,4,1.678,,,,3
2022-03,Nova Scotia,2016A000212,Units,300,thousands,3,v52300161,5,2.965,,,,3
2022-03,New Brunswick,2016A000213,Units,300,thousands,3,v52300162,6,4.788,,,,3
2022-03,Quebec,2016A000224,Units,300,thousands,3,v52300163,7,73.406,,,,3
2022-03,Ontario,2016A000235,Units,300,thousands,3,v52300164,8,85.62,,,,3
2022-03,Prairie provinces,2016A00014,Units,300,thousands,3,v52300165,9,42.373,,,,3
2022-03,Manitoba,2016A000246,Units,300,thousands,3,v52300166,10,7.498,,,,3
2022-03,Saskatchewan,2016A000247,Units,300,thousands,3,v52300167,11,2.621,,,,3
2022-03,Alberta,2016A000248,Units,300,thousands,3,v52300168,12,32.254,,,,3
2022-03,British Columbia,2016A000259,Units,300,thousands,3,v52300169,13,32.562,,,,3
2022-04,Canada,2016A000011124,Units,300,thousands,3,v52300157,1,262.693,,,,3
2022-04,Atlantic provinces,2016A00011,Units,300,thousands,3,v52300158,2,8.103,,,,3
2022-04,Newfoundland and Labrador,2016A000210,Units,300,thousands,3,v52300159,3,1.602,,,,3
2022-04,Prince Edward Island,2016A000211,Units,300,thousands,3,v52300160,4,1.351,,,,3
2022-04,Nova Scotia,2016A000212,Units,300,thousands,3,v52300161,5,2.529,,,,3
2022-04,New Brunswick,2016A000213,Units,300,thousands,3,v52300162,6,2.621,,,,3
2022-04,Quebec,2016A000224,Units,300,thousands,3,v52300163,7,65.591,,,,3
2022-04,Ontario,2016A000235,Units,300,thousands,3,v52300164,8,79.494,,,,3
2022-04,Prairie provinces,2016A00014,Units,300,thousands,3,v52300165,9,55.46,,,,3
2022-04,Manitoba,2016A000246,Units,300,thousands,3,v52300166,10,7.702,,,,3
2022-04,Saskatchewan,2016A000247,Units,300,thousands,3,v52300167,11,6.484,,,,3
2022-04,Alberta,2016A000248,Units,300,thousands,3,v52300168,12,41.274,,,,3
2022-04,British Columbia,2016A000259,Units,300,thousands,3,v52300169,13,54.045,,,,3
2022-05,Canada,2016A000011124,Units,300,thousands,3,v52300157,1,280.961,,,,3
2022-05,Atlantic provinces,2016A00011,Units,300,thousands,3,v52300158,2,22.868,,,,3
2022-05,Newfoundland and Labrador,2016A000210,Units,300,thousands,3,v52300159,3,1.442,,,,3
2022-05,Prince Edward Island,2016A000211,Units,300,thousands,3,v52300160,4,1.026,,,,3
2022-05,Nova Scotia,2016A000212,Units,300,thousands,3,v52300161,5,11.698,,,,3
2022-05,New Brunswick,2016A000213,Units,300,thousands,3,v52300162,6,8.702,,,,3
2022-05,Quebec,2016A000224,Units,300,thousands,3,v52300163,7,67.723,,,,3
2022-05,Ontario,2016A000235,Units,300,thousands,3,v52300164,8,89.651,,,,3
2022-05,Prairie provinces,2016A00014,Units,300,thousands,3,v52300165,9,58.607,,,,3
2022-05,Manitoba,2016A000246,Units,300,thousands,3,v52300166,10,7.365,,,,3
2022-05,Saskatchewan,2016A000247,Units,300,thousands,3,v52300167,11,4.744,,,,3
2022-05,Alberta,2016A000248,Units,300,thousands,3,v52300168,12,46.498,,,,3
2022-05,British Columbia,2016A000259,Units,300,thousands,3,v52300169,13,42.112,,,,3
2022-06,Canada,2016A000011124,Units,300,thousands,3,v52300157,1,273.565,,,,3
2022-06,Atlantic provinces,2016A00011,Units,300,thousands,3,v52300158,2,13.265,,,,3
2022-06,Newfoundland and Labrador,2016A000210,Units,300,thousands,3,v52300159,3,1.068,,,,3
2022-06,Prince Edward Island,2016A000211,Units,300,thousands,3,v52300160,4,1.024,,,,3
2022-06,Nova Scotia,2016A000212,Units,300,thousands,3,v52300161,5,5.68,,,,3
2022-06,New Brunswick,2016A000213,Units,300,thousands,3,v52300162,6,5.493,,,,3
2022-06,Quebec,2016A000224,Units,300,thousands,3,v52300163,7,53.775,,,,3
2022-06,Ontario,2016A000235,Units,300,thousands,3,v52300164,8,95.996,,,,3
2022-06,Prairie provinces,2016A00014,Units,300,thousands,3,v52300165,9,54.287,,,,3
2022-06,Manitoba,2016A000246,Units,300,thousands,3,v52300166,10,8.813,,,,3
2022-06,Saskatchewan,2016A000247,Units,300,thousands,3,v52300167,11,6.989,,,,3
2022-06,Alberta,2016A000248,Units,300,thousands,3,v52300168,12,38.485,,,,3
2022-06,British Columbia,2016A000259,Units,300,thousands,3,v52300169,13,56.242,,,,3
2022-07,Canada,2016A000011124,Units,300,thousands,3,v52300157,1,277.195,,,,3
2022-07,Atlantic provinces,2016A00011,Units,300,thousands,3,v52300158,2,17.169,,,,3
2022-07,Newfoundland and Labrador,2016A000210,Units,300,thousands,3,v52300159,3,1.599,,,,3
2022-07,Prince Edward Island,2016A000211,Units,300,thousands,3,v52300160,4,0.91,,,,3
2022-07,Nova Scotia,2016A000212,Units,300,thousands,3,v52300161,5,9.206,,,,3
2022-07,New Brunswick,2016A000213,Units,300,thousands,3,v52300162,6,5.454,,,,3
2022-07,Quebec,2016A000224,Units,300,thousands,3,v52300163,7,61.804,,,,3
2022-07,Ontario,2016A000235,Units,300,thousands,3,v52300164,8,97.166,,,,3
2022-07,Prairie provinces,2016A00014,Units,300,thousands,3,v52300165,9,52.539,,,,3
2022-07,Manitoba,2016A000246,Units,300,thousands,3,v52300166,10,7.567,,,,3
2022-07,Saskatchewan,2016A000247,Units,300,thousands,3,v52300167,11,3.592,,,,3
2022-07,Alberta,2016A000248,Units,300,thousands,3,v52300168,12,41.38,,,,3
2022-07,British Columbia,2016A000259,Units,300,thousands,3,v52300169,13,48.517,,,,3
2022-08,Canada,2016A000011124,Units,300,thousands,3,v52300157,1,266.521,,,,3
2022-08,Atlantic provinces,2016A00011,Units,300,thousands,3,v52300158,2,14.816,,,,3
2022-08,Newfoundland and Labrador,2016A000210,Units,300,thousands,3,v52300159,3,1.527,,,,3
2022-08,Prince Edward Island,2016A000211,Units,300,thousands,3,v52300160,4,1.238,,,,3
2022-08,Nova Scotia,2016A000212,Units,300,thousands,3,v52300161,5,5.806,,,,3
2022-08,New Brunswick,2016A000213,Units,300,thousands,3,v52300162,6,6.245,,,,3
2022-08,Quebec,2016A000224,Units,300,thousands,3,v52300163,7,55.535,,,,3
2022-08,Ontario,2016A000235,Units,300,thousands,3,v52300164,8,101.382,,,,3
2022-08,Prairie provinces,2016A00014,Units,300,thousands,3,v52300165,9,46.12,,,,3
2022-08,Manitoba,2016A000246,Units,300,thousands,3,v52300166,10,6.876,,,,3
2022-08,Saskatchewan,2016A000247,Units,300,thousands,3,v52300167,11,5.583,,,,3
2022-08,Alberta,2016A000248,Units,300,thousands,3,v52300168,12,33.661,,,,3
2022-08,British Columbia,2016A000259,Units,300,thousands,3,v52300169,13,48.668,,,,3
2022-09,Canada,2016A000011124,Units,300,thousands,3,v52300157,1,294.615,,,,3
2022-09,Atlantic provinces,2016A00011,Units,300,thousands,3,v52300158,2,10.334,,,,3
2022-09,Newfoundland and Labrador,2016A000210,Units,300,thousands,3,v52300159,3,1.09,,,,3
2022-09,Prince Edward Island,2016A000211,Units,300,thousands,3,v52300160,4,0.378,,,,3
2022-09,Nova Scotia,2016A000212,Units,300,thousands,3,v52300161,5,3.653,,,,3
2022-09,New Brunswick,2016A000213,Units,300,thousands,3,v52300162,6,5.213,,,,3
2022-09,Quebec,2016A000224,Units,300,thousands,3,v52300163,7,47.328,,,,3
2022-09,Ontario,2016A000235,Units,300,thousands,3,v52300164,8,134.514,,,,3
2022-09,Prairie provinces,2016A00014,Units,300,thousands,3,v52300165,9,49.003,,,,3
2022-09,Manitoba,2016A000246,Units,300,thousands,3,v52300166,10,4.999,,,,3
2022-09,Saskatchewan,2016A000247,Units,300,thousands,3,v52300167,11,3.031,,,,3
2022-09,Alberta,2016A000248,Units,300,thousands,3,v52300168,12,40.973,,,,3
2022-09,British Columbia,2016A000259,Units,300,thousands,3,v52300169,13,53.436,,,,3
2022-10,Canada,2016A000011124,Units,300,thousands,3,v52300157,1,261.632,,,,3
2022-10,Atlantic provinces,2016A00011,Units,300,thousands,3,v52300158,2,7.928,,,,3
2022-10,Newfoundland and Labrador,2016A000210,Units,300,thousands,3,v52300159,3,0.681,,,,3
2022-10,Prince Edward Island,2016A000211,Units,300,thousands,3,v52300160,4,1.078,,,,3
2022-10,Nova Scotia,2016A000212,Units,300,thousands,3,v52300161,5,3.633,,,,3
2022-10,New Brunswick,2016A000213,Units,300,thousands,3,v52300162,6,2.536,,,,3
2022-10,Quebec,2016A000224,Units,300,thousands,3,v52300163,7,55.272,,,,3
2022-10,Ontario,2016A000235,Units,300,thousands,3,v52300164,8,91.276,,,,3
2022-10,Prairie provinces,2016A00014,Units,300,thousands,3,v52300165,9,62.296,,,,3
2022-10,Manitoba,2016A000246,Units,300,thousands,3,v52300166,10,10.122,,,,3
2022-10,Saskatchewan,2016A000247,Units,300,thousands,3,v52300167,11,4.964,,,,3
2022-10,Alberta,2016A000248,Units,300,thousands,3,v52300168,12,47.21,,,,3
2022-10,British Columbia,2016A000259,Units,300,thousands,3,v52300169,13,44.86,,,,3
2022-11,Canada,2016A000011124,Units,300,thousands,3,v52300157,1,259.518,,,,3
2022-11,Atlantic provinces,2016A00011,Units,300,thousands,3,v52300158,2,16.412,,,,3
2022-11,Newfoundland and Labrador,2016A000210,Units,300,thousands,3,v52300159,3,0.784,,,,3
2022-11,Prince Edward Island,2016A000211,Units,300,thousands,3,v52300160,4,1.712,,,,3
2022-11,Nova Scotia,2016A000212,Units,300,thousands,3,v52300161,5,4.994,,,,3
2022-11,New Brunswick,2016A000213,Units,300,thousands,3,v52300162,6,8.922,,,,3
2022-11,Quebec,2016A000224,Units,300,thousands,3,v52300163,7,46.938,,,,3
2022-11,Ontario,2016A000235,Units,300,thousands,3,v52300164,8,101.844,,,,3
2022-11,Prairie provinces,2016A00014,Units,300,thousands,3,v52300165,9,45.846,,,,3
2022-11,Manitoba,2016A000246,Units,300,thousands,3,v52300166,10,11.35,,,,3
2022-11,Saskatchewan,2016A000247,Units,300,thousands,3,v52300167,11,2.768,,,,3
2022-11,Alberta,2016A000248,Units,300,thousands,3,v52300168,12,31.728,,,,3
2022-11,British Columbia,2016A000259,Units,300,thousands,3,v52300169,13,48.478,,,,3
2022-12,Canada,2016A000011124,Units,300,thousands,3,v52300157,1,252.115,,,,3
2022-12,Atlantic provinces,2016A00011,Units,300,thousands,3,v52300158,2,12.058,,,,3
2022-12,Newfoundland and Labrador,2016A000210,Units,300,thousands,3,v52300159,3,2.76,,,,3
2022-12,Prince Edward Island,2016A000211,Units,300,thousands,3,v52300160,4,1.012,,,,3
2022-12,Nova Scotia,2016A000212,Units,300,thousands,3,v52300161,5,5.645,,,,3
2022-12,New Brunswick,2016A000213,Units,300,thousands,3,v52300162,6,2.641,,,,3
2022-12,Quebec,2016A000224,Units,300,thousands,3,v52300163,7,36.873,,,,3
2022-12,Ontario,2016A000235,Units,300,thousands,3,v52300164,8,109.034,,,,3
2022-12,Prairie provinces,2016A00014,Units,300,thousands,3,v52300165,9,36.446,,,,3
2022-12,Manitoba,2016A000246,Units,300,thousands,3,v52300166,10,6.151,,,,3
2022-12,Saskatchewan,2016A000247,Units,300,thousands,3,v52300167,11,3.364,,,,3
2022-12,Alberta,2016A000248,Units,300,thousands,3,v52300168,12,26.931,,,,3
2022-12,British Columbia,2016A000259,Units,300,thousands,3,v52300169,13,57.704,,,,3
2023-01,Canada,2016A000011124,Units,300,thousands,3,v52300157,1,205.585,,,,3
2023-01,Atlantic provinces,2016A00011,Units,300,thousands,3,v52300158,2,8.11,,,,3
2023-01,Newfoundland and Labrador,2016A000210,Units,300,thousands,3,v52300159,3,0.798,,,,3
2023-01,Prince Edward Island,2016A000211,Units,300,thousands,3,v52300160,4,0.653,,,,3
2023-01,Nova Scotia,2016A000212,Units,300,thousands,3,v52300161,5,3.623,,,,3
2023-01,New Brunswick,2016A000213,Units,300,thousands,3,v52300162,6,3.036,,,,3
2023-01,Quebec,2016A000224,Units,300,thousands,3,v52300163,7,36.16,,,,3
2023-01,Ontario,2016A000235,Units,300,thousands,3,v52300164,8,74.935,,,,3
2023-01,Prairie provinces,2016A00014,Units,300,thousands,3,v52300165,9,35.466,,,,3
2023-01,Manitoba,2016A000246,Units,300,thousands,3,v52300166,10,5.474,,,,3
2023-01,Saskatchewan,2016A000247,Units,300,thousands,3,v52300167,11,2.406,,,,3
2023-01,Alberta,2016A000248,Units,300,thousands,3,v52300168,12,27.586,,,,3
2023-01,British Columbia,2016A000259,Units,300,thousands,3,v52300169,13,50.914,,,,3
2023-02,Canada,2016A000011124,Units,300,thousands,3,v52300157,1,245.474,,,,3
2023-02,Atlantic provinces,2016A00011,Units,300,thousands,3,v52300158,2,8.86,,,,3
2023-02,Newfoundland and Labrador,2016A000210,Units,300,thousands,3,v52300159,3,0.798,,,,3
2023-02,Prince Edward Island,2016A000211,Units,300,thousands,3,v52300160,4,0.703,,,,3
2023-02,Nova Scotia,2016A000212,Units,300,thousands,3,v52300161,5,4.658,,,,3
2023-02,New Brunswick,2016A000213,Units,300,thousands,3,v52300162,6,2.701,,,,3
2023-02,Quebec,2016A000224,Units,300,thousands,3,v52300163,7,51.344,,,,3
2023-02,Ontario,2016A000235,Units,300,thousands,3,v52300164,8,100.968,,,,3
2023-02,Prairie provinces,2016A00014,Units,300,thousands,3,v52300165,9,45.593,,,,3
2023-02,Manitoba,2016A000246,Units,300,thousands,3,v52300166,10,9.07,,,,3
2023-02,Saskatchewan,2016A000247,Units,300,thousands,3,v52300167,11,6.236,,,,3
2023-02,Alberta,2016A000248,Units,300,thousands,3,v52300168,12,30.287,,,,3
2023-02,British Columbia,2016A000259,Units,300,thousands,3,v52300169,13,38.709,,,,3
2023-03,Canada,2016A000011124,Units,300,thousands,3,v52300157,1,212.635,,,,3
2023-03,Atlantic provinces,2016A00011,Units,300,thousands,3,v52300158,2,8.491,,,,3
2023-03,Newfoundland and Labrador,2016A000210,Units,300,thousands,3,v52300159,3,0.766,,,,3
2023-03,Prince Edward Island,2016A000211,Units,300,thousands,3,v52300160,4,0.587,,,,3
2023-03,Nova Scotia,2016A000212,Units,300,thousands,3,v52300161,5,4.129,,,,3
2023-03,New Brunswick,2016A000213,Units,300,thousands,3,v52300162,6,3.009,,,,3
2023-03,Quebec,2016A000224,Units,300,thousands,3,v52300163,7,33.875,,,,3
2023-03,Ontario,2016A000235,Units,300,thousands,3,v52300164,8,79.111,,,,3
2023-03,Prairie provinces,2016A00014,Units,300,thousands,3,v52300165,9,38.27,,,,3
2023-03,Manitoba,2016A000246,Units,300,thousands,3,v52300166,10,8.228,,,,3
2023-03,Saskatchewan,2016A000247,Units,300,thousands,3,v52300167,11,3.11,,,,3
2023-03,Alberta,2016A000248,Units,300,thousands,3,v52300168,12,26.932,,,,3
2023-03,British Columbia,2016A000259,Units,300,thousands,3,v52300169,13,52.888,,,,3
2023-04,Canada,2016A000011124,Units,300,thousands,3,v52300157,1,259.258,,,,3
2023-04,Atlantic provinces,2016A00011,Units,300,thousands,3,v52300158,2,11.945,,,,3
2023-04,Newfoundland and Labrador,2016A000210,Units,300,thousands,3,v52300159,3,0.781,,,,3
2023-04,Prince Edward Island,2016A000211,Units,300,thousands,3,v52300160,4,0.98,,,,3
2023-04,Nova Scotia,2016A000212,Units,300,thousands,3,v52300161,5,4.619,,,,3
2023-04,New Brunswick,2016A000213,Units,300,thousands,3,v52300162,6,5.565,,,,3
2023-04,Quebec,2016A000224,Units,300,thousands,3,v52300163,7,39.082,,,,3
2023-04,Ontario,2016A000235,Units,300,thousands,3,v52300164,8,112.079,,,,3
2023-04,Prairie provinces,2016A00014,Units,300,thousands,3,v52300165,9,34.821,,,,3
2023-04,Manitoba,2016A000246,Units,300,thousands,3,v52300166,10,4.562,,,,3
2023-04,Saskatchewan,2016A000247,Units,300,thousands,3,v52300167,11,2.748,,,,3
2023-04,Alberta,2016A000248,Units,300,thousands,3,v52300168,12,27.511,,,,3
2023-04,British Columbia,2016A000259,Units,300,thousands,3,v52300169,13,61.331,,,,3
2023-05,Canada,2016A000011124,Units,300,thousands,3,v52300157,1,193.709,,,,3
2023-05,Atlantic provinces,2016A00011,Units,300,thousands,3,v52300158,2,11.145,,,,3
2023-05,Newfoundland and Labrador,2016A000210,Units,300,thousands,3,v52300159,3,0.742,,,,3
2023-05,Prince Edward Island,2016A000211,Units,300,thousands,3,v52300160,4,0.399,,,,3
2023-05,Nova Scotia,2016A000212,Units,300,thousands,3,v52300161,5,5.492,,,,3
2023-05,New Brunswick,2016A000213,Units,300,thousands,3,v52300162,6,4.512,,,,3
2023-05,Quebec,2016A000224,Units,300,thousands,3,v52300163,7,24.407,,,,3
2023-05,Ontario,2016A000235,Units,300,thousands,3,v52300164,8,70.197,,,,3
2023-05,Prairie provinces,2016A00014,Units,300,thousands,3,v52300165,9,47.086,,,,3
2023-05,Manitoba,2016A000246,Units,300,thousands,3,v52300166,10,7.668,,,,3
2023-05,Saskatchewan,2016A000247,Units,300,thousands,3,v52300167,11,2.657,,,,3
2023-05,Alberta,2016A000248,Units,300,thousands,3,v52300168,12,36.761,,,,3
2023-05,British Columbia,2016A000259,Units,300,thousands,3,v52300169,13,40.874,,,,3
2023-06,Canada,2016A000011124,Units,300,thousands,3,v52300157,1,282.657,,,,3
2023-06,Atlantic provinces,2016A00011,Units,300,thousands,3,v52300158,2,19.813,,,,3
2023-06,Newfoundland and Labrador,2016A000210,Units,300,thousands,3,v52300159,3,0.746,,,,3
2023-06,Prince Edward Island,2016A000211,Units,300,thousands,3,v52300160,4,0.581,,,,3
2023-06,Nova Scotia,2016A000212,Units,300,thousands,3,v52300161,5,13.888,,,,3
2023-06,New Brunswick,2016A000213,Units,300,thousands,3,v52300162,6,4.598,,,,3
2023-06,Quebec,2016A000224,Units,300,thousands,3,v52300163,7,35.78,,,,3
2023-06,Ontario,2016A000235,Units,300,thousands,3,v52300164,8,120.414,,,,3
2023-06,Prairie provinces,2016A00014,Units,300,thousands,3,v52300165,9,41.403,,,,3
2023-06,Manitoba,2016A000246,Units,300,thousands,3,v52300166,10,7.737,,,,3
2023-06,Saskatchewan,2016A000247,Units,300,thousands,3,v52300167,11,7.23,,,,3
2023-06,Alberta,2016A000248,Units,300,thousands,3,v52300168,12,26.436,,,,3
2023-06,British Columbia,2016A000259,Units,300,thousands,3,v52300169,13,65.247,,,,3
2023-07,Canada,2016A000011124,Units,300,thousands,3,v52300157,1,253.675,,,,3
2023-07,Atlantic provinces,2016A00011,Units,300,thousands,3,v52300158,2,13.056,,,,3
2023-07,Newfoundland and Labrador,2016A000210,Units,300,thousands,3,v52300159,3,1.201,,,,3
2023-07,Prince Edward Island,2016A000211,Units,300,thousands,3,v52300160,4,1.384,,,,3
2023-07,Nova Scotia,2016A000212,Units,300,thousands,3,v52300161,5,6.049,,,,3
2023-07,New Brunswick,2016A000213,Units,300,thousands,3,v52300162,6,4.422,,,,3
2023-07,Quebec,2016A000224,Units,300,thousands,3,v52300163,7,38.806,,,,3
2023-07,Ontario,2016A000235,Units,300,thousands,3,v52300164,8,98.294,,,,3
2023-07,Prairie provinces,2016A00014,Units,300,thousands,3,v52300165,9,55.205,,,,3
2023-07,Manitoba,2016A000246,Units,300,thousands,3,v52300166,10,10.443,,,,3
2023-07,Saskatchewan,2016A000247,Units,300,thousands,3,v52300167,11,5.845,,,,3
2023-07,Alberta,2016A000248,Units,300,thousands,3,v52300168,12,38.917,,,,3
2023-07,British Columbia,2016A000259,Units,300,thousands,3,v52300169,13,48.314,,,,3
2023-08,Canada,2016A000011124,Units,300,thousands,3,v52300157,1,250.814,,,,3
2023-08,Atlantic provinces,2016A00011,Units,300,thousands,3,v52300158,2,12.638,,,,3
2023-08,Newfoundland and Labrador,2016A000210,Units,300,thousands,3,v52300159,3,1.275,,,,3
2023-08,Prince Edward Island,2016A000211,Units,300,thousands,3,v52300160,4,1.554,,,,3
2023-08,Nova Scotia,2016A000212,Units,300,thousands,3,v52300161,5,3.178,,,,3
2023-08,New Brunswick,2016A000213,Units,300,thousands,3,v52300162,6,6.631,,,,3
2023-08,Quebec,2016A000224,Units,300,thousands,3,v52300163,7,53.978,,,,3
2023-08,Ontario,2016A000235,Units,300,thousands,3,v52300164,8,82.974,,,,3
2023-08,Prairie provinces,2016A00014,Units,300,thousands,3,v52300165,9,53.527,,,,3
2023-08,Manitoba,2016A000246,Units,300,thousands,3,v52300166,10,7.131,,,,3
2023-08,Saskatchewan,2016A000247,Units,300,thousands,3,v52300167,11,6.073,,,,3
2023-08,Alberta,2016A000248,Units,300,thousands,3,v52300168,12,40.323,,,,3
2023-08,British Columbia,2016A000259,Units,300,thousands,3,v52300169,13,47.697,,,,3
2023-09,Canada,2016A000011124,Units,300,thousands,3,v52300157,1,268.451,,,,3
2023-09,Atlantic provinces,2016A00011,Units,300,thousands,3,v52300158,2,16.96,,,,3
2023-09,Newfoundland and Labrador,2016A000210,Units,300,thousands,3,v52300159,3,1.394,,,,3
2023-09,Prince Edward Island,2016A000211,Units,300,thousands,3,v52300160,4,0.387,,,,3
2023-09,Nova Scotia,2016A000212,Units,300,thousands,3,v52300161,5,9.103,,,,3
2023-09,New Brunswick,2016A000213,Units,300,thousands,3,v52300162,6,6.076,,,,3
2023-09,Quebec,2016A000224,Units,300,thousands,3,v52300163,7,54.264,,,,3
2023-09,Ontario,2016A000235,Units,300,thousands,3,v52300164,8,101.172,,,,3
2023-09,Prairie provinces,2016A00014,Units,300,thousands,3,v52300165,9,56.914,,,,3
2023-09,Manitoba,2016A000246,Units,300,thousands,3,v52300166,10,5.138,,,,3
2023-09,Saskatchewan,2016A000247,Units,300,thousands,3,v52300167,11,3.171,,,,3
2023-09,Alberta,2016A000248,Units,300,thousands,3,v52300168,12,48.605,,,,3
2023-09,British Columbia,2016A000259,Units,300,thousands,3,v52300169,13,39.141,,,,3
2023-10,Canada,2016A000011124,Units,300,thousands,3,v52300157,1,270.322,,,,3
2023-10,Atlantic provinces,2016A00011,Units,300,thousands,3,v52300158,2,17.528,,,,3
2023-10,Newfoundland and Labrador,2016A000210,Units,300,thousands,3,v52300159,3,0.967,,,,3
2023-10,Prince Edward Island,2016A000211,Units,300,thousands,3,v52300160,4,1.225,,,,3
2023-10,Nova Scotia,2016A000212,Units,300,thousands,3,v52300161,5,10.15,,,,3
2023-10,New Brunswick,2016A000213,Units,300,thousands,3,v52300162,6,5.186,,,,3
2023-10,Quebec,2016A000224,Units,300,thousands,3,v52300163,7,41.577,,,,3
2023-10,Ontario,2016A000235,Units,300,thousands,3,v52300164,8,101.871,,,,3
2023-10,Prairie provinces,2016A00014,Units,300,thousands,3,v52300165,9,48.903,,,,3
2023-10,Manitoba,2016A000246,Units,300,thousands,3,v52300166,10,3.507,,,,3
2023-10,Saskatchewan,2016A000247,Units,300,thousands,3,v52300167,11,4.168,,,,3
2023-10,Alberta,2016A000248,Units,300,thousands,3,v52300168,12,41.228,,,,3
2023-10,British Columbia,2016A000259,Units,300,thousands,3,v52300169,13,60.443,,,,3
2023-11,Canada,2016A000011124,Units,300,thousands,3,v52300157,1,207.569,,,,3
2023-11,Atlantic provinces,2016A00011,Units,300,thousands,3,v52300158,2,20.439,,,,3
2023-11,Newfoundland and Labrador,2016A000210,Units,300,thousands,3,v52300159,3,0.827,,,,3
2023-11,Prince Edward Island,2016A000211,Units,300,thousands,3,v52300160,4,0.809,,,,3
2023-11,Nova Scotia,2016A000212,Units,300,thousands,3,v52300161,5,12.871,,,,3
2023-11,New Brunswick,2016A000213,Units,300,thousands,3,v52300162,6,5.932,,,,3
2023-11,Quebec,2016A000224,Units,300,thousands,3,v52300163,7,27.455,,,,3
2023-11,Ontario,2016A000235,Units,300,thousands,3,v52300164,8,63.449,,,,3
2023-11,Prairie provinces,2016A00014,Units,300,thousands,3,v52300165,9,56.709,,,,3
2023-11,Manitoba,2016A000246,Units,300,thousands,3,v52300166,10,8.954,,,,3
2023-11,Saskatchewan,2016A000247,Units,300,thousands,3,v52300167,11,5.629,,,,3
2023-11,Alberta,2016A000248,Units,300,thousands,3,v52300168,12,42.126,,,,3
2023-11,British Columbia,2016A000259,Units,300,thousands,3,v52300169,13,39.517,,,,3
2023-12,Canada,2016A000011124,Units,300,thousands,3,v52300157,1,253.86,,,,3
2023-12,Atlantic provinces,2016A00011,Units,300,thousands,3,v52300158,2,15.098,,,,3
2023-12,Newfoundland and Labrador,2016A000210,Units,300,thousands,3,v52300159,3,1.214,,,,3
2023-12,Prince Edward Island,2016A000211,Units,300,thousands,3,v52300160,4,0.695,,,,3
2023-12,Nova Scotia,2016A000212,Units,300,thousands,3,v52300161,5,7.988,,,,3
2023-12,New Brunswick,2016A000213,Units,300,thousands,3,v52300162,6,5.201,,,,3
2023-12,Quebec,2016A000224,Units,300,thousands,3,v52300163,7,46.966,,,,3
2023-12,Ontario,2016A000235,Units,300,thousands,3,v52300164,8,71.249,,,,3
2023-12,Prairie provinces,2016A00014,Units,300,thousands,3,v52300165,9,57.999,,,,3
2023-12,Manitoba,2016A000246,Units,300,thousands,3,v52300166,10,7.488,,,,3
2023-12,Saskatchewan,2016A000247,Units,300,thousands,3,v52300167,11,5.892,,,,3
2023-12,Alberta,2016A000248,Units,300,thousands,3,v52300168,12,44.619,,,,3
2023-12,British Columbia,2016A000259,Units,300,thousands,3,v52300169,13,62.548,,,,3
2024-01,Canada,2016A000011124,Units,300,thousands,3,v52300157,1,228.574,,,,3
2024-01,Atlantic provinces,2016A00011,Units,300,thousands,3,v52300158,2,15.148,,,,3
2024-01,Newfoundland and Labrador,2016A000210,Units,300,thousands,3,v52300159,3,2.393,,,,3
2024-01,Prince Edward Island,2016A000211,Units,300,thousands,3,v52300160,4,1.448,,,,3
2024-01,Nova Scotia,2016A000212,Units,300,thousands,3,v52300161,5,6.929,,,,3
2024-01,New Brunswick,2016A000213,Units,300,thousands,3,v52300162,6,4.378,,,,3
2024-01,Quebec,2016A000224,Units,300,thousands,3,v52300163,7,50.245,,,,3
2024-01,Ontario,2016A000235,Units,300,thousands,3,v52300164,8,82.214,,,,3
2024-01,Prairie provinces,2016A00014,Units,300,thousands,3,v52300165,9,50.109,,,,3
2024-01,Manitoba,2016A000246,Units,300,thousands,3,v52300166,10,4.777,,,,3
2024-01,Saskatchewan,2016A000247,Units,300,thousands,3,v52300167,11,3.427,,,,3
2024-01,Alberta,2016A000248,Units,300,thousands,3,v52300168,12,41.905,,,,3
2024-01,British Columbia,2016A000259,Units,300,thousands,3,v52300169,13,30.858,,,,3
2024-02,Canada,2016A000011124,Units,300,thousands,3,v52300157,1,263.539,,,,3
2024-02,Atlantic provinces,2016A00011,Units,300,thousands,3,v52300158,2,20.552,,,,3
2024-02,Newfoundland and Labrador,2016A000210,Units,300,thousands,3,v52300159,3,1.294,,,,3
2024-02,Prince Edward Island,2016A000211,Units,300,thousands,3,v52300160,4,0.554,,,,3
2024-02,Nova Scotia,2016A000212,Units,300,thousands,3,v52300161,5,13.126,,,,3
2024-02,New Brunswick,2016A000213,Units,300,thousands,3,v52300162,6,5.578,,,,3
2024-02,Quebec,2016A000224,Units,300,thousands,3,v52300163,7,50.606,,,,3
2024-02,Ontario,2016A000235,Units,300,thousands,3,v52300164,8,88.504,,,,3
2024-02,Prairie provinces,2016A00014,Units,300,thousands,3,v52300165,9,57.068,,,,3
2024-02,Manitoba,2016A000246,Units,300,thousands,3,v52300166,10,5.202,,,,3
2024-02,Saskatchewan,2016A000247,Units,300,thousands,3,v52300167,11,3.189,,,,3
2024-02,Alberta,2016A000248,Units,300,thousands,3,v52300168,12,48.677,,,,3
2024-02,British Columbia,2016A000259,Units,300,thousands,3,v52300169,13,46.809,,,,3
2024-03,Canada,2016A000011124,Units,300,thousands,3,v52300157,1,242.514,,,,3
2024-03,Atlantic provinces,2016A00011,Units,300,thousands,3,v52300158,2,13.047,,,,3
2024-03,Newfoundland and Labrador,2016A000210,Units,300,thousands,3,v52300159,3,0.933,,,,3
2024-03,Prince Edward Island,2016A000211,Units,300,thousands,3,v52300160,4,1.191,,,,3
2024-03,Nova Scotia,2016A000212,Units,300,thousands,3,v52300161,5,8.509,,,,3
2024-03,New Brunswick,2016A000213,Units,300,thousands,3,v52300162,6,2.414,,,,3
2024-03,Quebec,2016A000224,Units,300,thousands,3,v52300163,7,46.498,,,,3
2024-03,Ontario,2016A000235,Units,300,thousands,3,v52300164,8,72.915,,,,3
2024-03,Prairie provinces,2016A00014,Units,300,thousands,3,v52300165,9,48.926,,,,3
2024-03,Manitoba,2016A000246,Units,300,thousands,3,v52300166,10,5.503,,,,3
2024-03,Saskatchewan,2016A000247,Units,300,thousands,3,v52300167,11,3.35,,,,3
2024-03,Alberta,2016A000248,Units,300,thousands,3,v52300168,12,40.073,,,,3
2024-03,British Columbia,2016A000259,Units,300,thousands,3,v52300169,13,61.128,,,,3
2024-04,Canada,2016A000011124,Units,300,thousands,3,v52300157,1,240.347,,,,3
2024-04,Atlantic provinces,2016A00011,Units,300,thousands,3,v52300158,2,13.913,,,,3
2024-04,Newfoundland and Labrador,2016A000210,Units,300,thousands,3,v52300159,3,1.273,,,,3
2024-04,Prince Edward Island,2016A000211,Units,300,thousands,3,v52300160,4,0.485,,,,3
2024-04,Nova Scotia,2016A000212,Units,300,thousands,3,v52300161,5,7.826,,,,3
2024-04,New Brunswick,2016A000213,Units,300,thousands,3,v52300162,6,4.329,,,,3
2024-04,Quebec,2016A000224,Units,300,thousands,3,v52300163,7,38.648,,,,3
2024-04,Ontario,2016A000235,Units,300,thousands,3,v52300164,8,73.9,,,,3
2024-04,Prairie provinces,2016A00014,Units,300,thousands,3,v52300165,9,59.216,,,,3
2024-04,Manitoba,2016A000246,Units,300,thousands,3,v52300166,10,9.033,,,,3
2024-04,Saskatchewan,2016A000247,Units,300,thousands,3,v52300167,11,4.249,,,,3
2024-04,Alberta,2016A000248,Units,300,thousands,3,v52300168,12,45.934,,,,3
2024-04,British Columbia,2016A000259,Units,300,thousands,3,v52300169,13,54.67,,,,3
2024-05,Canada,2016A000011124,Units,300,thousands,3,v52300157,1,258.456,,,,3
2024-05,Atlantic provinces,2016A00011,Units,300,thousands,3,v52300158,2,20.529,,,,3
2024-05,Newfoundland and Labrador,2016A000210,Units,300,thousands,3,v52300159,3,1.211,,,,3
2024-05,Prince Edward Island,2016A000211,Units,300,thousands,3,v52300160,4,1.794,,,,3
2024-05,Nova Scotia,2016A000212,Units,300,thousands,3,v52300161,5,8.849,,,,3
2024-05,New Brunswick,2016A000213,Units,300,thousands,3,v52300162,6,8.675,,,,3
2024-05,Quebec,2016A000224,Units,300,thousands,3,v52300163,7,49.911,,,,3
2024-05,Ontario,2016A000235,Units,300,thousands,3,v52300164,8,87.512,,,,3
2024-05,Prairie provinces,2016A00014,Units,300,thousands,3,v52300165,9,54.336,,,,3
2024-05,Manitoba,2016A000246,Units,300,thousands,3,v52300166,10,3.988,,,,3
2024-05,Saskatchewan,2016A000247,Units,300,thousands,3,v52300167,11,1.841,,,,3
2024-05,Alberta,2016A000248,Units,300,thousands,3,v52300168,12,48.507,,,,3
2024-05,British Columbia,2016A000259,Units,300,thousands,3,v52300169,13,46.168,,,,3
2024-06,Canada,2016A000011124,Units,300,thousands,3,v52300157,1,246.101,,,,3
2024-06,Atlantic provinces,2016A00011,Units,300,thousands,3,v52300158,2,20.651,,,,3
2024-06,Newfoundland and Labrador,2016A000210,Units,300,thousands,3,v52300159,3,1.752,,,,3
2024-06,Prince Edward Island,2016A000211,Units,300,thousands,3,v52300160,4,0.813,,,,3
2024-06,Nova Scotia,2016A000212,Units,300,thousands,3,v52300161,5,11.738,,,,3
2024-06,New Brunswick,2016A000213,Units,300,thousands,3,v52300162,6,6.348,,,,3
2024-06,Quebec,2016A000224,Units,300,thousands,3,v52300163,7,60.387,,,,3
2024-06,Ontario,2016A000235,Units,300,thousands,3,v52300164,8,66.846,,,,3
2024-06,Prairie provinces,2016A00014,Units,300,thousands,3,v52300165,9,57.477,,,,3
2024-06,Manitoba,2016A000246,Units,300,thousands,3,v52300166,10,10.315,,,,3
2024-06,Saskatchewan,2016A000247,Units,300,thousands,3,v52300167,11,4.683,,,,3
2024-06,Alberta,2016A000248,Units,300,thousands,3,v52300168,12,42.479,,,,3
2024-06,British Columbia,2016A000259,Units,300,thousands,3,v52300169,13,40.74,,,,3
2024-07,Canada,2016A000011124,Units,300,thousands,3,v52300157,1,276.475,,,,3
2024-07,Atlantic provinces,2016A00011,Units,300,thousands,3,v52300158,2,15.66,,,,3
2024-07,Newfoundland and Labrador,2016A000210,Units,300,thousands,3,v52300159,3,1.541,,,,3
2024-07,Prince Edward Island,2016A000211,Units,300,thousands,3,v52300160,4,2.806,,,,3
2024-07,Nova Scotia,2016A000212,Units,300,thousands,3,v52300161,5,6.342,,,,3
2024-07,New Brunswick,2016A000213,Units,300,thousands,3,v52300162,6,4.971,,,,3
2024-07,Quebec,2016A000224,Units,300,thousands,3,v52300163,7,35.874,,,,3
2024-07,Ontario,2016A000235,Units,300,thousands,3,v52300164,8,107.034,,,,3
2024-07,Prairie provinces,2016A00014,Units,300,thousands,3,v52300165,9,69.101,,,,3
2024-07,Manitoba,2016A000246,Units,300,thousands,3,v52300166,10,10.281,,,,3
2024-07,Saskatchewan,2016A000247,Units,300,thousands,3,v52300167,11,7.572,,,,3
2024-07,Alberta,2016A000248,Units,300,thousands,3,v52300168,12,51.248,,,,3
2024-07,British Columbia,2016A000259,Units,300,thousands,3,v52300169,13,48.806,,,,3
2024-08,Canada,2016A000011124,Units,300,thousands,3,v52300157,1,215.421,,,,3
2024-08,Atlantic provinces,2016A00011,Units,300,thousands,3,v52300158,2,16.619,,,,3
2024-08,Newfoundland and Labrador,2016A000210,Units,300,thousands,3,v52300159,3,1.977,,,,3
2024-08,Prince Edward Island,2016A000211,Units,300,thousands,3,v52300160,4,1.084,,,,3
2024-08,Nova Scotia,2016A000212,Units,300,thousands,3,v52300161,5,4.003,,,,3
2024-08,New Brunswick,2016A000213,Units,300,thousands,3,v52300162,6,9.555,,,,3
2024-08,Quebec,2016A000224,Units,300,thousands,3,v52300163,7,43.783,,,,3
2024-08,Ontario,2016A000235,Units,300,thousands,3,v52300164,8,60.948,,,,3
2024-08,Prairie provinces,2016A00014,Units,300,thousands,3,v52300165,9,59.79,,,,3
2024-08,Manitoba,2016A000246,Units,300,thousands,3,v52300166,10,8.06,,,,3
2024-08,Saskatchewan,2016A000247,Units,300,thousands,3,v52300167,11,3.477,,,,3
2024-08,Alberta,2016A000248,Units,300,thousands,3,v52300168,12,48.253,,,,3
2024-08,British Columbia,2016A000259,Units,300,thousands,3,v52300169,13,34.281,,,,3
2024-09,Canada,2016A000011124,Units,300,thousands,3,v52300157,1,226.91,,,,3
2024-09,Atlantic provinces,2016A00011,Units,300,thousands,3,v52300158,2,16.15,,,,3
2024-09,Newfoundland and Labrador,2016A000210,Units,300,thousands,3,v52300159,3,1.733,,,,3
2024-09,Prince Edward Island,2016A000211,Units,300,thousands,3,v52300160,4,0.71,,,,3
2024-09,Nova Scotia,2016A000212,Units,300,thousands,3,v52300161,5,4.778,,,,3
2024-09,New Brunswick,2016A000213,Units,300,thousands,3,v52300162,6,8.929,,,,3
2024-09,Quebec,2016A000224,Units,300,thousands,3,v52300163,7,44.128,,,,3
2024-09,Ontario,2016A000235,Units,300,thousands,3,v52300164,8,64.573,,,,3
2024-09,Prairie provinces,2016A00014,Units,300,thousands,3,v52300165,9,58.243,,,,3
2024-09,Manitoba,2016A000246,Units,300,thousands,3,v52300166,10,6.027,,,,3
2024-09,Saskatchewan,2016A000247,Units,300,thousands,3,v52300167,11,6.032,,,,3
2024-09,Alberta,2016A000248,Units,300,thousands,3,v52300168,12,46.184,,,,3
2024-09,British Columbia,2016A000259,Units,300,thousands,3,v52300169,13,43.816,,,,3
2024-10,Canada,2016A000011124,Units,300,thousands,3,v52300157,1,243.732,,,,3
2024-10,Atlantic provinces,2016A00011,Units,300,thousands,3,v52300158,2,13.986,,,,3
2024-10,Newfoundland and Labrador,2016A000210,Units,300,thousands,3,v52300159,3,1.875,,,,3
2024-10,Prince Edward Island,2016A000211,Units,300,thousands,3,v52300160,4,1.773,,,,3
2024-10,Nova Scotia,2016A000212,Units,300,thousands,3,v52300161,5,4.589,,,,3
2024-10,New Brunswick,2016A000213,Units,300,thousands,3,v52300162,6,5.749,,,,3
2024-10,Quebec,2016A000224,Units,300,thousands,3,v52300163,7,53.474,,,,3
2024-10,Ontario,2016A000235,Units,300,thousands,3,v52300164,8,65.094,,,,3
2024-10,Prairie provinces,2016A00014,Units,300,thousands,3,v52300165,9,67.547,,,,3
2024-10,Manitoba,2016A000246,Units,300,thousands,3,v52300166,10,9.118,,,,3
2024-10,Saskatchewan,2016A000247,Units,300,thousands,3,v52300167,11,4.715,,,,3
2024-10,Alberta,2016A000248,Units,300,thousands,3,v52300168,12,53.714,,,,3
2024-10,British Columbia,2016A000259,Units,300,thousands,3,v52300169,13,43.631,,,,3
2024-11,Canada,2016A000011124,Units,300,thousands,3,v52300157,1,262.93,,,,3
2024-11,Atlantic provinces,2016A00011,Units,300,thousands,3,v52300158,2,16.38,,,,3
2024-11,Newfoundland and Labrador,2016A000210,Units,300,thousands,3,v52300159,3,1.969,,,,3
2024-11,Prince Edward Island,2016A000211,Units,300,thousands,3,v52300160,4,0.482,,,,3
2024-11,Nova Scotia,2016A000212,Units,300,thousands,3,v52300161,5,6.322,,,,3
2024-11,New Brunswick,2016A000213,Units,300,thousands,3,v52300162,6,7.607,,,,3
2024-11,Quebec,2016A000224,Units,300,thousands,3,v52300163,7,60.826,,,,3
2024-11,Ontario,2016A000235,Units,300,thousands,3,v52300164,8,59.703,,,,3
2024-11,Prairie provinces,2016A00014,Units,300,thousands,3,v52300165,9,74.618,,,,3
2024-11,Manitoba,2016A000246,Units,300,thousands,3,v52300166,10,8.58,,,,3
2024-11,Saskatchewan,2016A000247,Units,300,thousands,3,v52300167,11,5.227,,,,3
2024-11,Alberta,2016A000248,Units,300,thousands,3,v52300168,12,60.811,,,,3
2024-11,British Columbia,2016A000259,Units,300,thousands,3,v52300169,13,51.403,,,,3
2024-12,Canada,2016A000011124,Units,300,thousands,3,v52300157,1,232.639,,,,3
2024-12,Atlantic provinces,2016A00011,Units,300,thousands,3,v52300158,2,15.647,,,,3
2024-12,Newfoundland and Labrador,2016A000210,Units,300,thousands,3,v52300159,3,1.906,,,,3
2024-12,Prince Edward Island,2016A000211,Units,300,thousands,3,v52300160,4,1.687,,,,3
2024-12,Nova Scotia,2016A000212,Units,300,thousands,3,v52300161,5,6.001,,,,3
2024-12,New Brunswick,2016A000213,Units,300,thousands,3,v52300162,6,6.053,,,,3
2024-12,Quebec,2016A000224,Units,300,thousands,3,v52300163,7,51.206,,,,3
2024-12,Ontario,2016A000235,Units,300,thousands,3,v52300164,8,64.531,,,,3
2024-12,Prairie provinces,2016A00014,Units,300,thousands,3,v52300165,9,54.017,,,,3
2024-12,Manitoba,2016A000246,Units,300,thousands,3,v52300166,10,5.565,,,,3
2024-12,Saskatchewan,2016A000247,Units,300,thousands,3,v52300167,11,3.682,,,,3
2024-12,Alberta,2016A000248,Units,300,thousands,3,v52300168,12,44.77,,,,3
2024-12,British Columbia,2016A000259,Units,300,thousands,3,v52300169,13,47.238,,,,3
2025-01,Canada,2016A000011124,Units,300,thousands,3,v52300157,1,233.83,,,,3
2025-01,Atlantic provinces,2016A00011,Units,300,thousands,3,v52300158,2,16.316,,,,3
2025-01,Newfoundland and Labrador,2016A000210,Units,300,thousands,3,v52300159,3,1.37,,,,3
2025-01,Prince Edward Island,2016A000211,Units,300,thousands,3,v52300160,4,3.425,,,,3
2025-01,Nova Scotia,2016A000212,Units,300,thousands,3,v52300161,5,8.493,,,,3
2025-01,New Brunswick,2016A000213,Units,300,thousands,3,v52300162,6,3.028,,,,3
2025-01,Quebec,2016A000224,Units,300,thousands,3,v52300163,7,62.73,,,,3
2025-01,Ontario,2016A000235,Units,300,thousands,3,v52300164,8,58.473,,,,3
2025-01,Prairie provinces,2016A00014,Units,300,thousands,3,v52300165,9,57.084,,,,3
2025-01,Manitoba,2016A000246,Units,300,thousands,3,v52300166,10,5.75,,,,3
2025-01,Saskatchewan,2016A000247,Units,300,thousands,3,v52300167,11,3.489,,,,3
2025-01,Alberta,2016A000248,Units,300,thousands,3,v52300168,12,47.845,,,,3
2025-01,British Columbia,2016A000259,Units,300,thousands,3,v52300169,13,39.227,,,,3
2025-02,Canada,2016A000011124,Units,300,thousands,3,v52300157,1,222.448,,,,3
2025-02,Atlantic provinces,2016A00011,Units,300,thousands,3,v52300158,2,16.626,,,,3
2025-02,Newfoundland and Labrador,2016A000210,Units,300,thousands,3,v52300159,3,1.216,,,,3
2025-02,Prince Edward Island,2016A000211,Units,300,thousands,3,v52300160,4,1.349,,,,3
2025-02,Nova Scotia,2016A000212,Units,300,thousands,3,v52300161,5,7.624,,,,3
2025-02,New Brunswick,2016A000213,Units,300,thousands,3,v52300162,6,6.437,,,,3
2025-02,Quebec,2016A000224,Units,300,thousands,3,v52300163,7,51.716,,,,3
2025-02,Ontario,2016A000235,Units,300,thousands,3,v52300164,8,56.986,,,,3
2025-02,Prairie provinces,2016A00014,Units,300,thousands,3,v52300165,9,67.229,,,,3
2025-02,Manitoba,2016A000246,Units,300,thousands,3,v52300166,10,4.58,,,,3
2025-02,Saskatchewan,2016A000247,Units,300,thousands,3,v52300167,11,6.518,,,,3
2025-02,Alberta,2016A000248,Units,300,thousands,3,v52300168,12,56.131,,,,3
2025-02,British Columbia,2016A000259,Units,300,thousands,3,v52300169,13,29.891,,,,3
2025-03,Canada,2016A000011124,Units,300,thousands,3,v52300157,1,214.494,,,,3
2025-03,Atlantic provinces,2016A00011,Units,300,thousands,3,v52300158,2,16.301,,,,3
2025-03,Newfoundland and Labrador,2016A000210,Units,300,thousands,3,v52300159,3,1.158,,,,3
2025-03,Prince Edward Island,2016A000211,Units,300,thousands,3,v52300160,4,0.751,,,,3
2025-03,Nova Scotia,2016A000212,Units,300,thousands,3,v52300161,5,7.611,,,,3
2025-03,New Brunswick,2016A000213,Units,300,thousands,3,v52300162,6,6.781,,,,3
2025-03,Quebec,2016A000224,Units,300,thousands,3,v52300163,7,58.178,,,,3
2025-03,Ontario,2016A000235,Units,300,thousands,3,v52300164,8,39.007,,,,3
2025-03,Prairie provinces,2016A00014,Units,300,thousands,3,v52300165,9,69.641,,,,3
2025-03,Manitoba,2016A000246,Units,300,thousands,3,v52300166,10,8.444,,,,3
2025-03,Saskatchewan,2016A000247,Units,300,thousands,3,v52300167,11,8.251,,,,3
2025-03,Alberta,2016A000248,Units,300,thousands,3,v52300168,12,52.946,,,,3
2025-03,British Columbia,2016A000259,Units,300,thousands,3,v52300169,13,31.367,,,,3
2025-04,Canada,2016A000011124,Units,300,thousands,3,v52300157,1,281.826,,,,3
2025-04,Atlantic provinces,2016A00011,Units,300,thousands,3,v52300158,2,21.943,,,,3
2025-04,Newfoundland and Labrador,2016A000210,Units,300,thousands,3,v52300159,3,2.073,,,,3
2025-04,Prince Edward Island,2016A000211,Units,300,thousands,3,v52300160,4,2.22,,,,3
2025-04,Nova Scotia,2016A000212,Units,300,thousands,3,v52300161,5,13.6,,,,3
2025-04,New Brunswick,2016A000213,Units,300,thousands,3,v52300162,6,4.05,,,,3
2025-04,Quebec,2016A000224,Units,300,thousands,3,v52300163,7,57.084,,,,3
2025-04,Ontario,2016A000235,Units,300,thousands,3,v52300164,8,69.882,,,,3
2025-04,Prairie provinces,2016A00014,Units,300,thousands,3,v52300165,9,78.131,,,,3
2025-04,Manitoba,2016A000246,Units,300,thousands,3,v52300166,10,6.68,,,,3
2025-04,Saskatchewan,2016A000247,Units,300,thousands,3,v52300167,11,7.886,,,,3
2025-04,Alberta,2016A000248,Units,300,thousands,3,v52300168,12,63.565,,,,3
2025-04,British Columbia,2016A000259,Units,300,thousands,3,v52300169,13,54.786,,,,3
2025-05,Canada,2016A000011124,Units,300,thousands,3,v52300157,1,278.701,,,,3
2025-05,Atlantic provinces,2016A00011,Units,300,thousands,3,v52300158,2,20.352,,,,3
2025-05,Newfoundland and Labrador,2016A000210,Units,300,thousands,3,v52300159,3,1.583,,,,3
2025-05,Prince Edward Island,2016A000211,Units,300,thousands,3,v52300160,4,0.589,,,,3
2025-05,Nova Scotia,2016A000212,Units,300,thousands,3,v52300161,5,9.587,,,,3
2025-05,New Brunswick,2016A000213,Units,300,thousands,3,v52300162,6,8.593,,,,3
2025-05,Quebec,2016A000224,Units,300,thousands,3,v52300163,7,63.398,,,,3
2025-05,Ontario,2016A000235,Units,300,thousands,3,v52300164,8,72.263,,,,3
2025-05,Prairie provinces,2016A00014,Units,300,thousands,3,v52300165,9,83.678,,,,3
2025-05,Manitoba,2016A000246,Units,300,thousands,3,v52300166,10,9.011,,,,3
2025-05,Saskatchewan,2016A000247,Units,300,thousands,3,v52300167,11,5.706,,,,3
2025-05,Alberta,2016A000248,Units,300,thousands,3,v52300168,12,68.961,,,,3
2025-05,British Columbia,2016A000259,Units,300,thousands,3,v52300169,13,39.01,,,,3
2025-06,Canada,2016A000011124,Units,300,thousands,3,v52300157,1,284.165,,,,3
2025-06,Atlantic provinces,2016A00011,Units,300,thousands,3,v52300158,2,20.937,,,,3
2025-06,Newfoundland and Labrador,2016A000210,Units,300,thousands,3,v52300159,3,1.677,,,,3
2025-06,Prince Edward Island,2016A000211,Units,300,thousands,3,v52300160,4,0.757,,,,3
2025-06,Nova Scotia,2016A000212,Units,300,thousands,3,v52300161,5,9.237,,,,3
2025-06,New Brunswick,2016A000213,Units,300,thousands,3,v52300162,6,9.266,,,,3
2025-06,Quebec,2016A000224,Units,300,thousands,3,v52300163,7,59.222,,,,3
2025-06,Ontario,2016A000235,Units,300,thousands,3,v52300164,8,62.757,,,,3
2025-06,Prairie provinces,2016A00014,Units,300,thousands,3,v52300165,9,74.011,,,,3
2025-06,Manitoba,2016A000246,Units,300,thousands,3,v52300166,10,5.737,,,,3
2025-06,Saskatchewan,2016A000247,Units,300,thousands,3,v52300167,11,4.958,,,,3
2025-06,Alberta,2016A000248,Units,300,thousands,3,v52300168,12,63.316,,,,3
2025-06,British Columbia,2016A000259,Units,300,thousands,3,v52300169,13,67.238,,,,3
2025-07,Canada,2016A000011124,Units,300,thousands,3,v52300157,1,293.877,,,,3
2025-07,Atlantic provinces,2016A00011,Units,300,thousands,3,v52300158,2,34.238,,,,3
2025-07,Newfoundland and Labrador,2016A000210,Units,300,thousands,3,v52300159,3,1.507,,,,3
2025-07,Prince Edward Island,2016A000211,Units,300,thousands,3,v52300160,4,3.76,,,,3
2025-07,Nova Scotia,2016A000212,Units,300,thousands,3,v52300161,5,17.816,,,,3
2025-07,New Brunswick,2016A000213,Units,300,thousands,3,v52300162,6,11.155,,,,3
2025-07,Quebec,2016A000224,Units,300,thousands,3,v52300163,7,62.337,,,,3
2025-07,Ontario,2016A000235,Units,300,thousands,3,v52300164,8,76.723,,,,3
2025-07,Prairie provinces,2016A00014,Units,300,thousands,3,v52300165,9,62.946,,,,3
2025-07,Manitoba,2016A000246,Units,300,thousands,3,v52300166,10,6.655,,,,3
2025-07,Saskatchewan,2016A000247,Units,300,thousands,3,v52300167,11,5.229,,,,3
2025-07,Alberta,2016A000248,Units,300,thousands,3,v52300168,12,51.062,,,,3
2025-07,British Columbia,2016A000259,Units,300,thousands,3,v52300169,13,57.633,,,,3
2025-08,Canada,2016A000011124,Units,300,thousands,3,v52300157,1,244.294,,,,3
2025-08,Atlantic provinces,2016A00011,Units,300,thousands,3,v52300158,2,21.453,,,,3
2025-08,Newfoundland and Labrador,2016A000210,Units,300,thousands,3,v52300159,3,1.167,,,,3
2025-08,Prince Edward Island,2016A000211,Units,300,thousands,3,v52300160,4,3.03,,,,3
2025-08,Nova Scotia,2016A000212,Units,300,thousands,3,v52300161,5,7.667,,,,3
2025-08,New Brunswick,2016A000213,Units,300,thousands,3,v52300162,6,9.589,,,,3
2025-08,Quebec,2016A000224,Units,300,thousands,3,v52300163,7,55.762,,,,3
2025-08,Ontario,2016A000235,Units,300,thousands,3,v52300164,8,57.91,,,,3
2025-08,Prairie provinces,2016A00014,Units,300,thousands,3,v52300165,9,62.175,,,,3
2025-08,Manitoba,2016A000246,Units,300,thousands,3,v52300166,10,10.102,,,,3
2025-08,Saskatchewan,2016A000247,Units,300,thousands,3,v52300167,11,5.004,,,,3
2025-08,Alberta,2016A000248,Units,300,thousands,3,v52300168,12,47.069,,,,3
2025-08,British Columbia,2016A000259,Units,300,thousands,3,v52300169,13,46.994,,,,3
2025-09,Canada,2016A000011124,Units,300,thousands,3,v52300157,1,280.669,,,,3
2025-09,Atlantic provinces,2016A00011,Units,300,thousands,3,v52300158,2,16.664,,,,3
2025-09,Newfoundland and Labrador,2016A000210,Units,300,thousands,3,v52300159,3,1.529,,,,3
2025-09,Prince Edward Island,2016A000211,Units,300,thousands,3,v52300160,4,1.223,,,,3
2025-09,Nova Scotia,2016A000212,Units,300,thousands,3,v52300161,5,6.573,,,,3
2025-09,New Brunswick,2016A000213,Units,300,thousands,3,v52300162,6,7.339,,,,3
2025-09,Quebec,2016A000224,Units,300,thousands,3,v52300163,7,60.646,,,,3
2025-09,Ontario,2016A000235,Units,300,thousands,3,v52300164,8,89.888,,,,3
2025-09,Prairie provinces,2016A00014,Units,300,thousands,3,v52300165,9,75.887,,,,3
2025-09,Manitoba,2016A000246,Units,300,thousands,3,v52300166,10,12.043,,,,3
2025-09,Saskatchewan,2016A000247,Units,300,thousands,3,v52300167,11,8.95,,,,3
2025-09,Alberta,2016A000248,Units,300,thousands,3,v52300168,12,54.894,,,,3
2025-09,British Columbia,2016A000259,Units,300,thousands,3,v52300169,13,37.584,,,,3
2025-10,Canada,2016A000011124,Units,300,thousands,3,v52300157,1,231.239,,,,3
2025-10,Atlantic provinces,2016A00011,Units,300,thousands,3,v52300158,2,18.814,,,,3
2025-10,Newfoundland and Labrador,2016A000210,Units,300,thousands,3,v52300159,3,1.727,,,,3
2025-10,Prince Edward Island,2016A000211,Units,300,thousands,3,v52300160,4,1.326,,,,3
2025-10,Nova Scotia,2016A000212,Units,300,thousands,3,v52300161,5,9.149,,,,3
2025-10,New Brunswick,2016A000213,Units,300,thousands,3,v52300162,6,6.612,,,,3
2025-10,Quebec,2016A000224,Units,300,thousands,3,v52300163,7,58.739,,,,3
2025-10,Ontario,2016A000235,Units,300,thousands,3,v52300164,8,44.704,,,,3
2025-10,Prairie provinces,2016A00014,Units,300,thousands,3,v52300165,9,72.948,,,,3
2025-10,Manitoba,2016A000246,Units,300,thousands,3,v52300166,10,6.773,,,,3
2025-10,Saskatchewan,2016A000247,Units,300,thousands,3,v52300167,11,8.069,,,,3
2025-10,Alberta,2016A000248,Units,300,thousands,3,v52300168,12,58.106,,,,3
2025-10,British Columbia,2016A000259,Units,300,thousands,3,v52300169,13,36.034,,,,3
2025-11,Canada,2016A000011124,Units,300,thousands,3,v52300157,1,253.191,,,,3
2025-11,Atlantic provinces,2016A00011,Units,300,thousands,3,v52300158,2,23.989,,,,3
2025-11,Newfoundland and Labrador,2016A000210,Units,300,thousands,3,v52300159,3,2.229,,,,3
2025-11,Prince Edward Island,2016A000211,Units,300,thousands,3,v52300160,4,0.568,,,,3
2025-11,Nova Scotia,2016A000212,Units,300,thousands,3,v52300161,5,8.278,,,,3
2025-11,New Brunswick,2016A000213,Units,300,thousands,3,v52300162,6,12.914,,,,3
2025-11,Quebec,2016A000224,Units,300,thousands,3,v52300163,7,59.324,,,,3
2025-11,Ontario,2016A000235,Units,300,thousands,3,v52300164,8,56.954,,,,3
2025-11,Prairie provinces,2016A00014,Units,300,thousands,3,v52300165,9,71.418,,,,3
2025-11,Manitoba,2016A000246,Units,300,thousands,3,v52300166,10,14.388,,,,3
2025-11,Saskatchewan,2016A000247,Units,300,thousands,3,v52300167,11,3.395,,,,3
2025-11,Alberta,2016A000248,Units,300,thousands,3,v52300168,12,53.635,,,,3
2025-11,British Columbia,2016A000259,Units,300,thousands,3,v52300169,13,41.506,,,,3
2025-12,Canada,2016A000011124,Units,300,thousands,3,v52300157,1,282.023,,,,3
2025-12,Atlantic provinces,2016A00011,Units,300,thousands,3,v52300158,2,20.489,,,,3
2025-12,Newfoundland and Labrador,2016A000210,Units,300,thousands,3,v52300159,3,1.594,,,,3
2025-12,Prince Edward Island,2016A000211,Units,300,thousands,3,v52300160,4,1.616,,,,3
2025-12,Nova Scotia,2016A000212,Units,300,thousands,3,v52300161,5,11.408,,,,3
2025-12,New Brunswick,2016A000213,Units,300,thousands,3,v52300162,6,5.871,,,,3
2025-12,Quebec,2016A000224,Units,300,thousands,3,v52300163,7,63.651,,,,3
2025-12,Ontario,2016A000235,Units,300,thousands,3,v52300164,8,96.666,,,,3
2025-12,Prairie provinces,2016A00014,Units,300,thousands,3,v52300165,9,53.039,,,,3
2025-12,Manitoba,2016A000246,Units,300,thousands,3,v52300166,10,4.406,,,,3
2025-12,Saskatchewan,2016A000247,Units,300,thousands,3,v52300167,11,5.926,,,,3
2025-12,Alberta,2016A000248,Units,300,thousands,3,v52300168,12,42.707,,,,3
2025-12,British Columbia,2016A000259,Units,300,thousands,3,v52300169,13,48.178,,,,3
2026-01,Canada,2016A000011124,Units,300,thousands,3,v52300157,1,236.778,,,,3
2026-01,Atlantic provinces,2016A00011,Units,300,thousands,3,v52300158,2,18.15,,,,3
2026-01,Newfoundland and Labrador,2016A000210,Units,300,thousands,3,v52300159,3,1.831,,,,3
2026-01,Prince Edward Island,2016A000211,Units,300,thousands,3,v52300160,4,1.918,,,,3
2026-01,Nova Scotia,2016A000212,Units,300,thousands,3,v52300161,5,6.087,,,,3
2026-01,New Brunswick,2016A000213,Units,300,thousands,3,v52300162,6,8.314,,,,3
2026-01,Quebec,2016A000224,Units,300,thousands,3,v52300163,7,42.231,,,,3
2026-01,Ontario,2016A000235,Units,300,thousands,3,v52300164,8,67.98,,,,3
2026-01,Prairie provinces,2016A00014,Units,300,thousands,3,v52300165,9,55.006,,,,3
2026-01,Manitoba,2016A000246,Units,300,thousands,3,v52300166,10,4.721,,,,3
2026-01,Saskatchewan,2016A000247,Units,300,thousands,3,v52300167,11,3.573,,,,3
2026-01,Alberta,2016A000248,Units,300,thousands,3,v52300168,12,46.712,,,,3
2026-01,British Columbia,2016A000259,Units,300,thousands,3,v52300169,13,53.411,,,,3
2026-02,Canada,2016A000011124,Units,300,thousands,3,v52300157,1,248.831,,,,3
2026-02,Atlantic provinces,2016A00011,Units,300,thousands,3,v52300158,2,17.401,,,,3
2026-02,Newfoundland and Labrador,2016A000210,Units,300,thousands,3,v52300159,3,1.592,,,,3
2026-02,Prince Edward Island,2016A000211,Units,300,thousands,3,v52300160,4,1.976,,,,3
2026-02,Nova Scotia,2016A000212,Units,300,thousands,3,v52300161,5,7.609,,,,3
2026-02,New Brunswick,2016A000213,Units,300,thousands,3,v52300162,6,6.224,,,,3
2026-02,Quebec,2016A000224,Units,300,thousands,3,v52300163,7,57.227,,,,3
2026-02,Ontario,2016A000235,Units,300,thousands,3,v52300164,8,69.843,,,,3
2026-02,Prairie provinces,2016A00014,Units,300,thousands,3,v52300165,9,59.592,,,,3
2026-02,Manitoba,2016A000246,Units,300,thousands,3,v52300166,10,9.387,,,,3
2026-02,Saskatchewan,2016A000247,Units,300,thousands,3,v52300167,11,5.761,,,,3
2026-02,Alberta,2016A000248,Units,300,thousands,3,v52300168,12,44.444,,,,3
2026-02,British Columbia,2016A000259,Units,300,thousands,3,v52300169,13,44.768,,,,3
2026-03,Canada,2016A000011124,Units,300,thousands,3,v52300157,1,239.571,,,,3
2026-03,Atlantic provinces,2016A00011,Units,300,thousands,3,v52300158,2,15.5,,,,3
2026-03,Newfoundland and Labrador,2016A000210,Units,300,thousands,3,v52300159,3,1.129,,,,3
2026-03,Prince Edward Island,2016A000211,Units,300,thousands,3,v52300160,4,1.777,,,,3
2026-03,Nova Scotia,2016A000212,Units,300,thousands,3,v52300161,5,5.228,,,,3
2026-03,New Brunswick,2016A000213,Units,300,thousands,3,v52300162,6,7.366,,,,3
2026-03,Quebec,2016A000224,Units,300,thousands,3,v52300163,7,87.986,,,,3
2026-03,Ontario,2016A000235,Units,300,thousands,3,v52300164,8,52.749,,,,3
2026-03,Prairie provinces,2016A00014,Units,300,thousands,3,v52300165,9,52.705,,,,3
2026-03,Manitoba,2016A000246,Units,300,thousands,3,v52300166,10,8.94,,,,3
2026-03,Saskatchewan,2016A000247,Units,300,thousands,3,v52300167,11,3.131,,,,3
2026-03,Alberta,2016A000248,Units,300,thousands,3,v52300168,12,40.634,,,,3
2026-03,British Columbia,2016A000259,Units,300,thousands,3,v52300169,13,30.631,,,,3
2026-04,Canada,2016A000011124,Units,300,thousands,3,v52300157,1,271.501,,,,3
2026-04,Atlantic provinces,2016A00011,Units,300,thousands,3,v52300158,2,15.966,,,,3
2026-04,Newfoundland and Labrador,2016A000210,Units,300,thousands,3,v52300159,3,2.853,,,,3
2026-04,Prince Edward Island,2016A000211,Units,300,thousands,3,v52300160,4,1.95,,,,3
2026-04,Nova Scotia,2016A000212,Units,300,thousands,3,v52300161,5,5.147,,,,3
2026-04,New Brunswick,2016A000213,Units,300,thousands,3,v52300162,6,6.016,,,,3
2026-04,Quebec,2016A000224,Units,300,thousands,3,v52300163,7,59.096,,,,3
2026-04,Ontario,2016A000235,Units,300,thousands,3,v52300164,8,82.483,,,,3
2026-04,Prairie provinces,2016A00014,Units,300,thousands,3,v52300165,9,57.206,,,,3
2026-04,Manitoba,2016A000246,Units,300,thousands,3,v52300166,10,10.891,,,,3
2026-04,Saskatchewan,2016A000247,Units,300,thousands,3,v52300167,11,8.07,,,,3
2026-04,Alberta,2016A000248,Units,300,thousands,3,v52300168,12,38.245,,,,3
2026-04,British Columbia,2016A000259,Units,300,thousands,3,v52300169,13,56.75,,,,3
2026-05,Canada,2016A000011124,Units,300,thousands,3,v52300157,1,253.083,,,,3
2026-05,Atlantic provinces,2016A00011,Units,300,thousands,3,v52300158,2,21.373,,,,3
2026-05,Newfoundland and Labrador,2016A000210,Units,300,thousands,3,v52300159,3,1.328,,,,3
2026-05,Prince Edward Island,2016A000211,Units,300,thousands,3,v52300160,4,2.931,,,,3
2026-05,Nova Scotia,2016A000212,Units,300,thousands,3,v52300161,5,12.122,,,,3
2026-05,New Brunswick,2016A000213,Units,300,thousands,3,v52300162,6,4.992,,,,3
2026-05,Quebec,2016A000224,Units,300,thousands,3,v52300163,7,49.573,,,,3
2026-05,Ontario,2016A000235,Units,300,thousands,3,v52300164,8,67.85,,,,3
2026-05,Prairie provinces,2016A00014,Units,300,thousands,3,v52300165,9,76.735,,,,3
2026-05,Manitoba,2016A000246,Units,300,thousands,3,v52300166,10,9.808,,,,3
2026-05,Saskatchewan,2016A000247,Units,300,thousands,3,v52300167,11,8.985,,,,3
2026-05,Alberta,2016A000248,Units,300,thousands,3,v52300168,12,57.942,,,,3
2026-05,British Columbia,2016A000259,Units,300,thousands,3,v52300169,13,37.552,,,,3
2026-06,Canada,2016A000011124,Units,300,thousands,3,v52300157,1,238.971,,,,3
2026-06,Atlantic provinces,2016A00011,Units,300,thousands,3,v52300158,2,15.153,,,,3
2026-06,Newfoundland and Labrador,2016A000210,Units,300,thousands,3,v52300159,3,1.694,,,,3
2026-06,Prince Edward Island,2016A000211,Units,300,thousands,3,v52300160,4,1.379,,,,3
2026-06,Nova Scotia,2016A000212,Units,300,thousands,3,v52300161,5,6.392,,,,3
2026-06,New Brunswick,2016A000213,Units,300,thousands,3,v52300162,6,5.688,,,,3
2026-06,Quebec,2016A000224,Units,300,thousands,3,v52300163,7,53.448,,,,3
2026-06,Ontario,2016A000235,Units,300,thousands,3,v52300164,8,60.291,,,,3
2026-06,Prairie provinces,2016A00014,Units,300,thousands,3,v52300165,9,74.301,,,,3
2026-06,Manitoba,2016A000246,Units,300,thousands,3,v52300166,10,11.894,,,,3
2026-06,Saskatchewan,2016A000247,Units,300,thousands,3,v52300167,11,10.136,,,,3
2026-06,Alberta,2016A000248,Units,300,thousands,3,v52300168,12,52.271,,,,3
2026-06,British Columbia,2016A000259,Units,300,thousands,3,v52300169,13,35.778,,,,3
